scenario,scenario_tag,method,series_seed,margin,n_true,n_pred,precision,recall,f1,mae,roc_auc,pr_auc,time_s
"D=0.5, white",D05_white,SWAB,1000,25,5,6,0.166667,0.2,0.181818,21.0,,,0.0126
"D=0.5, white",D05_white,SWAB,1000,50,5,6,0.333333,0.4,0.363636,29.0,,,0.0126
"D=0.5, white",D05_white,SWAB,1000,100,5,6,0.5,0.6,0.545455,44.0,,,0.0126
"D=0.5, white",D05_white,SWAB,1001,25,1,1,0.0,0.0,0.0,9999.0,,,0.1152
"D=0.5, white",D05_white,SWAB,1001,50,1,1,0.0,0.0,0.0,9999.0,,,0.1152
"D=0.5, white",D05_white,SWAB,1001,100,1,1,0.0,0.0,0.0,9999.0,,,0.1152
"D=0.5, white",D05_white,SWAB,1002,25,1,0,0.0,0.0,0.0,9999.0,,,0.0531
"D=0.5, white",D05_white,SWAB,1002,50,1,0,0.0,0.0,0.0,9999.0,,,0.0531
"D=0.5, white",D05_white,SWAB,1002,100,1,0,0.0,0.0,0.0,9999.0,,,0.0531
"D=0.5, white",D05_white,SWAB,1003,25,3,0,0.0,0.0,0.0,9999.0,,,0.0125
"D=0.5, white",D05_white,SWAB,1003,50,3,0,0.0,0.0,0.0,9999.0,,,0.0125
"D=0.5, white",D05_white,SWAB,1003,100,3,0,0.0,0.0,0.0,9999.0,,,0.0125
"D=0.5, white",D05_white,SWAB,1004,25,3,0,0.0,0.0,0.0,9999.0,,,0.0135
"D=0.5, white",D05_white,SWAB,1004,50,3,0,0.0,0.0,0.0,9999.0,,,0.0135
"D=0.5, white",D05_white,SWAB,1004,100,3,0,0.0,0.0,0.0,9999.0,,,0.0135
"D=0.5, white",D05_white,SWAB,1005,25,3,3,0.333333,0.333333,0.333333,21.0,,,0.0236
"D=0.5, white",D05_white,SWAB,1005,50,3,3,0.333333,0.333333,0.333333,21.0,,,0.0236
"D=0.5, white",D05_white,SWAB,1005,100,3,3,0.666667,0.666667,0.666667,48.0,,,0.0236
"D=0.5, white",D05_white,SWAB,1006,25,1,0,0.0,0.0,0.0,9999.0,,,0.0125
"D=0.5, white",D05_white,SWAB,1006,50,1,0,0.0,0.0,0.0,9999.0,,,0.0125
"D=0.5, white",D05_white,SWAB,1006,100,1,0,0.0,0.0,0.0,9999.0,,,0.0125
"D=0.5, white",D05_white,SWAB,1007,25,1,0,0.0,0.0,0.0,9999.0,,,0.0165
"D=0.5, white",D05_white,SWAB,1007,50,1,0,0.0,0.0,0.0,9999.0,,,0.0165
"D=0.5, white",D05_white,SWAB,1007,100,1,0,0.0,0.0,0.0,9999.0,,,0.0165
"D=0.5, white",D05_white,SWAB,1008,25,3,4,0.0,0.0,0.0,9999.0,,,0.0168
"D=0.5, white",D05_white,SWAB,1008,50,3,4,0.25,0.333333,0.285714,28.0,,,0.0168
"D=0.5, white",D05_white,SWAB,1008,100,3,4,0.5,0.666667,0.571429,47.0,,,0.0168
"D=0.5, white",D05_white,SWAB,1009,25,3,0,0.0,0.0,0.0,9999.0,,,0.0216
"D=0.5, white",D05_white,SWAB,1009,50,3,0,0.0,0.0,0.0,9999.0,,,0.0216
"D=0.5, white",D05_white,SWAB,1009,100,3,0,0.0,0.0,0.0,9999.0,,,0.0216
"D=0.5, white",D05_white,SWAB,1010,25,3,4,0.0,0.0,0.0,9999.0,,,0.0231
"D=0.5, white",D05_white,SWAB,1010,50,3,4,0.25,0.333333,0.285714,37.0,,,0.0231
"D=0.5, white",D05_white,SWAB,1010,100,3,4,0.5,0.666667,0.571429,49.0,,,0.0231
"D=0.5, white",D05_white,SWAB,1011,25,3,3,0.0,0.0,0.0,9999.0,,,0.027
"D=0.5, white",D05_white,SWAB,1011,50,3,3,0.333333,0.333333,0.333333,32.0,,,0.027
"D=0.5, white",D05_white,SWAB,1011,100,3,3,0.666667,0.666667,0.666667,48.0,,,0.027
"D=0.5, white",D05_white,SWAB,1012,25,1,2,0.0,0.0,0.0,9999.0,,,0.0166
"D=0.5, white",D05_white,SWAB,1012,50,1,2,0.0,0.0,0.0,9999.0,,,0.0166
"D=0.5, white",D05_white,SWAB,1012,100,1,2,0.0,0.0,0.0,9999.0,,,0.0166
"D=0.5, white",D05_white,SWAB,1013,25,3,0,0.0,0.0,0.0,9999.0,,,0.0122
"D=0.5, white",D05_white,SWAB,1013,50,3,0,0.0,0.0,0.0,9999.0,,,0.0122
"D=0.5, white",D05_white,SWAB,1013,100,3,0,0.0,0.0,0.0,9999.0,,,0.0122
"D=0.5, white",D05_white,SWAB,1014,25,3,3,0.333333,0.333333,0.333333,20.0,,,0.0163
"D=0.5, white",D05_white,SWAB,1014,50,3,3,0.333333,0.333333,0.333333,20.0,,,0.0163
"D=0.5, white",D05_white,SWAB,1014,100,3,3,0.333333,0.333333,0.333333,20.0,,,0.0163
"D=0.5, white",D05_white,SWAB,1015,25,1,0,0.0,0.0,0.0,9999.0,,,0.016
"D=0.5, white",D05_white,SWAB,1015,50,1,0,0.0,0.0,0.0,9999.0,,,0.016
"D=0.5, white",D05_white,SWAB,1015,100,1,0,0.0,0.0,0.0,9999.0,,,0.016
"D=0.5, white",D05_white,SWAB,1016,25,3,2,0.0,0.0,0.0,9999.0,,,0.0145
"D=0.5, white",D05_white,SWAB,1016,50,3,2,0.0,0.0,0.0,9999.0,,,0.0145
"D=0.5, white",D05_white,SWAB,1016,100,3,2,0.5,0.333333,0.4,78.0,,,0.0145
"D=0.5, white",D05_white,SWAB,1017,25,1,0,0.0,0.0,0.0,9999.0,,,0.014
"D=0.5, white",D05_white,SWAB,1017,50,1,0,0.0,0.0,0.0,9999.0,,,0.014
"D=0.5, white",D05_white,SWAB,1017,100,1,0,0.0,0.0,0.0,9999.0,,,0.014
"D=0.5, white",D05_white,SWAB,1018,25,1,1,0.0,0.0,0.0,9999.0,,,0.0201
"D=0.5, white",D05_white,SWAB,1018,50,1,1,0.0,0.0,0.0,9999.0,,,0.0201
"D=0.5, white",D05_white,SWAB,1018,100,1,1,0.0,0.0,0.0,9999.0,,,0.0201
"D=0.5, white",D05_white,SWAB,1019,25,1,0,0.0,0.0,0.0,9999.0,,,0.0216
"D=0.5, white",D05_white,SWAB,1019,50,1,0,0.0,0.0,0.0,9999.0,,,0.0216
"D=0.5, white",D05_white,SWAB,1019,100,1,0,0.0,0.0,0.0,9999.0,,,0.0216
"D=0.5, white",D05_white,SWAB,1020,25,1,0,0.0,0.0,0.0,9999.0,,,0.0125
"D=0.5, white",D05_white,SWAB,1020,50,1,0,0.0,0.0,0.0,9999.0,,,0.0125
"D=0.5, white",D05_white,SWAB,1020,100,1,0,0.0,0.0,0.0,9999.0,,,0.0125
"D=0.5, white",D05_white,SWAB,1021,25,1,0,0.0,0.0,0.0,9999.0,,,0.0141
"D=0.5, white",D05_white,SWAB,1021,50,1,0,0.0,0.0,0.0,9999.0,,,0.0141
"D=0.5, white",D05_white,SWAB,1021,100,1,0,0.0,0.0,0.0,9999.0,,,0.0141
"D=0.5, white",D05_white,SWAB,1022,25,3,3,0.333333,0.333333,0.333333,5.0,,,0.015
"D=0.5, white",D05_white,SWAB,1022,50,3,3,0.333333,0.333333,0.333333,5.0,,,0.015
"D=0.5, white",D05_white,SWAB,1022,100,3,3,0.666667,0.666667,0.666667,44.5,,,0.015
"D=0.5, white",D05_white,SWAB,1023,25,3,4,0.25,0.333333,0.285714,21.0,,,0.014
"D=0.5, white",D05_white,SWAB,1023,50,3,4,0.25,0.333333,0.285714,21.0,,,0.014
"D=0.5, white",D05_white,SWAB,1023,100,3,4,0.25,0.333333,0.285714,21.0,,,0.014
"D=0.5, white",D05_white,SWAB,1024,25,5,5,0.0,0.0,0.0,9999.0,,,0.017
"D=0.5, white",D05_white,SWAB,1024,50,5,5,0.2,0.2,0.2,30.0,,,0.017
"D=0.5, white",D05_white,SWAB,1024,100,5,5,0.6,0.6,0.6,55.0,,,0.017
"D=0.5, white",D05_white,SWAB,1025,25,1,0,0.0,0.0,0.0,9999.0,,,0.0221
"D=0.5, white",D05_white,SWAB,1025,50,1,0,0.0,0.0,0.0,9999.0,,,0.0221
"D=0.5, white",D05_white,SWAB,1025,100,1,0,0.0,0.0,0.0,9999.0,,,0.0221
"D=0.5, white",D05_white,SWAB,1026,25,1,0,0.0,0.0,0.0,9999.0,,,0.02
"D=0.5, white",D05_white,SWAB,1026,50,1,0,0.0,0.0,0.0,9999.0,,,0.02
"D=0.5, white",D05_white,SWAB,1026,100,1,0,0.0,0.0,0.0,9999.0,,,0.02
"D=0.5, white",D05_white,SWAB,1027,25,3,2,0.0,0.0,0.0,9999.0,,,0.0161
"D=0.5, white",D05_white,SWAB,1027,50,3,2,0.0,0.0,0.0,9999.0,,,0.0161
"D=0.5, white",D05_white,SWAB,1027,100,3,2,0.0,0.0,0.0,9999.0,,,0.0161
"D=0.5, white",D05_white,SWAB,1028,25,5,8,0.125,0.2,0.153846,2.0,,,0.0135
"D=0.5, white",D05_white,SWAB,1028,50,5,8,0.25,0.4,0.307692,23.0,,,0.0135
"D=0.5, white",D05_white,SWAB,1028,100,5,8,0.5,0.8,0.615385,47.25,,,0.0135
"D=0.5, white",D05_white,SWAB,1029,25,3,3,0.0,0.0,0.0,9999.0,,,0.0145
"D=0.5, white",D05_white,SWAB,1029,50,3,3,0.333333,0.333333,0.333333,36.0,,,0.0145
"D=0.5, white",D05_white,SWAB,1029,100,3,3,0.666667,0.666667,0.666667,47.5,,,0.0145
"D=0.5, white",D05_white,SWAB,1030,25,3,2,0.0,0.0,0.0,9999.0,,,0.0131
"D=0.5, white",D05_white,SWAB,1030,50,3,2,0.0,0.0,0.0,9999.0,,,0.0131
"D=0.5, white",D05_white,SWAB,1030,100,3,2,0.0,0.0,0.0,9999.0,,,0.0131
"D=0.5, white",D05_white,SWAB,1031,25,1,1,0.0,0.0,0.0,9999.0,,,0.0136
"D=0.5, white",D05_white,SWAB,1031,50,1,1,0.0,0.0,0.0,9999.0,,,0.0136
"D=0.5, white",D05_white,SWAB,1031,100,1,1,0.0,0.0,0.0,9999.0,,,0.0136
"D=0.5, white",D05_white,SWAB,1032,25,1,1,0.0,0.0,0.0,9999.0,,,0.0126
"D=0.5, white",D05_white,SWAB,1032,50,1,1,0.0,0.0,0.0,9999.0,,,0.0126
"D=0.5, white",D05_white,SWAB,1032,100,1,1,0.0,0.0,0.0,9999.0,,,0.0126
"D=0.5, white",D05_white,SWAB,1033,25,1,0,0.0,0.0,0.0,9999.0,,,0.0116
"D=0.5, white",D05_white,SWAB,1033,50,1,0,0.0,0.0,0.0,9999.0,,,0.0116
"D=0.5, white",D05_white,SWAB,1033,100,1,0,0.0,0.0,0.0,9999.0,,,0.0116
"D=0.5, white",D05_white,SWAB,1034,25,1,0,0.0,0.0,0.0,9999.0,,,0.0121
"D=0.5, white",D05_white,SWAB,1034,50,1,0,0.0,0.0,0.0,9999.0,,,0.0121
"D=0.5, white",D05_white,SWAB,1034,100,1,0,0.0,0.0,0.0,9999.0,,,0.0121
"D=0.5, white",D05_white,SWAB,1035,25,3,0,0.0,0.0,0.0,9999.0,,,0.0136
"D=0.5, white",D05_white,SWAB,1035,50,3,0,0.0,0.0,0.0,9999.0,,,0.0136
"D=0.5, white",D05_white,SWAB,1035,100,3,0,0.0,0.0,0.0,9999.0,,,0.0136
"D=0.5, white",D05_white,SWAB,1036,25,3,3,0.333333,0.333333,0.333333,3.0,,,0.0151
"D=0.5, white",D05_white,SWAB,1036,50,3,3,0.333333,0.333333,0.333333,3.0,,,0.0151
"D=0.5, white",D05_white,SWAB,1036,100,3,3,0.666667,0.666667,0.666667,47.0,,,0.0151
"D=0.5, white",D05_white,SWAB,1037,25,3,2,0.5,0.333333,0.4,1.0,,,0.0131
"D=0.5, white",D05_white,SWAB,1037,50,3,2,0.5,0.333333,0.4,1.0,,,0.0131
"D=0.5, white",D05_white,SWAB,1037,100,3,2,0.5,0.333333,0.4,1.0,,,0.0131
"D=0.5, white",D05_white,SWAB,1038,25,1,0,0.0,0.0,0.0,9999.0,,,0.0131
"D=0.5, white",D05_white,SWAB,1038,50,1,0,0.0,0.0,0.0,9999.0,,,0.0131
"D=0.5, white",D05_white,SWAB,1038,100,1,0,0.0,0.0,0.0,9999.0,,,0.0131
"D=0.5, white",D05_white,SWAB,1039,25,1,0,0.0,0.0,0.0,9999.0,,,0.0129
"D=0.5, white",D05_white,SWAB,1039,50,1,0,0.0,0.0,0.0,9999.0,,,0.0129
"D=0.5, white",D05_white,SWAB,1039,100,1,0,0.0,0.0,0.0,9999.0,,,0.0129
"D=0.5, white",D05_white,SWAB,1040,25,1,0,0.0,0.0,0.0,9999.0,,,0.0118
"D=0.5, white",D05_white,SWAB,1040,50,1,0,0.0,0.0,0.0,9999.0,,,0.0118
"D=0.5, white",D05_white,SWAB,1040,100,1,0,0.0,0.0,0.0,9999.0,,,0.0118
"D=0.5, white",D05_white,SWAB,1041,25,1,0,0.0,0.0,0.0,9999.0,,,0.0125
"D=0.5, white",D05_white,SWAB,1041,50,1,0,0.0,0.0,0.0,9999.0,,,0.0125
"D=0.5, white",D05_white,SWAB,1041,100,1,0,0.0,0.0,0.0,9999.0,,,0.0125
"D=0.5, white",D05_white,SWAB,1042,25,1,0,0.0,0.0,0.0,9999.0,,,0.0136
"D=0.5, white",D05_white,SWAB,1042,50,1,0,0.0,0.0,0.0,9999.0,,,0.0136
"D=0.5, white",D05_white,SWAB,1042,100,1,0,0.0,0.0,0.0,9999.0,,,0.0136
"D=0.5, white",D05_white,SWAB,1043,25,3,1,0.0,0.0,0.0,9999.0,,,0.0116
"D=0.5, white",D05_white,SWAB,1043,50,3,1,0.0,0.0,0.0,9999.0,,,0.0116
"D=0.5, white",D05_white,SWAB,1043,100,3,1,0.0,0.0,0.0,9999.0,,,0.0116
"D=0.5, white",D05_white,SWAB,1044,25,3,5,0.0,0.0,0.0,9999.0,,,0.0126
"D=0.5, white",D05_white,SWAB,1044,50,3,5,0.4,0.666667,0.5,48.0,,,0.0126
"D=0.5, white",D05_white,SWAB,1044,100,3,5,0.4,0.666667,0.5,48.0,,,0.0126
"D=0.5, white",D05_white,SWAB,1045,25,1,2,0.0,0.0,0.0,9999.0,,,0.0146
"D=0.5, white",D05_white,SWAB,1045,50,1,2,0.0,0.0,0.0,9999.0,,,0.0146
"D=0.5, white",D05_white,SWAB,1045,100,1,2,0.0,0.0,0.0,9999.0,,,0.0146
"D=0.5, white",D05_white,SWAB,1046,25,1,1,0.0,0.0,0.0,9999.0,,,0.0155
"D=0.5, white",D05_white,SWAB,1046,50,1,1,0.0,0.0,0.0,9999.0,,,0.0155
"D=0.5, white",D05_white,SWAB,1046,100,1,1,0.0,0.0,0.0,9999.0,,,0.0155
"D=0.5, white",D05_white,SWAB,1047,25,3,2,0.0,0.0,0.0,9999.0,,,0.016
"D=0.5, white",D05_white,SWAB,1047,50,3,2,0.0,0.0,0.0,9999.0,,,0.016
"D=0.5, white",D05_white,SWAB,1047,100,3,2,0.0,0.0,0.0,9999.0,,,0.016
"D=0.5, white",D05_white,SWAB,1048,25,7,3,0.333333,0.142857,0.2,19.0,,,0.017
"D=0.5, white",D05_white,SWAB,1048,50,7,3,0.333333,0.142857,0.2,19.0,,,0.017
"D=0.5, white",D05_white,SWAB,1048,100,7,3,0.666667,0.285714,0.4,48.0,,,0.017
"D=0.5, white",D05_white,SWAB,1049,25,3,0,0.0,0.0,0.0,9999.0,,,0.0175
"D=0.5, white",D05_white,SWAB,1049,50,3,0,0.0,0.0,0.0,9999.0,,,0.0175
"D=0.5, white",D05_white,SWAB,1049,100,3,0,0.0,0.0,0.0,9999.0,,,0.0175
"D=1, white",D10_white,SWAB,1000,25,39,14,0.571429,0.205128,0.301887,12.375,,,0.0135
"D=1, white",D10_white,SWAB,1000,50,39,14,0.928571,0.333333,0.490566,22.0769,,,0.0135
"D=1, white",D10_white,SWAB,1000,100,39,14,1.0,0.358974,0.528302,27.1429,,,0.0135
"D=1, white",D10_white,SWAB,1001,25,35,12,0.75,0.257143,0.382979,9.7778,,,0.013
"D=1, white",D10_white,SWAB,1001,50,35,12,0.833333,0.285714,0.425532,12.3,,,0.013
"D=1, white",D10_white,SWAB,1001,100,35,12,0.916667,0.314286,0.468085,18.2727,,,0.013
"D=1, white",D10_white,SWAB,1002,25,43,14,0.642857,0.209302,0.315789,9.4444,,,0.013
"D=1, white",D10_white,SWAB,1002,50,43,14,0.857143,0.27907,0.421053,15.6667,,,0.013
"D=1, white",D10_white,SWAB,1002,100,43,14,1.0,0.325581,0.491228,26.3571,,,0.013
"D=1, white",D10_white,SWAB,1003,25,43,11,0.363636,0.093023,0.148148,13.5,,,0.013
"D=1, white",D10_white,SWAB,1003,50,43,11,0.727273,0.186047,0.296296,23.5,,,0.013
"D=1, white",D10_white,SWAB,1003,100,43,11,0.909091,0.232558,0.37037,34.6,,,0.013
"D=1, white",D10_white,SWAB,1004,25,45,14,0.642857,0.2,0.305085,13.7778,,,0.014
"D=1, white",D10_white,SWAB,1004,50,45,14,0.857143,0.266667,0.40678,20.8333,,,0.014
"D=1, white",D10_white,SWAB,1004,100,45,14,1.0,0.311111,0.474576,29.7143,,,0.014
"D=1, white",D10_white,SWAB,1005,25,37,14,0.428571,0.162162,0.235294,12.6667,,,0.014
"D=1, white",D10_white,SWAB,1005,50,37,14,0.785714,0.297297,0.431373,24.1818,,,0.014
"D=1, white",D10_white,SWAB,1005,100,37,14,0.928571,0.351351,0.509804,34.4615,,,0.014
"D=1, white",D10_white,SWAB,1006,25,39,14,0.5,0.179487,0.264151,12.7143,,,0.013
"D=1, white",D10_white,SWAB,1006,50,39,14,0.714286,0.25641,0.377358,20.4,,,0.013
"D=1, white",D10_white,SWAB,1006,100,39,14,1.0,0.358974,0.528302,36.8571,,,0.013
"D=1, white",D10_white,SWAB,1007,25,21,10,0.2,0.095238,0.129032,19.5,,,0.0156
"D=1, white",D10_white,SWAB,1007,50,21,10,0.5,0.238095,0.322581,27.6,,,0.0156
"D=1, white",D10_white,SWAB,1007,100,21,10,0.8,0.380952,0.516129,43.0,,,0.0156
"D=1, white",D10_white,SWAB,1008,25,57,15,0.8,0.210526,0.333333,10.0833,,,0.0125
"D=1, white",D10_white,SWAB,1008,50,57,15,0.933333,0.245614,0.388889,13.4286,,,0.0125
"D=1, white",D10_white,SWAB,1008,100,57,15,0.933333,0.245614,0.388889,13.4286,,,0.0125
"D=1, white",D10_white,SWAB,1009,25,45,14,0.571429,0.177778,0.271186,16.75,,,0.0125
"D=1, white",D10_white,SWAB,1009,50,45,14,0.785714,0.244444,0.372881,21.8182,,,0.0125
"D=1, white",D10_white,SWAB,1009,100,45,14,0.928571,0.288889,0.440678,30.6923,,,0.0125
"D=1, white",D10_white,SWAB,1010,25,37,11,0.454545,0.135135,0.208333,8.4,,,0.0135
"D=1, white",D10_white,SWAB,1010,50,37,11,0.727273,0.216216,0.333333,22.0,,,0.0135
"D=1, white",D10_white,SWAB,1010,100,37,11,0.909091,0.27027,0.416667,34.3,,,0.0135
"D=1, white",D10_white,SWAB,1011,25,43,12,0.5,0.139535,0.218182,12.0,,,0.0121
"D=1, white",D10_white,SWAB,1011,50,43,12,0.666667,0.186047,0.290909,17.875,,,0.0121
"D=1, white",D10_white,SWAB,1011,100,43,12,0.833333,0.232558,0.363636,30.9,,,0.0121
"D=1, white",D10_white,SWAB,1012,25,41,14,0.428571,0.146341,0.218182,11.8333,,,0.0139
"D=1, white",D10_white,SWAB,1012,50,41,14,0.785714,0.268293,0.4,20.8182,,,0.0139
"D=1, white",D10_white,SWAB,1012,100,41,14,1.0,0.341463,0.509091,32.2143,,,0.0139
"D=1, white",D10_white,SWAB,1013,25,49,13,0.615385,0.163265,0.258065,12.0,,,0.0131
"D=1, white",D10_white,SWAB,1013,50,49,13,0.846154,0.22449,0.354839,17.0,,,0.0131
"D=1, white",D10_white,SWAB,1013,100,49,13,0.923077,0.244898,0.387097,20.25,,,0.0131
"D=1, white",D10_white,SWAB,1014,25,35,14,0.5,0.2,0.285714,9.5714,,,0.013
"D=1, white",D10_white,SWAB,1014,50,35,14,0.785714,0.314286,0.44898,19.4545,,,0.013
"D=1, white",D10_white,SWAB,1014,100,35,14,0.857143,0.342857,0.489796,23.9167,,,0.013
"D=1, white",D10_white,SWAB,1015,25,47,13,0.538462,0.148936,0.233333,12.1429,,,0.0199
"D=1, white",D10_white,SWAB,1015,50,47,13,0.769231,0.212766,0.333333,19.5,,,0.0199
"D=1, white",D10_white,SWAB,1015,100,47,13,1.0,0.276596,0.433333,29.3846,,,0.0199
"D=1, white",D10_white,SWAB,1016,25,33,14,0.571429,0.242424,0.340426,13.25,,,0.0125
"D=1, white",D10_white,SWAB,1016,50,33,14,0.714286,0.30303,0.425532,18.1,,,0.0125
"D=1, white",D10_white,SWAB,1016,100,33,14,0.857143,0.363636,0.510638,29.4167,,,0.0125
"D=1, white",D10_white,SWAB,1017,25,43,13,0.384615,0.116279,0.178571,10.0,,,0.0116
"D=1, white",D10_white,SWAB,1017,50,43,13,0.769231,0.232558,0.357143,23.0,,,0.0116
"D=1, white",D10_white,SWAB,1017,100,43,13,0.923077,0.27907,0.428571,32.0,,,0.0116
"D=1, white",D10_white,SWAB,1018,25,49,13,0.461538,0.122449,0.193548,10.6667,,,0.019
"D=1, white",D10_white,SWAB,1018,50,49,13,0.923077,0.244898,0.387097,23.25,,,0.019
"D=1, white",D10_white,SWAB,1018,100,49,13,1.0,0.265306,0.419355,26.0,,,0.019
"D=1, white",D10_white,SWAB,1019,25,47,14,0.571429,0.170213,0.262295,12.125,,,0.0135
"D=1, white",D10_white,SWAB,1019,50,47,14,0.928571,0.276596,0.42623,20.6154,,,0.0135
"D=1, white",D10_white,SWAB,1019,100,47,14,1.0,0.297872,0.459016,25.9286,,,0.0135
"D=1, white",D10_white,SWAB,1020,25,41,14,0.5,0.170732,0.254545,8.8571,,,0.0135
"D=1, white",D10_white,SWAB,1020,50,41,14,0.857143,0.292683,0.436364,19.75,,,0.0135
"D=1, white",D10_white,SWAB,1020,100,41,14,0.928571,0.317073,0.472727,23.0,,,0.0135
"D=1, white",D10_white,SWAB,1021,25,37,14,0.5,0.189189,0.27451,6.1429,,,0.016
"D=1, white",D10_white,SWAB,1021,50,37,14,0.785714,0.297297,0.431373,14.3636,,,0.016
"D=1, white",D10_white,SWAB,1021,100,37,14,0.785714,0.297297,0.431373,14.3636,,,0.016
"D=1, white",D10_white,SWAB,1022,25,40,14,0.5,0.175,0.259259,4.7143,,,0.0185
"D=1, white",D10_white,SWAB,1022,50,40,14,0.928571,0.325,0.481481,20.7692,,,0.0185
"D=1, white",D10_white,SWAB,1022,100,40,14,1.0,0.35,0.518519,22.9286,,,0.0185
"D=1, white",D10_white,SWAB,1023,25,37,13,0.461538,0.162162,0.24,11.0,,,0.0111
"D=1, white",D10_white,SWAB,1023,50,37,13,0.769231,0.27027,0.4,22.3,,,0.0111
"D=1, white",D10_white,SWAB,1023,100,37,13,1.0,0.351351,0.52,33.6923,,,0.0111
"D=1, white",D10_white,SWAB,1024,25,45,15,0.666667,0.222222,0.333333,12.9,,,0.0125
"D=1, white",D10_white,SWAB,1024,50,45,15,0.8,0.266667,0.4,15.6667,,,0.0125
"D=1, white",D10_white,SWAB,1024,100,45,15,1.0,0.333333,0.5,26.6,,,0.0125
"D=1, white",D10_white,SWAB,1025,25,29,12,0.583333,0.241379,0.341463,17.0,,,0.0171
"D=1, white",D10_white,SWAB,1025,50,29,12,0.833333,0.344828,0.487805,26.3,,,0.0171
"D=1, white",D10_white,SWAB,1025,100,29,12,0.916667,0.37931,0.536585,30.9091,,,0.0171
"D=1, white",D10_white,SWAB,1026,25,41,14,0.571429,0.195122,0.290909,10.0,,,0.0211
"D=1, white",D10_white,SWAB,1026,50,41,14,0.642857,0.219512,0.327273,13.8889,,,0.0211
"D=1, white",D10_white,SWAB,1026,100,41,14,0.928571,0.317073,0.472727,34.2308,,,0.0211
"D=1, white",D10_white,SWAB,1027,25,27,14,0.285714,0.148148,0.195122,14.75,,,0.0237
"D=1, white",D10_white,SWAB,1027,50,27,14,0.642857,0.333333,0.439024,28.1111,,,0.0237
"D=1, white",D10_white,SWAB,1027,100,27,14,0.785714,0.407407,0.536585,33.7273,,,0.0237
"D=1, white",D10_white,SWAB,1028,25,45,14,0.571429,0.177778,0.271186,10.25,,,0.0136
"D=1, white",D10_white,SWAB,1028,50,45,14,0.857143,0.266667,0.40678,21.3333,,,0.0136
"D=1, white",D10_white,SWAB,1028,100,45,14,1.0,0.311111,0.474576,28.4286,,,0.0136
"D=1, white",D10_white,SWAB,1029,25,29,13,0.461538,0.206897,0.285714,14.0,,,0.0116
"D=1, white",D10_white,SWAB,1029,50,29,13,0.538462,0.241379,0.333333,17.1429,,,0.0116
"D=1, white",D10_white,SWAB,1029,100,29,13,0.846154,0.37931,0.52381,36.2727,,,0.0116
"D=1, white",D10_white,SWAB,1030,25,47,13,0.692308,0.191489,0.3,14.4444,,,0.0246
"D=1, white",D10_white,SWAB,1030,50,47,13,0.923077,0.255319,0.4,21.0,,,0.0246
"D=1, white",D10_white,SWAB,1030,100,47,13,1.0,0.276596,0.433333,23.7692,,,0.0246
"D=1, white",D10_white,SWAB,1031,25,45,13,0.615385,0.177778,0.275862,8.125,,,0.0196
"D=1, white",D10_white,SWAB,1031,50,45,13,0.846154,0.244444,0.37931,15.9091,,,0.0196
"D=1, white",D10_white,SWAB,1031,100,45,13,0.923077,0.266667,0.413793,21.9167,,,0.0196
"D=1, white",D10_white,SWAB,1032,25,39,11,0.363636,0.102564,0.16,11.25,,,0.0131
"D=1, white",D10_white,SWAB,1032,50,39,11,0.909091,0.25641,0.4,26.3,,,0.0131
"D=1, white",D10_white,SWAB,1032,100,39,11,1.0,0.282051,0.44,28.9091,,,0.0131
"D=1, white",D10_white,SWAB,1033,25,39,14,0.571429,0.205128,0.301887,12.625,,,0.0191
"D=1, white",D10_white,SWAB,1033,50,39,14,0.785714,0.282051,0.415094,19.0,,,0.0191
"D=1, white",D10_white,SWAB,1033,100,39,14,1.0,0.358974,0.528302,29.0714,,,0.0191
"D=1, white",D10_white,SWAB,1034,25,47,15,0.666667,0.212766,0.322581,9.0,,,0.0216
"D=1, white",D10_white,SWAB,1034,50,47,15,0.866667,0.276596,0.419355,14.8462,,,0.0216
"D=1, white",D10_white,SWAB,1034,100,47,15,0.933333,0.297872,0.451613,20.7857,,,0.0216
"D=1, white",D10_white,SWAB,1035,25,39,13,0.692308,0.230769,0.346154,9.7778,,,0.0145
"D=1, white",D10_white,SWAB,1035,50,39,13,0.846154,0.282051,0.423077,14.2727,,,0.0145
"D=1, white",D10_white,SWAB,1035,100,39,13,1.0,0.333333,0.5,24.0,,,0.0145
"D=1, white",D10_white,SWAB,1036,25,33,14,0.428571,0.181818,0.255319,5.6667,,,0.0145
"D=1, white",D10_white,SWAB,1036,50,33,14,0.714286,0.30303,0.425532,16.9,,,0.0145
"D=1, white",D10_white,SWAB,1036,100,33,14,0.857143,0.363636,0.510638,28.5,,,0.0145
"D=1, white",D10_white,SWAB,1037,25,43,13,0.846154,0.255814,0.392857,12.3636,,,0.0161
"D=1, white",D10_white,SWAB,1037,50,43,13,0.846154,0.255814,0.392857,12.3636,,,0.0161
"D=1, white",D10_white,SWAB,1037,100,43,13,0.923077,0.27907,0.428571,19.5,,,0.0161
"D=1, white",D10_white,SWAB,1038,25,49,12,0.416667,0.102041,0.163934,7.8,,,0.0216
"D=1, white",D10_white,SWAB,1038,50,49,12,0.916667,0.22449,0.360656,23.8182,,,0.0216
"D=1, white",D10_white,SWAB,1038,100,49,12,1.0,0.244898,0.393443,26.75,,,0.0216
"D=1, white",D10_white,SWAB,1039,25,41,13,0.307692,0.097561,0.148148,8.5,,,0.0151
"D=1, white",D10_white,SWAB,1039,50,41,13,0.769231,0.243902,0.37037,26.5,,,0.0151
"D=1, white",D10_white,SWAB,1039,100,41,13,0.769231,0.243902,0.37037,26.5,,,0.0151
"D=1, white",D10_white,SWAB,1040,25,39,13,0.538462,0.179487,0.269231,11.4286,,,0.0156
"D=1, white",D10_white,SWAB,1040,50,39,13,0.692308,0.230769,0.346154,17.1111,,,0.0156
"D=1, white",D10_white,SWAB,1040,100,39,13,0.769231,0.25641,0.384615,23.0,,,0.0156
"D=1, white",D10_white,SWAB,1041,25,47,14,0.642857,0.191489,0.295082,6.3333,,,0.0135
"D=1, white",D10_white,SWAB,1041,50,47,14,0.857143,0.255319,0.393443,15.0,,,0.0135
"D=1, white",D10_white,SWAB,1041,100,47,14,1.0,0.297872,0.459016,22.2143,,,0.0135
"D=1, white",D10_white,SWAB,1042,25,43,14,0.428571,0.139535,0.210526,9.3333,,,0.0157
"D=1, white",D10_white,SWAB,1042,50,43,14,0.642857,0.209302,0.315789,18.6667,,,0.0157
"D=1, white",D10_white,SWAB,1042,100,43,14,0.857143,0.27907,0.421053,33.6667,,,0.0157
"D=1, white",D10_white,SWAB,1043,25,39,13,0.538462,0.179487,0.269231,7.7143,,,0.0151
"D=1, white",D10_white,SWAB,1043,50,39,13,0.692308,0.230769,0.346154,13.6667,,,0.0151
"D=1, white",D10_white,SWAB,1043,100,39,13,0.846154,0.282051,0.423077,24.3636,,,0.0151
"D=1, white",D10_white,SWAB,1044,25,36,14,0.571429,0.222222,0.32,10.125,,,0.0136
"D=1, white",D10_white,SWAB,1044,50,36,14,0.714286,0.277778,0.4,16.3,,,0.0136
"D=1, white",D10_white,SWAB,1044,100,36,14,1.0,0.388889,0.56,34.1429,,,0.0136
"D=1, white",D10_white,SWAB,1045,25,51,13,0.846154,0.215686,0.34375,6.8182,,,0.0181
"D=1, white",D10_white,SWAB,1045,50,51,13,1.0,0.254902,0.40625,10.8462,,,0.0181
"D=1, white",D10_white,SWAB,1045,100,51,13,1.0,0.254902,0.40625,10.8462,,,0.0181
"D=1, white",D10_white,SWAB,1046,25,55,13,0.846154,0.2,0.323529,6.8182,,,0.0206
"D=1, white",D10_white,SWAB,1046,50,55,13,1.0,0.236364,0.382353,11.2308,,,0.0206
"D=1, white",D10_white,SWAB,1046,100,55,13,1.0,0.236364,0.382353,11.2308,,,0.0206
"D=1, white",D10_white,SWAB,1047,25,43,15,0.533333,0.186047,0.275862,7.25,,,0.0261
"D=1, white",D10_white,SWAB,1047,50,43,15,0.8,0.27907,0.413793,17.1667,,,0.0261
"D=1, white",D10_white,SWAB,1047,100,43,15,0.866667,0.302326,0.448276,21.5385,,,0.0261
"D=1, white",D10_white,SWAB,1048,25,51,15,0.4,0.117647,0.181818,5.6667,,,0.0266
"D=1, white",D10_white,SWAB,1048,50,51,15,0.666667,0.196078,0.30303,17.9,,,0.0266
"D=1, white",D10_white,SWAB,1048,100,51,15,0.8,0.235294,0.363636,24.0833,,,0.0266
"D=1, white",D10_white,SWAB,1049,25,33,12,0.5,0.181818,0.266667,13.6667,,,0.0442
"D=1, white",D10_white,SWAB,1049,50,33,12,0.75,0.272727,0.4,20.5556,,,0.0442
"D=1, white",D10_white,SWAB,1049,100,33,12,0.833333,0.30303,0.444444,25.6,,,0.0442
"D=1, pink",D10_pink,SWAB,1000,25,192,15,0.933333,0.072917,0.135266,8.5714,,,0.0135
"D=1, pink",D10_pink,SWAB,1000,50,192,15,1.0,0.078125,0.144928,11.2667,,,0.0135
"D=1, pink",D10_pink,SWAB,1000,100,192,15,1.0,0.078125,0.144928,11.2667,,,0.0135
"D=1, pink",D10_pink,SWAB,1001,25,199,15,0.666667,0.050251,0.093458,6.5,,,0.0135
"D=1, pink",D10_pink,SWAB,1001,50,199,15,0.933333,0.070352,0.130841,14.5,,,0.0135
"D=1, pink",D10_pink,SWAB,1001,100,199,15,1.0,0.075377,0.140187,17.0,,,0.0135
"D=1, pink",D10_pink,SWAB,1002,25,205,14,0.857143,0.058537,0.109589,8.4167,,,0.0171
"D=1, pink",D10_pink,SWAB,1002,50,205,14,1.0,0.068293,0.127854,11.8571,,,0.0171
"D=1, pink",D10_pink,SWAB,1002,100,205,14,1.0,0.068293,0.127854,11.8571,,,0.0171
"D=1, pink",D10_pink,SWAB,1003,25,186,15,1.0,0.080645,0.149254,11.1333,,,0.0135
"D=1, pink",D10_pink,SWAB,1003,50,186,15,1.0,0.080645,0.149254,11.1333,,,0.0135
"D=1, pink",D10_pink,SWAB,1003,100,186,15,1.0,0.080645,0.149254,11.1333,,,0.0135
"D=1, pink",D10_pink,SWAB,1004,25,198,16,0.8125,0.065657,0.121495,6.9231,,,0.0135
"D=1, pink",D10_pink,SWAB,1004,50,198,16,1.0,0.080808,0.149533,11.3125,,,0.0135
"D=1, pink",D10_pink,SWAB,1004,100,198,16,1.0,0.080808,0.149533,11.3125,,,0.0135
"D=1, pink",D10_pink,SWAB,1005,25,179,15,0.866667,0.072626,0.134021,4.8462,,,0.0125
"D=1, pink",D10_pink,SWAB,1005,50,179,15,1.0,0.083799,0.154639,9.1333,,,0.0125
"D=1, pink",D10_pink,SWAB,1005,100,179,15,1.0,0.083799,0.154639,9.1333,,,0.0125
"D=1, pink",D10_pink,SWAB,1006,25,193,14,0.785714,0.056995,0.10628,5.6364,,,0.0578
"D=1, pink",D10_pink,SWAB,1006,50,193,14,1.0,0.072539,0.135266,11.8571,,,0.0578
"D=1, pink",D10_pink,SWAB,1006,100,193,14,1.0,0.072539,0.135266,11.8571,,,0.0578
"D=1, pink",D10_pink,SWAB,1007,25,167,15,0.866667,0.077844,0.142857,11.6923,,,0.0135
"D=1, pink",D10_pink,SWAB,1007,50,167,15,1.0,0.08982,0.164835,14.7333,,,0.0135
"D=1, pink",D10_pink,SWAB,1007,100,167,15,1.0,0.08982,0.164835,14.7333,,,0.0135
"D=1, pink",D10_pink,SWAB,1008,25,211,15,0.733333,0.052133,0.097345,6.3636,,,0.0136
"D=1, pink",D10_pink,SWAB,1008,50,211,15,0.933333,0.066351,0.123894,12.9286,,,0.0136
"D=1, pink",D10_pink,SWAB,1008,100,211,15,1.0,0.07109,0.132743,16.3333,,,0.0136
"D=1, pink",D10_pink,SWAB,1009,25,178,14,0.928571,0.073034,0.135417,7.1538,,,0.0126
"D=1, pink",D10_pink,SWAB,1009,50,178,14,1.0,0.078652,0.145833,9.7857,,,0.0126
"D=1, pink",D10_pink,SWAB,1009,100,178,14,1.0,0.078652,0.145833,9.7857,,,0.0126
"D=1, pink",D10_pink,SWAB,1010,25,182,14,0.928571,0.071429,0.132653,10.0,,,0.0135
"D=1, pink",D10_pink,SWAB,1010,50,182,14,1.0,0.076923,0.142857,12.1429,,,0.0135
"D=1, pink",D10_pink,SWAB,1010,100,182,14,1.0,0.076923,0.142857,12.1429,,,0.0135
"D=1, pink",D10_pink,SWAB,1011,25,176,13,1.0,0.073864,0.137566,8.7692,,,0.0171
"D=1, pink",D10_pink,SWAB,1011,50,176,13,1.0,0.073864,0.137566,8.7692,,,0.0171
"D=1, pink",D10_pink,SWAB,1011,100,176,13,1.0,0.073864,0.137566,8.7692,,,0.0171
"D=1, pink",D10_pink,SWAB,1012,25,207,13,0.769231,0.048309,0.090909,7.8,,,0.0126
"D=1, pink",D10_pink,SWAB,1012,50,207,13,1.0,0.062802,0.118182,13.1538,,,0.0126
"D=1, pink",D10_pink,SWAB,1012,100,207,13,1.0,0.062802,0.118182,13.1538,,,0.0126
"D=1, pink",D10_pink,SWAB,1013,25,172,14,0.857143,0.069767,0.129032,9.3333,,,0.0231
"D=1, pink",D10_pink,SWAB,1013,50,172,14,1.0,0.081395,0.150538,13.2143,,,0.0231
"D=1, pink",D10_pink,SWAB,1013,100,172,14,1.0,0.081395,0.150538,13.2143,,,0.0231
"D=1, pink",D10_pink,SWAB,1014,25,184,14,0.857143,0.065217,0.121212,6.25,,,0.0242
"D=1, pink",D10_pink,SWAB,1014,50,184,14,1.0,0.076087,0.141414,11.9286,,,0.0242
"D=1, pink",D10_pink,SWAB,1014,100,184,14,1.0,0.076087,0.141414,11.9286,,,0.0242
"D=1, pink",D10_pink,SWAB,1015,25,169,12,1.0,0.071006,0.132597,8.4167,,,0.0209
"D=1, pink",D10_pink,SWAB,1015,50,169,12,1.0,0.071006,0.132597,8.4167,,,0.0209
"D=1, pink",D10_pink,SWAB,1015,100,169,12,1.0,0.071006,0.132597,8.4167,,,0.0209
"D=1, pink",D10_pink,SWAB,1016,25,181,14,0.857143,0.066298,0.123077,10.0,,,0.0125
"D=1, pink",D10_pink,SWAB,1016,50,181,14,1.0,0.077348,0.14359,12.8571,,,0.0125
"D=1, pink",D10_pink,SWAB,1016,100,181,14,1.0,0.077348,0.14359,12.8571,,,0.0125
"D=1, pink",D10_pink,SWAB,1017,25,175,14,0.928571,0.074286,0.137566,12.3846,,,0.0165
"D=1, pink",D10_pink,SWAB,1017,50,175,14,1.0,0.08,0.148148,13.6429,,,0.0165
"D=1, pink",D10_pink,SWAB,1017,100,175,14,1.0,0.08,0.148148,13.6429,,,0.0165
"D=1, pink",D10_pink,SWAB,1018,25,197,13,0.923077,0.060914,0.114286,7.5,,,0.0131
"D=1, pink",D10_pink,SWAB,1018,50,197,13,1.0,0.06599,0.12381,9.2308,,,0.0131
"D=1, pink",D10_pink,SWAB,1018,100,197,13,1.0,0.06599,0.12381,9.2308,,,0.0131
"D=1, pink",D10_pink,SWAB,1019,25,188,14,0.785714,0.058511,0.108911,9.7273,,,0.0136
"D=1, pink",D10_pink,SWAB,1019,50,188,14,1.0,0.074468,0.138614,15.7143,,,0.0136
"D=1, pink",D10_pink,SWAB,1019,100,188,14,1.0,0.074468,0.138614,15.7143,,,0.0136
"D=1, pink",D10_pink,SWAB,1020,25,177,17,0.882353,0.084746,0.154639,9.7333,,,0.0135
"D=1, pink",D10_pink,SWAB,1020,50,177,17,1.0,0.096045,0.175258,13.0,,,0.0135
"D=1, pink",D10_pink,SWAB,1020,100,177,17,1.0,0.096045,0.175258,13.0,,,0.0135
"D=1, pink",D10_pink,SWAB,1021,25,208,15,0.666667,0.048077,0.089686,3.3,,,0.017
"D=1, pink",D10_pink,SWAB,1021,50,208,15,1.0,0.072115,0.134529,13.7333,,,0.017
"D=1, pink",D10_pink,SWAB,1021,100,208,15,1.0,0.072115,0.134529,13.7333,,,0.017
"D=1, pink",D10_pink,SWAB,1022,25,179,13,1.0,0.072626,0.135417,5.8462,,,0.0135
"D=1, pink",D10_pink,SWAB,1022,50,179,13,1.0,0.072626,0.135417,5.8462,,,0.0135
"D=1, pink",D10_pink,SWAB,1022,100,179,13,1.0,0.072626,0.135417,5.8462,,,0.0135
"D=1, pink",D10_pink,SWAB,1023,25,185,16,0.75,0.064865,0.119403,5.25,,,0.0157
"D=1, pink",D10_pink,SWAB,1023,50,185,16,0.9375,0.081081,0.149254,10.0667,,,0.0157
"D=1, pink",D10_pink,SWAB,1023,100,185,16,1.0,0.086486,0.159204,13.4375,,,0.0157
"D=1, pink",D10_pink,SWAB,1024,25,192,13,0.769231,0.052083,0.097561,7.4,,,0.0146
"D=1, pink",D10_pink,SWAB,1024,50,192,13,1.0,0.067708,0.126829,13.8462,,,0.0146
"D=1, pink",D10_pink,SWAB,1024,100,192,13,1.0,0.067708,0.126829,13.8462,,,0.0146
"D=1, pink",D10_pink,SWAB,1025,25,186,14,0.785714,0.05914,0.11,6.4545,,,0.0135
"D=1, pink",D10_pink,SWAB,1025,50,186,14,1.0,0.075269,0.14,11.7143,,,0.0135
"D=1, pink",D10_pink,SWAB,1025,100,186,14,1.0,0.075269,0.14,11.7143,,,0.0135
"D=1, pink",D10_pink,SWAB,1026,25,199,15,0.733333,0.055276,0.102804,10.5455,,,0.013
"D=1, pink",D10_pink,SWAB,1026,50,199,15,1.0,0.075377,0.140187,17.0,,,0.013
"D=1, pink",D10_pink,SWAB,1026,100,199,15,1.0,0.075377,0.140187,17.0,,,0.013
"D=1, pink",D10_pink,SWAB,1027,25,207,12,1.0,0.057971,0.109589,8.3333,,,0.0146
"D=1, pink",D10_pink,SWAB,1027,50,207,12,1.0,0.057971,0.109589,8.3333,,,0.0146
"D=1, pink",D10_pink,SWAB,1027,100,207,12,1.0,0.057971,0.109589,8.3333,,,0.0146
"D=1, pink",D10_pink,SWAB,1028,25,225,15,0.866667,0.057778,0.108333,8.6154,,,0.022
"D=1, pink",D10_pink,SWAB,1028,50,225,15,1.0,0.066667,0.125,11.8667,,,0.022
"D=1, pink",D10_pink,SWAB,1028,100,225,15,1.0,0.066667,0.125,11.8667,,,0.022
"D=1, pink",D10_pink,SWAB,1029,25,187,14,0.928571,0.069519,0.129353,6.0769,,,0.0125
"D=1, pink",D10_pink,SWAB,1029,50,187,14,1.0,0.074866,0.139303,7.7143,,,0.0125
"D=1, pink",D10_pink,SWAB,1029,100,187,14,1.0,0.074866,0.139303,7.7143,,,0.0125
"D=1, pink",D10_pink,SWAB,1030,25,194,14,1.0,0.072165,0.134615,9.8571,,,0.013
"D=1, pink",D10_pink,SWAB,1030,50,194,14,1.0,0.072165,0.134615,9.8571,,,0.013
"D=1, pink",D10_pink,SWAB,1030,100,194,14,1.0,0.072165,0.134615,9.8571,,,0.013
"D=1, pink",D10_pink,SWAB,1031,25,223,16,0.8125,0.058296,0.108787,5.8462,,,0.0141
"D=1, pink",D10_pink,SWAB,1031,50,223,16,1.0,0.071749,0.133891,11.5,,,0.0141
"D=1, pink",D10_pink,SWAB,1031,100,223,16,1.0,0.071749,0.133891,11.5,,,0.0141
"D=1, pink",D10_pink,SWAB,1032,25,199,14,0.642857,0.045226,0.084507,9.1111,,,0.019
"D=1, pink",D10_pink,SWAB,1032,50,199,14,1.0,0.070352,0.131455,16.9286,,,0.019
"D=1, pink",D10_pink,SWAB,1032,100,199,14,1.0,0.070352,0.131455,16.9286,,,0.019
"D=1, pink",D10_pink,SWAB,1033,25,173,13,1.0,0.075145,0.139785,7.6923,,,0.0211
"D=1, pink",D10_pink,SWAB,1033,50,173,13,1.0,0.075145,0.139785,7.6923,,,0.0211
"D=1, pink",D10_pink,SWAB,1033,100,173,13,1.0,0.075145,0.139785,7.6923,,,0.0211
"D=1, pink",D10_pink,SWAB,1034,25,187,13,0.846154,0.058824,0.11,5.0909,,,0.0231
"D=1, pink",D10_pink,SWAB,1034,50,187,13,1.0,0.069519,0.13,8.7692,,,0.0231
"D=1, pink",D10_pink,SWAB,1034,100,187,13,1.0,0.069519,0.13,8.7692,,,0.0231
"D=1, pink",D10_pink,SWAB,1035,25,193,15,0.866667,0.067358,0.125,5.1538,,,0.0249
"D=1, pink",D10_pink,SWAB,1035,50,193,15,1.0,0.07772,0.144231,8.7333,,,0.0249
"D=1, pink",D10_pink,SWAB,1035,100,193,15,1.0,0.07772,0.144231,8.7333,,,0.0249
"D=1, pink",D10_pink,SWAB,1036,25,208,14,0.857143,0.057692,0.108108,7.9167,,,0.0256
"D=1, pink",D10_pink,SWAB,1036,50,208,14,1.0,0.067308,0.126126,11.3571,,,0.0256
"D=1, pink",D10_pink,SWAB,1036,100,208,14,1.0,0.067308,0.126126,11.3571,,,0.0256
"D=1, pink",D10_pink,SWAB,1037,25,172,15,0.933333,0.081395,0.149733,8.8571,,,0.0141
"D=1, pink",D10_pink,SWAB,1037,50,172,15,1.0,0.087209,0.160428,10.2,,,0.0141
"D=1, pink",D10_pink,SWAB,1037,100,172,15,1.0,0.087209,0.160428,10.2,,,0.0141
"D=1, pink",D10_pink,SWAB,1038,25,184,16,0.75,0.065217,0.12,8.5,,,0.0145
"D=1, pink",D10_pink,SWAB,1038,50,184,16,1.0,0.086957,0.16,14.875,,,0.0145
"D=1, pink",D10_pink,SWAB,1038,100,184,16,1.0,0.086957,0.16,14.875,,,0.0145
"D=1, pink",D10_pink,SWAB,1039,25,183,13,0.846154,0.060109,0.112245,10.8182,,,0.0125
"D=1, pink",D10_pink,SWAB,1039,50,183,13,0.923077,0.065574,0.122449,12.4167,,,0.0125
"D=1, pink",D10_pink,SWAB,1039,100,183,13,0.923077,0.065574,0.122449,12.4167,,,0.0125
"D=1, pink",D10_pink,SWAB,1040,25,176,13,0.846154,0.0625,0.116402,7.3636,,,0.0201
"D=1, pink",D10_pink,SWAB,1040,50,176,13,0.923077,0.068182,0.126984,9.3333,,,0.0201
"D=1, pink",D10_pink,SWAB,1040,100,176,13,1.0,0.073864,0.137566,16.2308,,,0.0201
"D=1, pink",D10_pink,SWAB,1041,25,184,15,0.866667,0.070652,0.130653,6.2308,,,0.0178
"D=1, pink",D10_pink,SWAB,1041,50,184,15,0.933333,0.076087,0.140704,8.3571,,,0.0178
"D=1, pink",D10_pink,SWAB,1041,100,184,15,1.0,0.081522,0.150754,14.4,,,0.0178
"D=1, pink",D10_pink,SWAB,1042,25,190,15,0.733333,0.057895,0.107317,4.2727,,,0.0146
"D=1, pink",D10_pink,SWAB,1042,50,190,15,0.933333,0.073684,0.136585,11.0,,,0.0146
"D=1, pink",D10_pink,SWAB,1042,100,190,15,1.0,0.078947,0.146341,16.8,,,0.0146
"D=1, pink",D10_pink,SWAB,1043,25,200,13,0.769231,0.05,0.093897,8.3,,,0.0166
"D=1, pink",D10_pink,SWAB,1043,50,200,13,1.0,0.065,0.122066,13.3077,,,0.0166
"D=1, pink",D10_pink,SWAB,1043,100,200,13,1.0,0.065,0.122066,13.3077,,,0.0166
"D=1, pink",D10_pink,SWAB,1044,25,204,15,0.933333,0.068627,0.127854,7.5,,,0.0161
"D=1, pink",D10_pink,SWAB,1044,50,204,15,0.933333,0.068627,0.127854,7.5,,,0.0161
"D=1, pink",D10_pink,SWAB,1044,100,204,15,1.0,0.073529,0.136986,12.0667,,,0.0161
"D=1, pink",D10_pink,SWAB,1045,25,180,13,0.846154,0.061111,0.11399,8.6364,,,0.0201
"D=1, pink",D10_pink,SWAB,1045,50,180,13,1.0,0.072222,0.134715,12.4615,,,0.0201
"D=1, pink",D10_pink,SWAB,1045,100,180,13,1.0,0.072222,0.134715,12.4615,,,0.0201
"D=1, pink",D10_pink,SWAB,1046,25,215,14,1.0,0.065116,0.122271,4.7857,,,0.0161
"D=1, pink",D10_pink,SWAB,1046,50,215,14,1.0,0.065116,0.122271,4.7857,,,0.0161
"D=1, pink",D10_pink,SWAB,1046,100,215,14,1.0,0.065116,0.122271,4.7857,,,0.0161
"D=1, pink",D10_pink,SWAB,1047,25,199,13,0.846154,0.055276,0.103774,7.8182,,,0.0125
"D=1, pink",D10_pink,SWAB,1047,50,199,13,1.0,0.065327,0.122642,11.5385,,,0.0125
"D=1, pink",D10_pink,SWAB,1047,100,199,13,1.0,0.065327,0.122642,11.5385,,,0.0125
"D=1, pink",D10_pink,SWAB,1048,25,215,14,0.857143,0.055814,0.104803,6.4167,,,0.0135
"D=1, pink",D10_pink,SWAB,1048,50,215,14,0.928571,0.060465,0.113537,8.2308,,,0.0135
"D=1, pink",D10_pink,SWAB,1048,100,215,14,0.928571,0.060465,0.113537,8.2308,,,0.0135
"D=1, pink",D10_pink,SWAB,1049,25,203,14,0.928571,0.064039,0.119816,7.3077,,,0.0125
"D=1, pink",D10_pink,SWAB,1049,50,203,14,1.0,0.068966,0.129032,8.6429,,,0.0125
"D=1, pink",D10_pink,SWAB,1049,100,203,14,1.0,0.068966,0.129032,8.6429,,,0.0125
"D=1.5, white",D15_white,SWAB,1000,25,121,13,0.769231,0.082645,0.149254,5.1,,,0.0136
"D=1.5, white",D15_white,SWAB,1000,50,121,13,1.0,0.107438,0.19403,11.0,,,0.0136
"D=1.5, white",D15_white,SWAB,1000,100,121,13,1.0,0.107438,0.19403,11.0,,,0.0136
"D=1.5, white",D15_white,SWAB,1001,25,116,13,0.923077,0.103448,0.186047,9.9167,,,0.012
"D=1.5, white",D15_white,SWAB,1001,50,116,13,1.0,0.112069,0.20155,11.4615,,,0.012
"D=1.5, white",D15_white,SWAB,1001,100,116,13,1.0,0.112069,0.20155,11.4615,,,0.012
"D=1.5, white",D15_white,SWAB,1002,25,106,15,0.8,0.113208,0.198347,11.25,,,0.0141
"D=1.5, white",D15_white,SWAB,1002,50,106,15,1.0,0.141509,0.247934,16.6667,,,0.0141
"D=1.5, white",D15_white,SWAB,1002,100,106,15,1.0,0.141509,0.247934,16.6667,,,0.0141
"D=1.5, white",D15_white,SWAB,1003,25,107,14,0.857143,0.11215,0.198347,6.75,,,0.0126
"D=1.5, white",D15_white,SWAB,1003,50,107,14,1.0,0.130841,0.231405,10.2857,,,0.0126
"D=1.5, white",D15_white,SWAB,1003,100,107,14,1.0,0.130841,0.231405,10.2857,,,0.0126
"D=1.5, white",D15_white,SWAB,1004,25,133,14,0.928571,0.097744,0.176871,9.5385,,,0.0126
"D=1.5, white",D15_white,SWAB,1004,50,133,14,1.0,0.105263,0.190476,11.1429,,,0.0126
"D=1.5, white",D15_white,SWAB,1004,100,133,14,1.0,0.105263,0.190476,11.1429,,,0.0126
"D=1.5, white",D15_white,SWAB,1005,25,93,14,0.857143,0.129032,0.224299,9.6667,,,0.0125
"D=1.5, white",D15_white,SWAB,1005,50,93,14,1.0,0.150538,0.261682,12.5714,,,0.0125
"D=1.5, white",D15_white,SWAB,1005,100,93,14,1.0,0.150538,0.261682,12.5714,,,0.0125
"D=1.5, white",D15_white,SWAB,1006,25,121,15,0.933333,0.115702,0.205882,7.7143,,,0.0135
"D=1.5, white",D15_white,SWAB,1006,50,121,15,1.0,0.123967,0.220588,10.3333,,,0.0135
"D=1.5, white",D15_white,SWAB,1006,100,121,15,1.0,0.123967,0.220588,10.3333,,,0.0135
"D=1.5, white",D15_white,SWAB,1007,25,102,14,0.928571,0.127451,0.224138,7.6154,,,0.019
"D=1.5, white",D15_white,SWAB,1007,50,102,14,0.928571,0.127451,0.224138,7.6154,,,0.019
"D=1.5, white",D15_white,SWAB,1007,100,102,14,1.0,0.137255,0.241379,11.0,,,0.019
"D=1.5, white",D15_white,SWAB,1008,25,117,12,0.916667,0.094017,0.170543,5.3636,,,0.0121
"D=1.5, white",D15_white,SWAB,1008,50,117,12,1.0,0.102564,0.186047,8.1667,,,0.0121
"D=1.5, white",D15_white,SWAB,1008,100,117,12,1.0,0.102564,0.186047,8.1667,,,0.0121
"D=1.5, white",D15_white,SWAB,1009,25,112,14,0.857143,0.107143,0.190476,6.3333,,,0.0131
"D=1.5, white",D15_white,SWAB,1009,50,112,14,1.0,0.125,0.222222,10.0,,,0.0131
"D=1.5, white",D15_white,SWAB,1009,100,112,14,1.0,0.125,0.222222,10.0,,,0.0131
"D=1.5, white",D15_white,SWAB,1010,25,123,13,0.923077,0.097561,0.176471,8.4167,,,0.0175
"D=1.5, white",D15_white,SWAB,1010,50,123,13,1.0,0.105691,0.191176,10.7692,,,0.0175
"D=1.5, white",D15_white,SWAB,1010,100,123,13,1.0,0.105691,0.191176,10.7692,,,0.0175
"D=1.5, white",D15_white,SWAB,1011,25,121,15,0.866667,0.107438,0.191176,6.5385,,,0.0205
"D=1.5, white",D15_white,SWAB,1011,50,121,15,1.0,0.123967,0.220588,10.8,,,0.0205
"D=1.5, white",D15_white,SWAB,1011,100,121,15,1.0,0.123967,0.220588,10.8,,,0.0205
"D=1.5, white",D15_white,SWAB,1012,25,107,13,0.846154,0.102804,0.183333,8.5455,,,0.0326
"D=1.5, white",D15_white,SWAB,1012,50,107,13,1.0,0.121495,0.216667,12.0769,,,0.0326
"D=1.5, white",D15_white,SWAB,1012,100,107,13,1.0,0.121495,0.216667,12.0769,,,0.0326
"D=1.5, white",D15_white,SWAB,1013,25,106,15,0.866667,0.122642,0.214876,12.3077,,,0.0221
"D=1.5, white",D15_white,SWAB,1013,50,106,15,0.933333,0.132075,0.231405,13.5714,,,0.0221
"D=1.5, white",D15_white,SWAB,1013,100,106,15,1.0,0.141509,0.247934,16.5333,,,0.0221
"D=1.5, white",D15_white,SWAB,1014,25,101,12,0.666667,0.079208,0.141593,3.75,,,0.0161
"D=1.5, white",D15_white,SWAB,1014,50,101,12,1.0,0.118812,0.212389,14.3333,,,0.0161
"D=1.5, white",D15_white,SWAB,1014,100,101,12,1.0,0.118812,0.212389,14.3333,,,0.0161
"D=1.5, white",D15_white,SWAB,1015,25,110,13,1.0,0.118182,0.211382,6.0769,,,0.0256
"D=1.5, white",D15_white,SWAB,1015,50,110,13,1.0,0.118182,0.211382,6.0769,,,0.0256
"D=1.5, white",D15_white,SWAB,1015,100,110,13,1.0,0.118182,0.211382,6.0769,,,0.0256
"D=1.5, white",D15_white,SWAB,1016,25,111,14,0.928571,0.117117,0.208,10.9231,,,0.0299
"D=1.5, white",D15_white,SWAB,1016,50,111,14,1.0,0.126126,0.224,13.3571,,,0.0299
"D=1.5, white",D15_white,SWAB,1016,100,111,14,1.0,0.126126,0.224,13.3571,,,0.0299
"D=1.5, white",D15_white,SWAB,1017,25,110,14,0.928571,0.118182,0.209677,5.5385,,,0.0145
"D=1.5, white",D15_white,SWAB,1017,50,110,14,1.0,0.127273,0.225806,7.2857,,,0.0145
"D=1.5, white",D15_white,SWAB,1017,100,110,14,1.0,0.127273,0.225806,7.2857,,,0.0145
"D=1.5, white",D15_white,SWAB,1018,25,117,13,0.923077,0.102564,0.184615,4.3333,,,0.0138
"D=1.5, white",D15_white,SWAB,1018,50,117,13,1.0,0.111111,0.2,6.1538,,,0.0138
"D=1.5, white",D15_white,SWAB,1018,100,117,13,1.0,0.111111,0.2,6.1538,,,0.0138
"D=1.5, white",D15_white,SWAB,1019,25,111,14,0.785714,0.099099,0.176,8.5455,,,0.0135
"D=1.5, white",D15_white,SWAB,1019,50,111,14,1.0,0.126126,0.224,13.4286,,,0.0135
"D=1.5, white",D15_white,SWAB,1019,100,111,14,1.0,0.126126,0.224,13.4286,,,0.0135
"D=1.5, white",D15_white,SWAB,1020,25,119,14,0.857143,0.10084,0.180451,4.0,,,0.0135
"D=1.5, white",D15_white,SWAB,1020,50,119,14,1.0,0.117647,0.210526,7.7857,,,0.0135
"D=1.5, white",D15_white,SWAB,1020,100,119,14,1.0,0.117647,0.210526,7.7857,,,0.0135
"D=1.5, white",D15_white,SWAB,1021,25,117,15,0.866667,0.111111,0.19697,6.0,,,0.0141
"D=1.5, white",D15_white,SWAB,1021,50,117,15,1.0,0.128205,0.227273,9.6,,,0.0141
"D=1.5, white",D15_white,SWAB,1021,100,117,15,1.0,0.128205,0.227273,9.6,,,0.0141
"D=1.5, white",D15_white,SWAB,1022,25,124,15,1.0,0.120968,0.215827,7.5333,,,0.0141
"D=1.5, white",D15_white,SWAB,1022,50,124,15,1.0,0.120968,0.215827,7.5333,,,0.0141
"D=1.5, white",D15_white,SWAB,1022,100,124,15,1.0,0.120968,0.215827,7.5333,,,0.0141
"D=1.5, white",D15_white,SWAB,1023,25,115,15,0.933333,0.121739,0.215385,8.6429,,,0.0141
"D=1.5, white",D15_white,SWAB,1023,50,115,15,0.933333,0.121739,0.215385,8.6429,,,0.0141
"D=1.5, white",D15_white,SWAB,1023,100,115,15,1.0,0.130435,0.230769,13.2667,,,0.0141
"D=1.5, white",D15_white,SWAB,1024,25,101,14,0.857143,0.118812,0.208696,7.6667,,,0.0201
"D=1.5, white",D15_white,SWAB,1024,50,101,14,1.0,0.138614,0.243478,11.6429,,,0.0201
"D=1.5, white",D15_white,SWAB,1024,100,101,14,1.0,0.138614,0.243478,11.6429,,,0.0201
"D=1.5, white",D15_white,SWAB,1025,25,103,14,0.857143,0.116505,0.205128,10.25,,,0.0125
"D=1.5, white",D15_white,SWAB,1025,50,103,14,1.0,0.135922,0.239316,13.2857,,,0.0125
"D=1.5, white",D15_white,SWAB,1025,100,103,14,1.0,0.135922,0.239316,13.2857,,,0.0125
"D=1.5, white",D15_white,SWAB,1026,25,100,14,0.928571,0.13,0.22807,9.4615,,,0.0124
"D=1.5, white",D15_white,SWAB,1026,50,100,14,1.0,0.14,0.245614,10.8571,,,0.0124
"D=1.5, white",D15_white,SWAB,1026,100,100,14,1.0,0.14,0.245614,10.8571,,,0.0124
"D=1.5, white",D15_white,SWAB,1027,25,106,16,0.9375,0.141509,0.245902,7.8667,,,0.0135
"D=1.5, white",D15_white,SWAB,1027,50,106,16,1.0,0.150943,0.262295,9.1875,,,0.0135
"D=1.5, white",D15_white,SWAB,1027,100,106,16,1.0,0.150943,0.262295,9.1875,,,0.0135
"D=1.5, white",D15_white,SWAB,1028,25,122,13,0.769231,0.081967,0.148148,7.7,,,0.0145
"D=1.5, white",D15_white,SWAB,1028,50,122,13,1.0,0.106557,0.192593,14.6923,,,0.0145
"D=1.5, white",D15_white,SWAB,1028,100,122,13,1.0,0.106557,0.192593,14.6923,,,0.0145
"D=1.5, white",D15_white,SWAB,1029,25,111,15,0.933333,0.126126,0.222222,9.7143,,,0.0145
"D=1.5, white",D15_white,SWAB,1029,50,111,15,1.0,0.135135,0.238095,11.0,,,0.0145
"D=1.5, white",D15_white,SWAB,1029,100,111,15,1.0,0.135135,0.238095,11.0,,,0.0145
"D=1.5, white",D15_white,SWAB,1030,25,127,15,0.933333,0.110236,0.197183,8.2143,,,0.013
"D=1.5, white",D15_white,SWAB,1030,50,127,15,1.0,0.11811,0.211268,9.5333,,,0.013
"D=1.5, white",D15_white,SWAB,1030,100,127,15,1.0,0.11811,0.211268,9.5333,,,0.013
"D=1.5, white",D15_white,SWAB,1031,25,154,14,0.857143,0.077922,0.142857,4.9167,,,0.0131
"D=1.5, white",D15_white,SWAB,1031,50,154,14,1.0,0.090909,0.166667,9.7143,,,0.0131
"D=1.5, white",D15_white,SWAB,1031,100,154,14,1.0,0.090909,0.166667,9.7143,,,0.0131
"D=1.5, white",D15_white,SWAB,1032,25,112,13,1.0,0.116071,0.208,7.9231,,,0.0125
"D=1.5, white",D15_white,SWAB,1032,50,112,13,1.0,0.116071,0.208,7.9231,,,0.0125
"D=1.5, white",D15_white,SWAB,1032,100,112,13,1.0,0.116071,0.208,7.9231,,,0.0125
"D=1.5, white",D15_white,SWAB,1033,25,101,14,0.928571,0.128713,0.226087,8.9231,,,0.0135
"D=1.5, white",D15_white,SWAB,1033,50,101,14,1.0,0.138614,0.243478,10.9286,,,0.0135
"D=1.5, white",D15_white,SWAB,1033,100,101,14,1.0,0.138614,0.243478,10.9286,,,0.0135
"D=1.5, white",D15_white,SWAB,1034,25,125,12,0.916667,0.088,0.160584,7.0,,,0.0145
"D=1.5, white",D15_white,SWAB,1034,50,125,12,1.0,0.096,0.175182,9.6667,,,0.0145
"D=1.5, white",D15_white,SWAB,1034,100,125,12,1.0,0.096,0.175182,9.6667,,,0.0145
"D=1.5, white",D15_white,SWAB,1035,25,107,13,0.923077,0.11215,0.2,7.0,,,0.0131
"D=1.5, white",D15_white,SWAB,1035,50,107,13,1.0,0.121495,0.216667,8.6923,,,0.0131
"D=1.5, white",D15_white,SWAB,1035,100,107,13,1.0,0.121495,0.216667,8.6923,,,0.0131
"D=1.5, white",D15_white,SWAB,1036,25,116,15,0.866667,0.112069,0.198473,8.0769,,,0.0181
"D=1.5, white",D15_white,SWAB,1036,50,116,15,0.933333,0.12069,0.21374,9.5714,,,0.0181
"D=1.5, white",D15_white,SWAB,1036,100,116,15,1.0,0.12931,0.229008,12.3333,,,0.0181
"D=1.5, white",D15_white,SWAB,1037,25,112,15,1.0,0.133929,0.23622,9.6667,,,0.014
"D=1.5, white",D15_white,SWAB,1037,50,112,15,1.0,0.133929,0.23622,9.6667,,,0.014
"D=1.5, white",D15_white,SWAB,1037,100,112,15,1.0,0.133929,0.23622,9.6667,,,0.014
"D=1.5, white",D15_white,SWAB,1038,25,130,15,0.933333,0.107692,0.193103,6.7143,,,0.0125
"D=1.5, white",D15_white,SWAB,1038,50,130,15,1.0,0.115385,0.206897,8.2667,,,0.0125
"D=1.5, white",D15_white,SWAB,1038,100,130,15,1.0,0.115385,0.206897,8.2667,,,0.0125
"D=1.5, white",D15_white,SWAB,1039,25,105,15,0.8,0.114286,0.2,6.6667,,,0.0201
"D=1.5, white",D15_white,SWAB,1039,50,105,15,1.0,0.142857,0.25,13.0667,,,0.0201
"D=1.5, white",D15_white,SWAB,1039,100,105,15,1.0,0.142857,0.25,13.0667,,,0.0201
"D=1.5, white",D15_white,SWAB,1040,25,113,14,1.0,0.123894,0.220472,11.2857,,,0.016
"D=1.5, white",D15_white,SWAB,1040,50,113,14,1.0,0.123894,0.220472,11.2857,,,0.016
"D=1.5, white",D15_white,SWAB,1040,100,113,14,1.0,0.123894,0.220472,11.2857,,,0.016
"D=1.5, white",D15_white,SWAB,1041,25,133,13,0.923077,0.090226,0.164384,3.75,,,0.0216
"D=1.5, white",D15_white,SWAB,1041,50,133,13,1.0,0.097744,0.178082,6.1538,,,0.0216
"D=1.5, white",D15_white,SWAB,1041,100,133,13,1.0,0.097744,0.178082,6.1538,,,0.0216
"D=1.5, white",D15_white,SWAB,1042,25,127,12,0.833333,0.07874,0.143885,8.7,,,0.0151
"D=1.5, white",D15_white,SWAB,1042,50,127,12,1.0,0.094488,0.172662,12.0833,,,0.0151
"D=1.5, white",D15_white,SWAB,1042,100,127,12,1.0,0.094488,0.172662,12.0833,,,0.0151
"D=1.5, white",D15_white,SWAB,1043,25,123,15,0.733333,0.089431,0.15942,7.2727,,,0.0241
"D=1.5, white",D15_white,SWAB,1043,50,123,15,1.0,0.121951,0.217391,14.5333,,,0.0241
"D=1.5, white",D15_white,SWAB,1043,100,123,15,1.0,0.121951,0.217391,14.5333,,,0.0241
"D=1.5, white",D15_white,SWAB,1044,25,101,14,0.928571,0.128713,0.226087,9.8462,,,0.015
"D=1.5, white",D15_white,SWAB,1044,50,101,14,1.0,0.138614,0.243478,12.0714,,,0.015
"D=1.5, white",D15_white,SWAB,1044,100,101,14,1.0,0.138614,0.243478,12.0714,,,0.015
"D=1.5, white",D15_white,SWAB,1045,25,113,13,1.0,0.115044,0.206349,7.9231,,,0.0146
"D=1.5, white",D15_white,SWAB,1045,50,113,13,1.0,0.115044,0.206349,7.9231,,,0.0146
"D=1.5, white",D15_white,SWAB,1045,100,113,13,1.0,0.115044,0.206349,7.9231,,,0.0146
"D=1.5, white",D15_white,SWAB,1046,25,124,14,0.857143,0.096774,0.173913,6.6667,,,0.0145
"D=1.5, white",D15_white,SWAB,1046,50,124,14,1.0,0.112903,0.202899,10.7143,,,0.0145
"D=1.5, white",D15_white,SWAB,1046,100,124,14,1.0,0.112903,0.202899,10.7143,,,0.0145
"D=1.5, white",D15_white,SWAB,1047,25,111,14,0.857143,0.108108,0.192,5.1667,,,0.0206
"D=1.5, white",D15_white,SWAB,1047,50,111,14,1.0,0.126126,0.224,8.7143,,,0.0206
"D=1.5, white",D15_white,SWAB,1047,100,111,14,1.0,0.126126,0.224,8.7143,,,0.0206
"D=1.5, white",D15_white,SWAB,1048,25,134,14,0.928571,0.097015,0.175676,5.4615,,,0.013
"D=1.5, white",D15_white,SWAB,1048,50,134,14,1.0,0.104478,0.189189,7.0,,,0.013
"D=1.5, white",D15_white,SWAB,1048,100,134,14,1.0,0.104478,0.189189,7.0,,,0.013
"D=1.5, white",D15_white,SWAB,1049,25,123,14,0.928571,0.105691,0.189781,6.8462,,,0.0201
"D=1.5, white",D15_white,SWAB,1049,50,123,14,1.0,0.113821,0.20438,8.2143,,,0.0201
"D=1.5, white",D15_white,SWAB,1049,100,123,14,1.0,0.113821,0.20438,8.2143,,,0.0201
"D=0.5, white",D05_white,CUSUM,1000,25,5,26,0.115385,0.6,0.193548,15.3333,0.5668,0.1565,0.0135
"D=0.5, white",D05_white,CUSUM,1000,50,5,26,0.153846,0.8,0.258065,18.75,0.6353,0.2907,0.0135
"D=0.5, white",D05_white,CUSUM,1000,100,5,26,0.153846,0.8,0.258065,18.75,0.6793,0.5785,0.0135
"D=0.5, white",D05_white,CUSUM,1001,25,1,4,0.0,0.0,0.0,9999.0,0.104,0.0145,0.0045
"D=0.5, white",D05_white,CUSUM,1001,50,1,4,0.0,0.0,0.0,9999.0,0.3928,0.0351,0.0045
"D=0.5, white",D05_white,CUSUM,1001,100,1,4,0.0,0.0,0.0,9999.0,0.402,0.0497,0.0045
"D=0.5, white",D05_white,CUSUM,1002,25,1,2,0.0,0.0,0.0,9999.0,0.1806,0.0152,0.0045
"D=0.5, white",D05_white,CUSUM,1002,50,1,2,0.0,0.0,0.0,9999.0,0.3231,0.0253,0.0045
"D=0.5, white",D05_white,CUSUM,1002,100,1,2,0.0,0.0,0.0,9999.0,0.4523,0.0547,0.0045
"D=0.5, white",D05_white,CUSUM,1003,25,3,1,1.0,0.333333,0.5,0.0,0.4483,0.0724,0.003
"D=0.5, white",D05_white,CUSUM,1003,50,3,1,1.0,0.333333,0.5,0.0,0.4293,0.0878,0.003
"D=0.5, white",D05_white,CUSUM,1003,100,3,1,1.0,0.333333,0.5,0.0,0.4757,0.1455,0.003
"D=0.5, white",D05_white,CUSUM,1004,25,3,12,0.083333,0.333333,0.133333,1.0,0.4808,0.0596,0.004
"D=0.5, white",D05_white,CUSUM,1004,50,3,12,0.083333,0.333333,0.133333,1.0,0.4758,0.0889,0.004
"D=0.5, white",D05_white,CUSUM,1004,100,3,12,0.166667,0.666667,0.266667,29.5,0.464,0.1571,0.004
"D=0.5, white",D05_white,CUSUM,1005,25,3,52,0.019231,0.333333,0.036364,0.0,0.3663,0.0355,0.005
"D=0.5, white",D05_white,CUSUM,1005,50,3,52,0.038462,0.666667,0.072727,13.5,0.3733,0.0636,0.005
"D=0.5, white",D05_white,CUSUM,1005,100,3,52,0.057692,1.0,0.109091,29.3333,0.3809,0.1233,0.005
"D=0.5, white",D05_white,CUSUM,1006,25,1,0,0.0,0.0,0.0,9999.0,0.3007,0.0161,0.0035
"D=0.5, white",D05_white,CUSUM,1006,50,1,0,0.0,0.0,0.0,9999.0,0.3581,0.0264,0.0035
"D=0.5, white",D05_white,CUSUM,1006,100,1,0,0.0,0.0,0.0,9999.0,0.4091,0.0477,0.0035
"D=0.5, white",D05_white,CUSUM,1007,25,1,7,0.0,0.0,0.0,9999.0,0.0845,0.0155,0.003
"D=0.5, white",D05_white,CUSUM,1007,50,1,7,0.0,0.0,0.0,9999.0,0.2387,0.024,0.003
"D=0.5, white",D05_white,CUSUM,1007,100,1,7,0.142857,1.0,0.25,57.0,0.326,0.066,0.003
"D=0.5, white",D05_white,CUSUM,1008,25,3,46,0.043478,0.666667,0.081633,12.0,0.3046,0.0351,0.003
"D=0.5, white",D05_white,CUSUM,1008,50,3,46,0.043478,0.666667,0.081633,12.0,0.3584,0.0666,0.003
"D=0.5, white",D05_white,CUSUM,1008,100,3,46,0.043478,0.666667,0.081633,12.0,0.3326,0.1161,0.003
"D=0.5, white",D05_white,CUSUM,1009,25,3,65,0.030769,0.666667,0.058824,13.5,0.2137,0.0297,0.003
"D=0.5, white",D05_white,CUSUM,1009,50,3,65,0.030769,0.666667,0.058824,13.5,0.2706,0.0426,0.003
"D=0.5, white",D05_white,CUSUM,1009,100,3,65,0.030769,0.666667,0.058824,13.5,0.3406,0.0641,0.003
"D=0.5, white",D05_white,CUSUM,1010,25,3,30,0.033333,0.333333,0.060606,1.0,0.3951,0.0351,0.0025
"D=0.5, white",D05_white,CUSUM,1010,50,3,30,0.066667,0.666667,0.121212,14.0,0.4218,0.0701,0.0025
"D=0.5, white",D05_white,CUSUM,1010,100,3,30,0.066667,0.666667,0.121212,14.0,0.4321,0.1354,0.0025
"D=0.5, white",D05_white,CUSUM,1011,25,3,26,0.076923,0.666667,0.137931,13.0,0.5036,0.0743,0.0035
"D=0.5, white",D05_white,CUSUM,1011,50,3,26,0.076923,0.666667,0.137931,13.0,0.5356,0.127,0.0035
"D=0.5, white",D05_white,CUSUM,1011,100,3,26,0.115385,1.0,0.206897,41.0,0.5242,0.2247,0.0035
"D=0.5, white",D05_white,CUSUM,1012,25,1,19,0.0,0.0,0.0,9999.0,0.0955,0.016,0.0032
"D=0.5, white",D05_white,CUSUM,1012,50,1,19,0.0,0.0,0.0,9999.0,0.1935,0.0225,0.0032
"D=0.5, white",D05_white,CUSUM,1012,100,1,19,0.0,0.0,0.0,9999.0,0.2668,0.0399,0.0032
"D=0.5, white",D05_white,CUSUM,1013,25,3,11,0.090909,0.333333,0.142857,7.0,0.3657,0.0859,0.0035
"D=0.5, white",D05_white,CUSUM,1013,50,3,11,0.090909,0.333333,0.142857,7.0,0.3898,0.0917,0.0035
"D=0.5, white",D05_white,CUSUM,1013,100,3,11,0.090909,0.333333,0.142857,7.0,0.3953,0.1385,0.0035
"D=0.5, white",D05_white,CUSUM,1014,25,3,62,0.016129,0.333333,0.030769,1.0,0.1965,0.0338,0.0045
"D=0.5, white",D05_white,CUSUM,1014,50,3,62,0.032258,0.666667,0.061538,14.5,0.1827,0.0543,0.0045
"D=0.5, white",D05_white,CUSUM,1014,100,3,62,0.048387,1.0,0.092308,43.0,0.2007,0.0919,0.0045
"D=0.5, white",D05_white,CUSUM,1015,25,1,24,0.0,0.0,0.0,9999.0,0.0858,0.0156,0.003
"D=0.5, white",D05_white,CUSUM,1015,50,1,24,0.041667,1.0,0.08,35.0,0.1821,0.0233,0.003
"D=0.5, white",D05_white,CUSUM,1015,100,1,24,0.041667,1.0,0.08,35.0,0.3001,0.0463,0.003
"D=0.5, white",D05_white,CUSUM,1016,25,3,64,0.03125,0.666667,0.059701,12.0,0.1746,0.0281,0.003
"D=0.5, white",D05_white,CUSUM,1016,50,3,64,0.03125,0.666667,0.059701,12.0,0.1696,0.0575,0.003
"D=0.5, white",D05_white,CUSUM,1016,100,3,64,0.046875,1.0,0.089552,28.0,0.2409,0.0813,0.003
"D=0.5, white",D05_white,CUSUM,1017,25,1,6,0.0,0.0,0.0,9999.0,0.1258,0.015,0.003
"D=0.5, white",D05_white,CUSUM,1017,50,1,6,0.0,0.0,0.0,9999.0,0.2386,0.0219,0.003
"D=0.5, white",D05_white,CUSUM,1017,100,1,6,0.0,0.0,0.0,9999.0,0.3351,0.0401,0.003
"D=0.5, white",D05_white,CUSUM,1018,25,1,28,0.0,0.0,0.0,9999.0,0.076,0.015,0.0035
"D=0.5, white",D05_white,CUSUM,1018,50,1,28,0.0,0.0,0.0,9999.0,0.2342,0.0205,0.0035
"D=0.5, white",D05_white,CUSUM,1018,100,1,28,0.035714,1.0,0.068966,56.0,0.2463,0.0383,0.0035
"D=0.5, white",D05_white,CUSUM,1019,25,1,27,0.0,0.0,0.0,9999.0,0.0602,0.0155,0.0085
"D=0.5, white",D05_white,CUSUM,1019,50,1,27,0.037037,1.0,0.071429,45.0,0.2686,0.025,0.0085
"D=0.5, white",D05_white,CUSUM,1019,100,1,27,0.037037,1.0,0.071429,45.0,0.3048,0.0393,0.0085
"D=0.5, white",D05_white,CUSUM,1020,25,1,38,0.0,0.0,0.0,9999.0,0.0531,0.016,0.004
"D=0.5, white",D05_white,CUSUM,1020,50,1,38,0.026316,1.0,0.051282,39.0,0.3348,0.0285,0.004
"D=0.5, white",D05_white,CUSUM,1020,100,1,38,0.026316,1.0,0.051282,39.0,0.3769,0.0451,0.004
"D=0.5, white",D05_white,CUSUM,1021,25,1,2,0.0,0.0,0.0,9999.0,0.1553,0.015,0.0035
"D=0.5, white",D05_white,CUSUM,1021,50,1,2,0.0,0.0,0.0,9999.0,0.2725,0.0229,0.0035
"D=0.5, white",D05_white,CUSUM,1021,100,1,2,0.0,0.0,0.0,9999.0,0.3316,0.0406,0.0035
"D=0.5, white",D05_white,CUSUM,1022,25,3,30,0.066667,0.666667,0.121212,9.5,0.4354,0.0464,0.004
"D=0.5, white",D05_white,CUSUM,1022,50,3,30,0.066667,0.666667,0.121212,9.5,0.4219,0.075,0.004
"D=0.5, white",D05_white,CUSUM,1022,100,3,30,0.066667,0.666667,0.121212,9.5,0.4371,0.1434,0.004
"D=0.5, white",D05_white,CUSUM,1023,25,3,52,0.038462,0.666667,0.072727,13.5,0.3014,0.0316,0.003
"D=0.5, white",D05_white,CUSUM,1023,50,3,52,0.038462,0.666667,0.072727,13.5,0.289,0.0566,0.003
"D=0.5, white",D05_white,CUSUM,1023,100,3,52,0.038462,0.666667,0.072727,13.5,0.2745,0.1062,0.003
"D=0.5, white",D05_white,CUSUM,1024,25,5,17,0.058824,0.2,0.090909,1.0,0.602,0.1487,0.004
"D=0.5, white",D05_white,CUSUM,1024,50,5,17,0.176471,0.6,0.272727,18.6667,0.6211,0.2638,0.004
"D=0.5, white",D05_white,CUSUM,1024,100,5,17,0.294118,1.0,0.454545,39.2,0.6649,0.555,0.004
"D=0.5, white",D05_white,CUSUM,1025,25,1,3,0.0,0.0,0.0,9999.0,0.149,0.0155,0.004
"D=0.5, white",D05_white,CUSUM,1025,50,1,3,0.0,0.0,0.0,9999.0,0.3787,0.0525,0.004
"D=0.5, white",D05_white,CUSUM,1025,100,1,3,0.333333,1.0,0.5,60.0,0.4546,0.0816,0.004
"D=0.5, white",D05_white,CUSUM,1026,25,1,6,0.0,0.0,0.0,9999.0,0.1328,0.0166,0.004
"D=0.5, white",D05_white,CUSUM,1026,50,1,6,0.166667,1.0,0.285714,34.0,0.2802,0.0426,0.004
"D=0.5, white",D05_white,CUSUM,1026,100,1,6,0.166667,1.0,0.285714,34.0,0.338,0.054,0.004
"D=0.5, white",D05_white,CUSUM,1027,25,3,8,0.125,0.333333,0.181818,0.0,0.3487,0.069,0.0045
"D=0.5, white",D05_white,CUSUM,1027,50,3,8,0.125,0.333333,0.181818,0.0,0.3645,0.0827,0.0045
"D=0.5, white",D05_white,CUSUM,1027,100,3,8,0.125,0.333333,0.181818,0.0,0.3875,0.1276,0.0045
"D=0.5, white",D05_white,CUSUM,1028,25,5,46,0.086957,0.8,0.156863,12.25,0.4338,0.0733,0.004
"D=0.5, white",D05_white,CUSUM,1028,50,5,46,0.108696,1.0,0.196078,17.8,0.4421,0.1454,0.004
"D=0.5, white",D05_white,CUSUM,1028,100,5,46,0.108696,1.0,0.196078,17.8,0.4453,0.2455,0.004
"D=0.5, white",D05_white,CUSUM,1029,25,3,61,0.032787,0.666667,0.0625,12.5,0.201,0.0317,0.0035
"D=0.5, white",D05_white,CUSUM,1029,50,3,61,0.04918,1.0,0.09375,24.3333,0.2054,0.0528,0.0035
"D=0.5, white",D05_white,CUSUM,1029,100,3,61,0.04918,1.0,0.09375,24.3333,0.1791,0.0985,0.0035
"D=0.5, white",D05_white,CUSUM,1030,25,3,65,0.030769,0.666667,0.058824,11.5,0.1995,0.0287,0.0035
"D=0.5, white",D05_white,CUSUM,1030,50,3,65,0.030769,0.666667,0.058824,11.5,0.2407,0.0414,0.0035
"D=0.5, white",D05_white,CUSUM,1030,100,3,65,0.030769,0.666667,0.058824,11.5,0.3092,0.0626,0.0035
"D=0.5, white",D05_white,CUSUM,1031,25,1,32,0.0,0.0,0.0,9999.0,0.072,0.015,0.0035
"D=0.5, white",D05_white,CUSUM,1031,50,1,32,0.03125,1.0,0.060606,38.0,0.3072,0.0233,0.0035
"D=0.5, white",D05_white,CUSUM,1031,100,1,32,0.03125,1.0,0.060606,38.0,0.3811,0.0456,0.0035
"D=0.5, white",D05_white,CUSUM,1032,25,1,18,0.0,0.0,0.0,9999.0,0.0995,0.0155,0.005
"D=0.5, white",D05_white,CUSUM,1032,50,1,18,0.055556,1.0,0.105263,42.0,0.3062,0.0317,0.005
"D=0.5, white",D05_white,CUSUM,1032,100,1,18,0.055556,1.0,0.105263,42.0,0.3866,0.0476,0.005
"D=0.5, white",D05_white,CUSUM,1033,25,1,3,0.0,0.0,0.0,9999.0,0.1656,0.0145,0.0055
"D=0.5, white",D05_white,CUSUM,1033,50,1,3,0.0,0.0,0.0,9999.0,0.3059,0.0223,0.0055
"D=0.5, white",D05_white,CUSUM,1033,100,1,3,0.0,0.0,0.0,9999.0,0.3937,0.0516,0.0055
"D=0.5, white",D05_white,CUSUM,1034,25,1,6,0.0,0.0,0.0,9999.0,0.1347,0.0156,0.003
"D=0.5, white",D05_white,CUSUM,1034,50,1,6,0.0,0.0,0.0,9999.0,0.1999,0.0239,0.003
"D=0.5, white",D05_white,CUSUM,1034,100,1,6,0.0,0.0,0.0,9999.0,0.293,0.0407,0.003
"D=0.5, white",D05_white,CUSUM,1035,25,3,7,0.142857,0.333333,0.2,0.0,0.4377,0.0638,0.004
"D=0.5, white",D05_white,CUSUM,1035,50,3,7,0.142857,0.333333,0.2,0.0,0.4512,0.0864,0.004
"D=0.5, white",D05_white,CUSUM,1035,100,3,7,0.142857,0.333333,0.2,0.0,0.5318,0.1811,0.004
"D=0.5, white",D05_white,CUSUM,1036,25,3,13,0.153846,0.666667,0.25,12.0,0.529,0.0807,0.003
"D=0.5, white",D05_white,CUSUM,1036,50,3,13,0.153846,0.666667,0.25,12.0,0.5583,0.1272,0.003
"D=0.5, white",D05_white,CUSUM,1036,100,3,13,0.153846,0.666667,0.25,12.0,0.6005,0.2431,0.003
"D=0.5, white",D05_white,CUSUM,1037,25,3,12,0.083333,0.333333,0.133333,1.0,0.4793,0.0672,0.004
"D=0.5, white",D05_white,CUSUM,1037,50,3,12,0.166667,0.666667,0.266667,14.0,0.5478,0.1372,0.004
"D=0.5, white",D05_white,CUSUM,1037,100,3,12,0.166667,0.666667,0.266667,14.0,0.6167,0.2749,0.004
"D=0.5, white",D05_white,CUSUM,1038,25,1,3,0.0,0.0,0.0,9999.0,0.2174,0.015,0.0046
"D=0.5, white",D05_white,CUSUM,1038,50,1,3,0.0,0.0,0.0,9999.0,0.2939,0.0252,0.0046
"D=0.5, white",D05_white,CUSUM,1038,100,1,3,0.0,0.0,0.0,9999.0,0.445,0.0537,0.0046
"D=0.5, white",D05_white,CUSUM,1039,25,1,4,0.0,0.0,0.0,9999.0,0.1447,0.0155,0.0035
"D=0.5, white",D05_white,CUSUM,1039,50,1,4,0.25,1.0,0.4,31.0,0.3031,0.0296,0.0035
"D=0.5, white",D05_white,CUSUM,1039,100,1,4,0.25,1.0,0.4,31.0,0.3484,0.0449,0.0035
"D=0.5, white",D05_white,CUSUM,1040,25,1,6,0.0,0.0,0.0,9999.0,0.1224,0.016,0.0045
"D=0.5, white",D05_white,CUSUM,1040,50,1,6,0.0,0.0,0.0,9999.0,0.2535,0.0219,0.0045
"D=0.5, white",D05_white,CUSUM,1040,100,1,6,0.0,0.0,0.0,9999.0,0.3498,0.045,0.0045
"D=0.5, white",D05_white,CUSUM,1041,25,1,49,0.020408,1.0,0.04,25.0,0.1391,0.0166,0.0045
"D=0.5, white",D05_white,CUSUM,1041,50,1,49,0.020408,1.0,0.04,25.0,0.3291,0.028,0.0045
"D=0.5, white",D05_white,CUSUM,1041,100,1,49,0.020408,1.0,0.04,25.0,0.3286,0.0425,0.0045
"D=0.5, white",D05_white,CUSUM,1042,25,1,12,0.0,0.0,0.0,9999.0,0.1262,0.015,0.0035
"D=0.5, white",D05_white,CUSUM,1042,50,1,12,0.0,0.0,0.0,9999.0,0.296,0.0216,0.0035
"D=0.5, white",D05_white,CUSUM,1042,100,1,12,0.083333,1.0,0.153846,54.0,0.3781,0.0453,0.0035
"D=0.5, white",D05_white,CUSUM,1043,25,3,32,0.0625,0.666667,0.114286,13.0,0.4669,0.1657,0.003
"D=0.5, white",D05_white,CUSUM,1043,50,3,32,0.09375,1.0,0.171429,21.6667,0.5412,0.2623,0.003
"D=0.5, white",D05_white,CUSUM,1043,100,3,32,0.09375,1.0,0.171429,21.6667,0.5185,0.2623,0.003
"D=0.5, white",D05_white,CUSUM,1044,25,3,32,0.03125,0.333333,0.057143,1.0,0.3726,0.0355,0.004
"D=0.5, white",D05_white,CUSUM,1044,50,3,32,0.0625,0.666667,0.114286,14.0,0.4017,0.0707,0.004
"D=0.5, white",D05_white,CUSUM,1044,100,3,32,0.0625,0.666667,0.114286,14.0,0.4368,0.1347,0.004
"D=0.5, white",D05_white,CUSUM,1045,25,1,11,0.0,0.0,0.0,9999.0,0.0974,0.0145,0.0035
"D=0.5, white",D05_white,CUSUM,1045,50,1,11,0.0,0.0,0.0,9999.0,0.2433,0.0217,0.0035
"D=0.5, white",D05_white,CUSUM,1045,100,1,11,0.0,0.0,0.0,9999.0,0.3951,0.0442,0.0035
"D=0.5, white",D05_white,CUSUM,1046,25,1,3,0.0,0.0,0.0,9999.0,0.183,0.0165,0.003
"D=0.5, white",D05_white,CUSUM,1046,50,1,3,0.0,0.0,0.0,9999.0,0.2838,0.024,0.003
"D=0.5, white",D05_white,CUSUM,1046,100,1,3,0.0,0.0,0.0,9999.0,0.2921,0.0432,0.003
"D=0.5, white",D05_white,CUSUM,1047,25,3,65,0.030769,0.666667,0.058824,13.0,0.1981,0.0247,0.0035
"D=0.5, white",D05_white,CUSUM,1047,50,3,65,0.030769,0.666667,0.058824,13.0,0.2849,0.0366,0.0035
"D=0.5, white",D05_white,CUSUM,1047,100,3,65,0.046154,1.0,0.088235,41.3333,0.3544,0.0592,0.0035
"D=0.5, white",D05_white,CUSUM,1048,25,7,65,0.092308,0.857143,0.166667,10.0,0.2069,0.0698,0.004
"D=0.5, white",D05_white,CUSUM,1048,50,7,65,0.107692,1.0,0.194444,13.4286,0.2118,0.0907,0.004
"D=0.5, white",D05_white,CUSUM,1048,100,7,65,0.107692,1.0,0.194444,13.4286,0.2692,0.1179,0.004
"D=0.5, white",D05_white,CUSUM,1049,25,3,3,0.333333,0.333333,0.333333,1.0,0.4891,0.1499,0.0035
"D=0.5, white",D05_white,CUSUM,1049,50,3,3,0.666667,0.666667,0.666667,15.0,0.5184,0.1519,0.0035
"D=0.5, white",D05_white,CUSUM,1049,100,3,3,0.666667,0.666667,0.666667,15.0,0.511,0.158,0.0035
"D=1, white",D10_white,CUSUM,1000,25,39,51,0.529412,0.692308,0.6,10.5185,0.5223,0.5062,0.0035
"D=1, white",D10_white,CUSUM,1000,50,39,51,0.647059,0.846154,0.733333,15.1515,0.5481,0.8317,0.0035
"D=1, white",D10_white,CUSUM,1000,100,39,51,0.705882,0.923077,0.8,19.4167,0.6683,0.9918,0.0035
"D=1, white",D10_white,CUSUM,1001,25,35,45,0.466667,0.6,0.525,8.3333,0.573,0.4794,0.004
"D=1, white",D10_white,CUSUM,1001,50,35,45,0.644444,0.828571,0.725,15.9655,0.5694,0.7281,0.004
"D=1, white",D10_white,CUSUM,1001,100,35,45,0.666667,0.857143,0.75,18.0,0.7571,0.9751,0.004
"D=1, white",D10_white,CUSUM,1002,25,43,65,0.507692,0.767442,0.611111,11.7576,0.4608,0.4766,0.0045
"D=1, white",D10_white,CUSUM,1002,50,43,65,0.569231,0.860465,0.685185,14.5676,0.4545,0.6963,0.0045
"D=1, white",D10_white,CUSUM,1002,100,43,65,0.584615,0.883721,0.703704,16.7368,0.6711,0.975,0.0045
"D=1, white",D10_white,CUSUM,1003,25,43,52,0.384615,0.465116,0.421053,8.85,0.4663,0.4344,0.0045
"D=1, white",D10_white,CUSUM,1003,50,43,52,0.557692,0.674419,0.610526,16.4483,0.4839,0.6816,0.0045
"D=1, white",D10_white,CUSUM,1003,100,43,52,0.615385,0.744186,0.673684,21.0312,0.4718,0.8722,0.0045
"D=1, white",D10_white,CUSUM,1004,25,45,51,0.54902,0.622222,0.583333,10.3929,0.5569,0.5419,0.0055
"D=1, white",D10_white,CUSUM,1004,50,45,51,0.666667,0.755556,0.708333,14.4118,0.5212,0.7295,0.0055
"D=1, white",D10_white,CUSUM,1004,100,45,51,0.705882,0.8,0.75,17.75,0.4758,0.8881,0.0055
"D=1, white",D10_white,CUSUM,1005,25,37,56,0.482143,0.72973,0.580645,12.6667,0.4755,0.4714,0.0045
"D=1, white",D10_white,CUSUM,1005,50,37,56,0.5,0.756757,0.602151,13.3214,0.4536,0.689,0.0045
"D=1, white",D10_white,CUSUM,1005,100,37,56,0.589286,0.891892,0.709677,22.6364,0.4654,0.8778,0.0045
"D=1, white",D10_white,CUSUM,1006,25,39,55,0.4,0.564103,0.468085,8.4545,0.4706,0.4508,0.004
"D=1, white",D10_white,CUSUM,1006,50,39,55,0.545455,0.769231,0.638298,16.0667,0.4527,0.6579,0.004
"D=1, white",D10_white,CUSUM,1006,100,39,55,0.581818,0.820513,0.680851,20.0625,0.3968,0.9194,0.004
"D=1, white",D10_white,CUSUM,1007,25,21,53,0.283019,0.714286,0.405405,9.7333,0.4631,0.2783,0.004
"D=1, white",D10_white,CUSUM,1007,50,21,53,0.339623,0.857143,0.486486,12.8333,0.4983,0.4566,0.004
"D=1, white",D10_white,CUSUM,1007,100,21,53,0.358491,0.904762,0.513514,16.9474,0.5157,0.6723,0.004
"D=1, white",D10_white,CUSUM,1008,25,57,59,0.59322,0.614035,0.603448,11.1429,0.4373,0.5736,0.003
"D=1, white",D10_white,CUSUM,1008,50,57,59,0.762712,0.789474,0.775862,17.8889,0.4297,0.8399,0.003
"D=1, white",D10_white,CUSUM,1008,100,57,59,0.830508,0.859649,0.844828,22.1429,0.2511,0.97,0.003
"D=1, white",D10_white,CUSUM,1009,25,45,65,0.492308,0.711111,0.581818,10.8438,0.4785,0.5083,0.0039
"D=1, white",D10_white,CUSUM,1009,50,45,65,0.553846,0.8,0.654545,13.5278,0.5171,0.756,0.0039
"D=1, white",D10_white,CUSUM,1009,100,45,65,0.6,0.866667,0.709091,19.0769,0.7699,0.9903,0.0039
"D=1, white",D10_white,CUSUM,1010,25,37,54,0.388889,0.567568,0.461538,7.9048,0.502,0.4865,0.0042
"D=1, white",D10_white,CUSUM,1010,50,37,54,0.537037,0.783784,0.637363,15.6207,0.477,0.639,0.0042
"D=1, white",D10_white,CUSUM,1010,100,37,54,0.574074,0.837838,0.681319,20.6129,0.4602,0.8042,0.0042
"D=1, white",D10_white,CUSUM,1011,25,43,56,0.464286,0.604651,0.525253,7.6154,0.4553,0.4836,0.0045
"D=1, white",D10_white,CUSUM,1011,50,43,56,0.571429,0.744186,0.646465,11.5312,0.4397,0.6953,0.0045
"D=1, white",D10_white,CUSUM,1011,100,43,56,0.625,0.813953,0.707071,16.1714,0.4486,0.8988,0.0045
"D=1, white",D10_white,CUSUM,1012,25,41,58,0.431034,0.609756,0.505051,9.76,0.4692,0.429,0.004
"D=1, white",D10_white,CUSUM,1012,50,41,58,0.517241,0.731707,0.606061,13.3333,0.4588,0.6951,0.004
"D=1, white",D10_white,CUSUM,1012,100,41,58,0.568966,0.804878,0.666667,19.2121,0.3929,0.8482,0.004
"D=1, white",D10_white,CUSUM,1013,25,49,59,0.457627,0.55102,0.5,9.2593,0.541,0.5273,0.004
"D=1, white",D10_white,CUSUM,1013,50,49,59,0.576271,0.693878,0.62963,14.4118,0.5908,0.7572,0.004
"D=1, white",D10_white,CUSUM,1013,100,49,59,0.661017,0.795918,0.722222,21.359,0.6813,0.9333,0.004
"D=1, white",D10_white,CUSUM,1014,25,35,62,0.403226,0.714286,0.515464,10.6,0.4081,0.3624,0.0045
"D=1, white",D10_white,CUSUM,1014,50,35,62,0.5,0.885714,0.639175,16.1613,0.3865,0.6107,0.0045
"D=1, white",D10_white,CUSUM,1014,100,35,62,0.548387,0.971429,0.701031,21.5588,0.1799,0.8362,0.0045
"D=1, white",D10_white,CUSUM,1015,25,47,56,0.5,0.595745,0.543689,9.25,0.4453,0.473,0.004
"D=1, white",D10_white,CUSUM,1015,50,47,56,0.607143,0.723404,0.660194,13.0,0.405,0.7623,0.004
"D=1, white",D10_white,CUSUM,1015,100,47,56,0.678571,0.808511,0.737864,20.5,0.6637,0.9994,0.004
"D=1, white",D10_white,CUSUM,1016,25,33,42,0.380952,0.484848,0.426667,6.625,0.5537,0.4235,0.0045
"D=1, white",D10_white,CUSUM,1016,50,33,42,0.571429,0.727273,0.64,14.625,0.5959,0.6777,0.0045
"D=1, white",D10_white,CUSUM,1016,100,33,42,0.595238,0.757576,0.666667,16.16,0.6264,0.8444,0.0045
"D=1, white",D10_white,CUSUM,1017,25,43,58,0.534483,0.72093,0.613861,10.5484,0.6477,0.5492,0.0045
"D=1, white",D10_white,CUSUM,1017,50,43,58,0.62069,0.837209,0.712871,14.1111,0.6936,0.7633,0.0045
"D=1, white",D10_white,CUSUM,1017,100,43,58,0.655172,0.883721,0.752475,17.6316,0.7495,0.9262,0.0045
"D=1, white",D10_white,CUSUM,1018,25,49,60,0.533333,0.653061,0.587156,11.4688,0.4718,0.5156,0.004
"D=1, white",D10_white,CUSUM,1018,50,49,60,0.633333,0.77551,0.697248,14.8684,0.4897,0.7876,0.004
"D=1, white",D10_white,CUSUM,1018,100,49,60,0.716667,0.877551,0.788991,22.2093,0.601,0.9793,0.004
"D=1, white",D10_white,CUSUM,1019,25,47,62,0.435484,0.574468,0.495413,8.0741,0.4788,0.5094,0.0045
"D=1, white",D10_white,CUSUM,1019,50,47,62,0.645161,0.851064,0.733945,16.75,0.5197,0.7749,0.0045
"D=1, white",D10_white,CUSUM,1019,100,47,62,0.693548,0.914894,0.788991,21.1628,0.426,0.946,0.0045
"D=1, white",D10_white,CUSUM,1020,25,41,52,0.5,0.634146,0.55914,10.1154,0.648,0.6418,0.0045
"D=1, white",D10_white,CUSUM,1020,50,41,52,0.634615,0.804878,0.709677,14.3333,0.6675,0.8296,0.0045
"D=1, white",D10_white,CUSUM,1020,100,41,52,0.692308,0.878049,0.774194,18.8333,0.6943,0.9838,0.0045
"D=1, white",D10_white,CUSUM,1021,25,37,61,0.47541,0.783784,0.591837,10.7586,0.5979,0.5253,0.004
"D=1, white",D10_white,CUSUM,1021,50,37,61,0.540984,0.891892,0.673469,13.2121,0.6059,0.7498,0.004
"D=1, white",D10_white,CUSUM,1021,100,37,61,0.540984,0.891892,0.673469,13.2121,0.4459,0.9082,0.004
"D=1, white",D10_white,CUSUM,1022,25,40,55,0.4,0.55,0.463158,6.5455,0.4975,0.4622,0.003
"D=1, white",D10_white,CUSUM,1022,50,40,55,0.6,0.825,0.694737,16.1515,0.4536,0.7216,0.003
"D=1, white",D10_white,CUSUM,1022,100,40,55,0.636364,0.875,0.736842,20.2571,0.356,0.9058,0.003
"D=1, white",D10_white,CUSUM,1023,25,37,61,0.409836,0.675676,0.510204,10.68,0.3994,0.3871,0.004
"D=1, white",D10_white,CUSUM,1023,50,37,61,0.47541,0.783784,0.591837,14.4828,0.3547,0.6377,0.004
"D=1, white",D10_white,CUSUM,1023,100,37,61,0.508197,0.837838,0.632653,18.6129,0.2585,0.9049,0.004
"D=1, white",D10_white,CUSUM,1024,25,45,54,0.537037,0.644444,0.585859,10.1034,0.4296,0.4622,0.0045
"D=1, white",D10_white,CUSUM,1024,50,45,54,0.648148,0.777778,0.707071,14.7714,0.3677,0.7151,0.0045
"D=1, white",D10_white,CUSUM,1024,100,45,54,0.685185,0.822222,0.747475,17.1892,0.119,0.9632,0.0045
"D=1, white",D10_white,CUSUM,1025,25,29,62,0.370968,0.793103,0.505495,10.913,0.3864,0.3417,0.004
"D=1, white",D10_white,CUSUM,1025,50,29,62,0.403226,0.862069,0.549451,12.84,0.385,0.6352,0.004
"D=1, white",D10_white,CUSUM,1025,100,29,62,0.403226,0.862069,0.549451,12.84,0.4024,0.8608,0.004
"D=1, white",D10_white,CUSUM,1026,25,41,49,0.530612,0.634146,0.577778,10.6923,0.5497,0.5104,0.004
"D=1, white",D10_white,CUSUM,1026,50,41,49,0.612245,0.731707,0.666667,14.0,0.5677,0.7199,0.004
"D=1, white",D10_white,CUSUM,1026,100,41,49,0.755102,0.902439,0.822222,25.0811,0.7108,0.952,0.004
"D=1, white",D10_white,CUSUM,1027,25,27,61,0.295082,0.666667,0.409091,9.9444,0.487,0.3861,0.0035
"D=1, white",D10_white,CUSUM,1027,50,27,61,0.377049,0.851852,0.522727,14.913,0.4681,0.5564,0.0035
"D=1, white",D10_white,CUSUM,1027,100,27,61,0.409836,0.925926,0.568182,20.56,0.4303,0.7495,0.0035
"D=1, white",D10_white,CUSUM,1028,25,45,65,0.461538,0.666667,0.545455,9.8667,0.4133,0.4501,0.005
"D=1, white",D10_white,CUSUM,1028,50,45,65,0.569231,0.822222,0.672727,14.3243,0.4129,0.7119,0.005
"D=1, white",D10_white,CUSUM,1028,100,45,65,0.630769,0.911111,0.745455,20.1951,0.3185,0.9252,0.005
"D=1, white",D10_white,CUSUM,1029,25,29,49,0.306122,0.517241,0.384615,7.1333,0.4161,0.3267,0.003
"D=1, white",D10_white,CUSUM,1029,50,29,49,0.469388,0.793103,0.589744,16.913,0.3757,0.5361,0.003
"D=1, white",D10_white,CUSUM,1029,100,29,49,0.530612,0.896552,0.666667,23.8846,0.2954,0.7777,0.003
"D=1, white",D10_white,CUSUM,1030,25,47,53,0.566038,0.638298,0.6,9.1333,0.4039,0.4619,0.004
"D=1, white",D10_white,CUSUM,1030,50,47,53,0.698113,0.787234,0.74,14.9459,0.4102,0.7022,0.004
"D=1, white",D10_white,CUSUM,1030,100,47,53,0.735849,0.829787,0.78,18.0769,0.575,0.9679,0.004
"D=1, white",D10_white,CUSUM,1031,25,45,63,0.52381,0.733333,0.611111,9.8788,0.5114,0.6109,0.0045
"D=1, white",D10_white,CUSUM,1031,50,45,63,0.587302,0.822222,0.685185,12.5676,0.4726,0.8074,0.0045
"D=1, white",D10_white,CUSUM,1031,100,45,63,0.603175,0.844444,0.703704,14.4474,0.3511,0.9611,0.0045
"D=1, white",D10_white,CUSUM,1032,25,39,48,0.479167,0.589744,0.528736,9.9565,0.5707,0.474,0.0045
"D=1, white",D10_white,CUSUM,1032,50,39,48,0.645833,0.794872,0.712644,16.9032,0.6104,0.7338,0.0045
"D=1, white",D10_white,CUSUM,1032,100,39,48,0.6875,0.846154,0.758621,21.2121,0.5908,0.9236,0.0045
"D=1, white",D10_white,CUSUM,1033,25,39,59,0.440678,0.666667,0.530612,9.8077,0.4999,0.4364,0.003
"D=1, white",D10_white,CUSUM,1033,50,39,59,0.576271,0.871795,0.693878,15.7647,0.486,0.7143,0.003
"D=1, white",D10_white,CUSUM,1033,100,39,59,0.644068,0.974359,0.77551,22.7632,0.5461,0.9835,0.003
"D=1, white",D10_white,CUSUM,1034,25,47,64,0.484375,0.659574,0.558559,8.9677,0.2682,0.3864,0.004
"D=1, white",D10_white,CUSUM,1034,50,47,64,0.609375,0.829787,0.702703,14.4872,0.2021,0.5409,0.004
"D=1, white",D10_white,CUSUM,1034,100,47,64,0.65625,0.893617,0.756757,19.8333,0.1216,0.6664,0.004
"D=1, white",D10_white,CUSUM,1035,25,39,58,0.482759,0.717949,0.57732,10.6786,0.4955,0.5042,0.003
"D=1, white",D10_white,CUSUM,1035,50,39,58,0.586207,0.871795,0.701031,14.5294,0.4522,0.7165,0.003
"D=1, white",D10_white,CUSUM,1035,100,39,58,0.62069,0.923077,0.742268,18.6389,0.4002,0.9064,0.003
"D=1, white",D10_white,CUSUM,1036,25,33,60,0.366667,0.666667,0.473118,10.6818,0.4604,0.367,0.0061
"D=1, white",D10_white,CUSUM,1036,50,33,60,0.433333,0.787879,0.55914,14.8846,0.4301,0.5421,0.0061
"D=1, white",D10_white,CUSUM,1036,100,33,60,0.5,0.909091,0.645161,22.5,0.478,0.7801,0.0061
"D=1, white",D10_white,CUSUM,1037,25,43,55,0.472727,0.604651,0.530612,10.0769,0.3769,0.4053,0.004
"D=1, white",D10_white,CUSUM,1037,50,43,55,0.618182,0.790698,0.693878,15.9118,0.3315,0.6529,0.004
"D=1, white",D10_white,CUSUM,1037,100,43,55,0.618182,0.790698,0.693878,15.9118,0.0706,0.8691,0.004
"D=1, white",D10_white,CUSUM,1038,25,49,62,0.532258,0.673469,0.594595,9.2727,0.4782,0.5846,0.004
"D=1, white",D10_white,CUSUM,1038,50,49,62,0.629032,0.795918,0.702703,12.5641,0.5212,0.8459,0.004
"D=1, white",D10_white,CUSUM,1038,100,49,62,0.66129,0.836735,0.738739,15.8049,0.6174,0.9923,0.004
"D=1, white",D10_white,CUSUM,1039,25,41,66,0.378788,0.609756,0.46729,8.72,0.5334,0.437,0.0045
"D=1, white",D10_white,CUSUM,1039,50,41,66,0.5,0.804878,0.616822,15.2424,0.5792,0.6828,0.0045
"D=1, white",D10_white,CUSUM,1039,100,41,66,0.545455,0.878049,0.672897,21.5556,0.598,0.871,0.0045
"D=1, white",D10_white,CUSUM,1040,25,39,49,0.469388,0.589744,0.522727,10.6957,0.5302,0.3729,0.004
"D=1, white",D10_white,CUSUM,1040,50,39,49,0.55102,0.692308,0.613636,15.1852,0.5284,0.5776,0.004
"D=1, white",D10_white,CUSUM,1040,100,39,49,0.653061,0.820513,0.727273,24.5312,0.5388,0.8149,0.004
"D=1, white",D10_white,CUSUM,1041,25,47,59,0.525424,0.659574,0.584906,11.5484,0.4551,0.471,0.0045
"D=1, white",D10_white,CUSUM,1041,50,47,59,0.661017,0.829787,0.735849,16.1795,0.4578,0.75,0.0045
"D=1, white",D10_white,CUSUM,1041,100,47,59,0.762712,0.957447,0.849057,25.1111,0.2081,0.9366,0.0045
"D=1, white",D10_white,CUSUM,1042,25,43,64,0.46875,0.697674,0.560748,10.0667,0.5805,0.5141,0.003
"D=1, white",D10_white,CUSUM,1042,50,43,64,0.59375,0.883721,0.71028,15.7632,0.5869,0.7117,0.003
"D=1, white",D10_white,CUSUM,1042,100,43,64,0.65625,0.976744,0.785047,21.9048,0.6958,0.9355,0.003
"D=1, white",D10_white,CUSUM,1043,25,39,62,0.451613,0.717949,0.554455,10.5357,0.4297,0.4391,0.004
"D=1, white",D10_white,CUSUM,1043,50,39,62,0.516129,0.820513,0.633663,13.625,0.45,0.6874,0.004
"D=1, white",D10_white,CUSUM,1043,100,39,62,0.548387,0.871795,0.673267,17.2059,0.4927,0.9237,0.004
"D=1, white",D10_white,CUSUM,1044,25,36,46,0.521739,0.666667,0.585366,10.6667,0.5595,0.4638,0.006
"D=1, white",D10_white,CUSUM,1044,50,36,46,0.652174,0.833333,0.731707,15.4,0.615,0.7258,0.006
"D=1, white",D10_white,CUSUM,1044,100,36,46,0.673913,0.861111,0.756098,16.5484,0.8383,0.9854,0.006
"D=1, white",D10_white,CUSUM,1045,25,51,64,0.5625,0.705882,0.626087,9.8889,0.4221,0.5638,0.0065
"D=1, white",D10_white,CUSUM,1045,50,51,64,0.671875,0.843137,0.747826,14.0698,0.2987,0.7342,0.0065
"D=1, white",D10_white,CUSUM,1045,100,51,64,0.71875,0.901961,0.8,18.6087,0.1462,0.8576,0.0065
"D=1, white",D10_white,CUSUM,1046,25,55,51,0.568627,0.527273,0.54717,8.3103,0.54,0.6592,0.004
"D=1, white",D10_white,CUSUM,1046,50,55,51,0.784314,0.727273,0.754717,15.0,0.5909,0.8785,0.004
"D=1, white",D10_white,CUSUM,1046,100,55,51,0.823529,0.763636,0.792453,18.381,0.7247,0.9755,0.004
"D=1, white",D10_white,CUSUM,1047,25,43,63,0.460317,0.674419,0.54717,10.3103,0.5222,0.4615,0.0105
"D=1, white",D10_white,CUSUM,1047,50,43,63,0.539683,0.790698,0.641509,14.4118,0.5984,0.7529,0.0105
"D=1, white",D10_white,CUSUM,1047,100,43,63,0.571429,0.837209,0.679245,17.2222,0.7406,0.9732,0.0105
"D=1, white",D10_white,CUSUM,1048,25,51,66,0.484848,0.627451,0.547009,9.5,0.3281,0.4019,0.008
"D=1, white",D10_white,CUSUM,1048,50,51,66,0.545455,0.705882,0.615385,12.1111,0.383,0.5753,0.008
"D=1, white",D10_white,CUSUM,1048,100,51,66,0.560606,0.72549,0.632479,14.0541,0.4495,0.7989,0.008
"D=1, white",D10_white,CUSUM,1049,25,33,66,0.363636,0.727273,0.484848,10.125,0.4926,0.3831,0.0045
"D=1, white",D10_white,CUSUM,1049,50,33,66,0.424242,0.848485,0.565657,14.2857,0.5321,0.6436,0.0045
"D=1, white",D10_white,CUSUM,1049,100,33,66,0.484848,0.969697,0.646465,22.3438,0.6327,0.9187,0.0045
"D=1, pink",D10_pink,CUSUM,1000,25,192,63,0.793651,0.260417,0.392157,7.08,0.5071,0.7859,0.0051
"D=1, pink",D10_pink,CUSUM,1000,50,192,63,0.952381,0.3125,0.470588,11.9667,0.5223,0.973,0.0051
"D=1, pink",D10_pink,CUSUM,1000,100,192,63,1.0,0.328125,0.494118,14.6825,,,0.0051
"D=1, pink",D10_pink,CUSUM,1001,25,199,66,0.621212,0.20603,0.309434,5.3902,0.5607,0.6942,0.004
"D=1, pink",D10_pink,CUSUM,1001,50,199,66,0.80303,0.266332,0.4,12.1887,0.561,0.8678,0.004
"D=1, pink",D10_pink,CUSUM,1001,100,199,66,0.909091,0.301508,0.45283,19.8667,,,0.004
"D=1, pink",D10_pink,CUSUM,1002,25,205,65,0.830769,0.263415,0.4,6.7037,0.4289,0.777,0.0035
"D=1, pink",D10_pink,CUSUM,1002,50,205,65,0.923077,0.292683,0.444444,9.6667,0.5822,0.9555,0.0035
"D=1, pink",D10_pink,CUSUM,1002,100,205,65,0.984615,0.312195,0.474074,14.6406,,,0.0035
"D=1, pink",D10_pink,CUSUM,1003,25,186,61,0.836066,0.274194,0.412955,8.2157,0.4754,0.8181,0.0035
"D=1, pink",D10_pink,CUSUM,1003,50,186,61,0.967213,0.317204,0.477733,11.6102,0.5628,0.9961,0.0035
"D=1, pink",D10_pink,CUSUM,1003,100,186,61,1.0,0.327957,0.493927,13.4426,,,0.0035
"D=1, pink",D10_pink,CUSUM,1004,25,198,65,0.769231,0.252525,0.380228,8.04,0.3881,0.7055,0.004
"D=1, pink",D10_pink,CUSUM,1004,50,198,65,0.907692,0.29798,0.448669,13.0339,0.3287,0.923,0.004
"D=1, pink",D10_pink,CUSUM,1004,100,198,65,0.984615,0.323232,0.486692,18.0312,,,0.004
"D=1, pink",D10_pink,CUSUM,1005,25,179,65,0.861538,0.312849,0.459016,7.3929,0.4731,0.8197,0.004
"D=1, pink",D10_pink,CUSUM,1005,50,179,65,0.938462,0.340782,0.5,9.7213,0.5788,0.9762,0.004
"D=1, pink",D10_pink,CUSUM,1005,100,179,65,1.0,0.363128,0.532787,13.5846,,,0.004
"D=1, pink",D10_pink,CUSUM,1006,25,193,66,0.80303,0.274611,0.409266,7.7925,0.2815,0.6677,0.004
"D=1, pink",D10_pink,CUSUM,1006,50,193,66,0.924242,0.316062,0.471042,11.9344,0.0356,0.8605,0.004
"D=1, pink",D10_pink,CUSUM,1006,100,193,66,1.0,0.341969,0.509653,16.3939,,,0.004
"D=1, pink",D10_pink,CUSUM,1007,25,167,64,0.875,0.335329,0.484848,7.875,0.762,0.9584,0.004
"D=1, pink",D10_pink,CUSUM,1007,50,167,64,0.9375,0.359281,0.519481,9.75,0.794,0.9907,0.004
"D=1, pink",D10_pink,CUSUM,1007,100,167,64,1.0,0.383234,0.554113,13.0,,,0.004
"D=1, pink",D10_pink,CUSUM,1008,25,211,64,0.6875,0.208531,0.32,7.25,0.4877,0.6347,0.005
"D=1, pink",D10_pink,CUSUM,1008,50,211,64,0.8125,0.246445,0.378182,11.7308,0.3808,0.7739,0.005
"D=1, pink",D10_pink,CUSUM,1008,100,211,64,0.90625,0.274882,0.421818,18.0345,0.051,0.9192,0.005
"D=1, pink",D10_pink,CUSUM,1009,25,178,66,0.787879,0.292135,0.42623,6.0385,0.5194,0.8474,0.004
"D=1, pink",D10_pink,CUSUM,1009,50,178,66,0.878788,0.325843,0.47541,8.4655,0.4754,0.9407,0.004
"D=1, pink",D10_pink,CUSUM,1009,100,178,66,0.969697,0.359551,0.52459,14.4844,,,0.004
"D=1, pink",D10_pink,CUSUM,1010,25,182,65,0.815385,0.291209,0.42915,8.5094,0.5035,0.7702,0.004
"D=1, pink",D10_pink,CUSUM,1010,50,182,65,0.923077,0.32967,0.48583,12.4667,0.5758,0.9702,0.004
"D=1, pink",D10_pink,CUSUM,1010,100,182,65,0.969231,0.346154,0.510121,15.8571,,,0.004
"D=1, pink",D10_pink,CUSUM,1011,25,176,60,0.833333,0.284091,0.423729,7.94,0.4272,0.761,0.0043
"D=1, pink",D10_pink,CUSUM,1011,50,176,60,0.966667,0.329545,0.491525,12.2069,0.3006,0.9438,0.0043
"D=1, pink",D10_pink,CUSUM,1011,100,176,60,1.0,0.340909,0.508475,14.4667,,,0.0043
"D=1, pink",D10_pink,CUSUM,1012,25,207,66,0.772727,0.246377,0.373626,7.3333,0.3265,0.706,0.004
"D=1, pink",D10_pink,CUSUM,1012,50,207,66,0.939394,0.299517,0.454212,12.4839,0.2412,0.9287,0.004
"D=1, pink",D10_pink,CUSUM,1012,100,207,66,0.969697,0.309179,0.468864,14.2812,,,0.004
"D=1, pink",D10_pink,CUSUM,1013,25,172,64,0.828125,0.30814,0.449153,8.5094,0.4629,0.7736,0.0045
"D=1, pink",D10_pink,CUSUM,1013,50,172,64,0.96875,0.360465,0.525424,12.6935,0.1787,0.905,0.0045
"D=1, pink",D10_pink,CUSUM,1013,100,172,64,1.0,0.372093,0.542373,14.6094,,,0.0045
"D=1, pink",D10_pink,CUSUM,1014,25,184,64,0.65625,0.228261,0.33871,7.2857,0.4161,0.6383,0.0045
"D=1, pink",D10_pink,CUSUM,1014,50,184,64,0.875,0.304348,0.451613,14.7143,0.2872,0.8499,0.0045
"D=1, pink",D10_pink,CUSUM,1014,100,184,64,0.953125,0.331522,0.491935,19.5246,,,0.0045
"D=1, pink",D10_pink,CUSUM,1015,25,169,65,0.8,0.307692,0.444444,7.6923,0.3793,0.7792,0.0035
"D=1, pink",D10_pink,CUSUM,1015,50,169,65,0.938462,0.360947,0.521368,12.0656,0.2879,0.9186,0.0035
"D=1, pink",D10_pink,CUSUM,1015,100,169,65,0.984615,0.378698,0.547009,14.9688,,,0.0035
"D=1, pink",D10_pink,CUSUM,1016,25,181,64,0.84375,0.298343,0.440816,8.4074,0.5903,0.8939,0.0035
"D=1, pink",D10_pink,CUSUM,1016,50,181,64,0.890625,0.314917,0.465306,9.9474,0.5735,0.9761,0.0035
"D=1, pink",D10_pink,CUSUM,1016,100,181,64,0.96875,0.342541,0.506122,14.9677,,,0.0035
"D=1, pink",D10_pink,CUSUM,1017,25,175,65,0.892308,0.331429,0.483333,8.5172,0.4532,0.8657,0.004
"D=1, pink",D10_pink,CUSUM,1017,50,175,65,0.984615,0.365714,0.533333,10.9531,,,0.004
"D=1, pink",D10_pink,CUSUM,1017,100,175,65,1.0,0.371429,0.541667,12.0769,,,0.004
"D=1, pink",D10_pink,CUSUM,1018,25,197,66,0.833333,0.279188,0.418251,7.1455,0.4663,0.8539,0.005
"D=1, pink",D10_pink,CUSUM,1018,50,197,66,0.939394,0.314721,0.471483,10.3387,0.3608,0.9431,0.005
"D=1, pink",D10_pink,CUSUM,1018,100,197,66,0.939394,0.314721,0.471483,10.3387,0.3737,0.9682,0.005
"D=1, pink",D10_pink,CUSUM,1019,25,188,61,0.868852,0.281915,0.425703,7.5849,0.5863,0.8936,0.005
"D=1, pink",D10_pink,CUSUM,1019,50,188,61,0.934426,0.303191,0.457831,9.4737,0.6639,0.9812,0.005
"D=1, pink",D10_pink,CUSUM,1019,100,188,61,0.983607,0.319149,0.481928,13.0167,0.6632,0.9991,0.005
"D=1, pink",D10_pink,CUSUM,1020,25,177,66,0.818182,0.305085,0.444444,8.8148,0.4994,0.7673,0.005
"D=1, pink",D10_pink,CUSUM,1020,50,177,66,0.909091,0.338983,0.493827,12.1333,0.2868,0.9277,0.005
"D=1, pink",D10_pink,CUSUM,1020,100,177,66,0.954545,0.355932,0.518519,15.7778,,,0.005
"D=1, pink",D10_pink,CUSUM,1021,25,208,64,0.75,0.230769,0.352941,7.1042,0.5932,0.7516,0.0045
"D=1, pink",D10_pink,CUSUM,1021,50,208,64,0.859375,0.264423,0.404412,10.7636,0.7482,0.9609,0.0045
"D=1, pink",D10_pink,CUSUM,1021,100,208,64,0.953125,0.293269,0.448529,17.4098,,,0.0045
"D=1, pink",D10_pink,CUSUM,1022,25,179,62,0.790323,0.273743,0.406639,8.2857,0.5304,0.7928,0.0045
"D=1, pink",D10_pink,CUSUM,1022,50,179,62,0.951613,0.329609,0.489627,13.3559,0.4666,0.9581,0.0045
"D=1, pink",D10_pink,CUSUM,1022,100,179,62,1.0,0.346369,0.514523,16.0323,,,0.0045
"D=1, pink",D10_pink,CUSUM,1023,25,185,66,0.772727,0.275676,0.406375,7.8039,0.5177,0.7873,0.004
"D=1, pink",D10_pink,CUSUM,1023,50,185,66,0.909091,0.324324,0.478088,11.8333,0.7928,0.9824,0.004
"D=1, pink",D10_pink,CUSUM,1023,100,185,66,0.969697,0.345946,0.50996,16.1719,,,0.004
"D=1, pink",D10_pink,CUSUM,1024,25,192,65,0.815385,0.276042,0.412451,7.4717,0.3575,0.776,0.0035
"D=1, pink",D10_pink,CUSUM,1024,50,192,65,0.907692,0.307292,0.459144,10.4746,0.338,0.9278,0.0035
"D=1, pink",D10_pink,CUSUM,1024,100,192,65,0.923077,0.3125,0.466926,11.8167,0.3315,0.9852,0.0035
"D=1, pink",D10_pink,CUSUM,1025,25,186,65,0.815385,0.284946,0.422311,6.5283,0.6358,0.9155,0.004
"D=1, pink",D10_pink,CUSUM,1025,50,186,65,0.923077,0.322581,0.478088,9.7667,0.6419,0.9789,0.004
"D=1, pink",D10_pink,CUSUM,1025,100,186,65,1.0,0.349462,0.517928,15.2,,,0.004
"D=1, pink",D10_pink,CUSUM,1026,25,199,66,0.727273,0.241206,0.362264,7.0625,0.3047,0.6362,0.004
"D=1, pink",D10_pink,CUSUM,1026,50,199,66,0.878788,0.291457,0.437736,12.2931,0.2928,0.8597,0.004
"D=1, pink",D10_pink,CUSUM,1026,100,199,66,0.969697,0.321608,0.483019,18.0938,0.2124,0.9869,0.004
"D=1, pink",D10_pink,CUSUM,1027,25,207,64,0.875,0.270531,0.413284,7.5,0.3646,0.8175,0.0045
"D=1, pink",D10_pink,CUSUM,1027,50,207,64,0.953125,0.294686,0.450185,9.7869,0.1616,0.9534,0.0045
"D=1, pink",D10_pink,CUSUM,1027,100,207,64,0.984375,0.304348,0.464945,12.3968,,,0.0045
"D=1, pink",D10_pink,CUSUM,1028,25,225,65,0.692308,0.2,0.310345,4.9111,0.3918,0.6685,0.0035
"D=1, pink",D10_pink,CUSUM,1028,50,225,65,0.830769,0.24,0.372414,10.6111,0.4273,0.8079,0.0035
"D=1, pink",D10_pink,CUSUM,1028,100,225,65,0.923077,0.266667,0.413793,17.7333,0.6326,0.9793,0.0035
"D=1, pink",D10_pink,CUSUM,1029,25,187,65,0.876923,0.304813,0.452381,8.2105,0.5713,0.8809,0.0055
"D=1, pink",D10_pink,CUSUM,1029,50,187,65,1.0,0.347594,0.515873,11.6769,0.8123,0.9983,0.0055
"D=1, pink",D10_pink,CUSUM,1029,100,187,65,1.0,0.347594,0.515873,11.6769,,,0.0055
"D=1, pink",D10_pink,CUSUM,1030,25,194,60,0.866667,0.268041,0.409449,8.0962,0.5546,0.8723,0.0055
"D=1, pink",D10_pink,CUSUM,1030,50,194,60,1.0,0.309278,0.472441,11.4667,0.3978,0.9963,0.0055
"D=1, pink",D10_pink,CUSUM,1030,100,194,60,1.0,0.309278,0.472441,11.4667,,,0.0055
"D=1, pink",D10_pink,CUSUM,1031,25,223,64,0.890625,0.255605,0.397213,7.0877,0.2791,0.8051,0.0045
"D=1, pink",D10_pink,CUSUM,1031,50,223,64,0.96875,0.278027,0.432056,9.129,0.0274,0.94,0.0045
"D=1, pink",D10_pink,CUSUM,1031,100,223,64,1.0,0.286996,0.445993,11.4688,,,0.0045
"D=1, pink",D10_pink,CUSUM,1032,25,199,66,0.742424,0.246231,0.369811,8.4286,0.4866,0.7177,0.0031
"D=1, pink",D10_pink,CUSUM,1032,50,199,66,0.924242,0.306533,0.460377,14.082,0.717,0.9771,0.0031
"D=1, pink",D10_pink,CUSUM,1032,100,199,66,0.954545,0.316583,0.475472,16.3492,0.8532,0.9978,0.0031
"D=1, pink",D10_pink,CUSUM,1033,25,173,66,0.878788,0.33526,0.485356,8.3448,0.5624,0.9076,0.004
"D=1, pink",D10_pink,CUSUM,1033,50,173,66,0.969697,0.369942,0.535565,10.5156,0.5524,0.9894,0.004
"D=1, pink",D10_pink,CUSUM,1033,100,173,66,0.984848,0.375723,0.543933,11.5385,,,0.004
"D=1, pink",D10_pink,CUSUM,1034,25,187,64,0.84375,0.28877,0.430279,6.8333,0.2772,0.7838,0.004
"D=1, pink",D10_pink,CUSUM,1034,50,187,64,0.953125,0.326203,0.486056,10.0492,0.3223,0.9672,0.004
"D=1, pink",D10_pink,CUSUM,1034,100,187,64,0.984375,0.336898,0.501992,12.127,,,0.004
"D=1, pink",D10_pink,CUSUM,1035,25,193,65,0.815385,0.274611,0.410853,7.2453,0.3448,0.7536,0.0045
"D=1, pink",D10_pink,CUSUM,1035,50,193,65,0.953846,0.321244,0.48062,11.2742,0.0662,0.9447,0.0045
"D=1, pink",D10_pink,CUSUM,1035,100,193,65,0.984615,0.331606,0.496124,12.5781,,,0.0045
"D=1, pink",D10_pink,CUSUM,1036,25,208,62,0.790323,0.235577,0.362963,6.3469,0.6459,0.8831,0.0035
"D=1, pink",D10_pink,CUSUM,1036,50,208,62,0.951613,0.283654,0.437037,10.7966,0.8229,0.9914,0.0035
"D=1, pink",D10_pink,CUSUM,1036,100,208,62,0.951613,0.283654,0.437037,10.7966,0.8204,0.9965,0.0035
"D=1, pink",D10_pink,CUSUM,1037,25,172,65,0.738462,0.27907,0.405063,7.25,0.5233,0.7718,0.004
"D=1, pink",D10_pink,CUSUM,1037,50,172,65,0.923077,0.348837,0.506329,12.9,0.6527,0.9644,0.004
"D=1, pink",D10_pink,CUSUM,1037,100,172,65,1.0,0.377907,0.548523,17.3846,,,0.004
"D=1, pink",D10_pink,CUSUM,1038,25,184,65,0.784615,0.277174,0.409639,7.8431,0.3592,0.7127,0.005
"D=1, pink",D10_pink,CUSUM,1038,50,184,65,0.953846,0.336957,0.497992,13.129,0.1853,0.9285,0.005
"D=1, pink",D10_pink,CUSUM,1038,100,184,65,1.0,0.353261,0.522088,16.2769,,,0.005
"D=1, pink",D10_pink,CUSUM,1039,25,183,64,0.765625,0.26776,0.396761,7.4694,0.6405,0.7912,0.004
"D=1, pink",D10_pink,CUSUM,1039,50,183,64,0.84375,0.295082,0.437247,9.7037,0.7382,0.9362,0.004
"D=1, pink",D10_pink,CUSUM,1039,100,183,64,0.90625,0.31694,0.469636,14.069,0.869,0.996,0.004
"D=1, pink",D10_pink,CUSUM,1040,25,176,63,0.650794,0.232955,0.343096,7.7805,0.4778,0.6728,0.0045
"D=1, pink",D10_pink,CUSUM,1040,50,176,63,0.793651,0.284091,0.41841,12.68,0.5326,0.9128,0.0045
"D=1, pink",D10_pink,CUSUM,1040,100,176,63,0.920635,0.329545,0.485356,21.3448,0.3125,0.9971,0.0045
"D=1, pink",D10_pink,CUSUM,1041,25,184,66,0.712121,0.255435,0.376,7.2766,0.3906,0.7262,0.0045
"D=1, pink",D10_pink,CUSUM,1041,50,184,66,0.848485,0.304348,0.448,12.0,0.4119,0.8578,0.0045
"D=1, pink",D10_pink,CUSUM,1041,100,184,66,0.924242,0.331522,0.488,17.2787,0.4383,0.9841,0.0045
"D=1, pink",D10_pink,CUSUM,1042,25,190,66,0.80303,0.278947,0.414062,7.9811,0.4835,0.838,0.004
"D=1, pink",D10_pink,CUSUM,1042,50,190,66,0.909091,0.315789,0.46875,11.6833,0.5062,0.9433,0.004
"D=1, pink",D10_pink,CUSUM,1042,100,190,66,0.939394,0.326316,0.484375,13.5,0.4552,0.984,0.004
"D=1, pink",D10_pink,CUSUM,1043,25,200,66,0.833333,0.275,0.413534,7.6364,0.4892,0.797,0.004
"D=1, pink",D10_pink,CUSUM,1043,50,200,66,0.924242,0.305,0.458647,10.9016,0.5617,0.971,0.004
"D=1, pink",D10_pink,CUSUM,1043,100,200,66,0.954545,0.315,0.473684,12.7619,0.556,0.9997,0.004
"D=1, pink",D10_pink,CUSUM,1044,25,204,65,0.8,0.254902,0.386617,8.2692,0.6652,0.8638,0.0045
"D=1, pink",D10_pink,CUSUM,1044,50,204,65,0.861538,0.27451,0.416357,10.5179,0.7471,0.9602,0.0045
"D=1, pink",D10_pink,CUSUM,1044,100,204,65,0.907692,0.289216,0.438662,13.9322,0.8769,0.9947,0.0045
"D=1, pink",D10_pink,CUSUM,1045,25,180,66,0.757576,0.277778,0.406504,7.62,0.6181,0.8598,0.0045
"D=1, pink",D10_pink,CUSUM,1045,50,180,66,0.909091,0.333333,0.487805,11.55,0.886,0.9937,0.0045
"D=1, pink",D10_pink,CUSUM,1045,100,180,66,0.939394,0.344444,0.504065,13.2258,0.8764,0.9965,0.0045
"D=1, pink",D10_pink,CUSUM,1046,25,215,66,0.757576,0.232558,0.355872,6.42,0.345,0.694,0.0041
"D=1, pink",D10_pink,CUSUM,1046,50,215,66,0.893939,0.274419,0.419929,10.9661,0.3716,0.9174,0.0041
"D=1, pink",D10_pink,CUSUM,1046,100,215,66,0.939394,0.288372,0.441281,13.7097,,,0.0041
"D=1, pink",D10_pink,CUSUM,1047,25,199,66,0.727273,0.241206,0.362264,7.1458,0.4292,0.6865,0.004
"D=1, pink",D10_pink,CUSUM,1047,50,199,66,0.863636,0.286432,0.430189,11.8772,0.459,0.8974,0.004
"D=1, pink",D10_pink,CUSUM,1047,100,199,66,0.924242,0.306533,0.460377,16.5738,,,0.004
"D=1, pink",D10_pink,CUSUM,1048,25,215,66,0.787879,0.24186,0.370107,7.5385,0.3103,0.754,0.0045
"D=1, pink",D10_pink,CUSUM,1048,50,215,66,0.924242,0.283721,0.434164,12.0656,0.2302,0.868,0.0045
"D=1, pink",D10_pink,CUSUM,1048,100,215,66,0.984848,0.302326,0.462633,16.7385,,,0.0045
"D=1, pink",D10_pink,CUSUM,1049,25,203,66,0.833333,0.270936,0.408922,7.7818,0.5369,0.8386,0.004
"D=1, pink",D10_pink,CUSUM,1049,50,203,66,0.893939,0.29064,0.438662,9.7797,0.5485,0.966,0.004
"D=1, pink",D10_pink,CUSUM,1049,100,203,66,0.939394,0.305419,0.460967,12.5806,,,0.004
"D=1.5, white",D15_white,CUSUM,1000,25,121,63,0.84127,0.438017,0.576087,9.0377,0.318,0.7813,0.004
"D=1.5, white",D15_white,CUSUM,1000,50,121,63,0.936508,0.487603,0.641304,12.0847,0.3012,0.9364,0.004
"D=1.5, white",D15_white,CUSUM,1000,100,121,63,1.0,0.520661,0.684783,15.8413,,,0.004
"D=1.5, white",D15_white,CUSUM,1001,25,116,66,0.863636,0.491379,0.626374,9.0175,0.6332,0.9148,0.0045
"D=1.5, white",D15_white,CUSUM,1001,50,116,66,0.954545,0.543103,0.692308,11.9048,0.4747,0.9954,0.0045
"D=1.5, white",D15_white,CUSUM,1001,100,116,66,1.0,0.568966,0.725275,14.9848,,,0.0045
"D=1.5, white",D15_white,CUSUM,1002,25,106,63,0.84127,0.5,0.627219,7.8679,0.3581,0.8311,0.0041
"D=1.5, white",D15_white,CUSUM,1002,50,106,63,0.952381,0.566038,0.710059,11.4167,0.2123,0.9571,0.0041
"D=1.5, white",D15_white,CUSUM,1002,100,106,63,1.0,0.59434,0.745562,14.3968,,,0.0041
"D=1.5, white",D15_white,CUSUM,1003,25,107,52,0.846154,0.411215,0.553459,7.75,0.5425,0.8421,0.004
"D=1.5, white",D15_white,CUSUM,1003,50,107,52,0.961538,0.46729,0.628931,10.62,0.5016,0.9898,0.004
"D=1.5, white",D15_white,CUSUM,1003,100,107,52,1.0,0.485981,0.654088,13.0769,,,0.004
"D=1.5, white",D15_white,CUSUM,1004,25,133,62,0.919355,0.428571,0.584615,6.4561,0.6032,0.945,0.004
"D=1.5, white",D15_white,CUSUM,1004,50,133,62,1.0,0.466165,0.635897,8.4839,,,0.004
"D=1.5, white",D15_white,CUSUM,1004,100,133,62,1.0,0.466165,0.635897,8.4839,,,0.004
"D=1.5, white",D15_white,CUSUM,1005,25,93,66,0.787879,0.55914,0.654088,7.6538,0.4202,0.7869,0.005
"D=1.5, white",D15_white,CUSUM,1005,50,93,66,0.924242,0.655914,0.767296,11.459,0.0737,0.9619,0.005
"D=1.5, white",D15_white,CUSUM,1005,100,93,66,0.969697,0.688172,0.805031,14.4844,,,0.005
"D=1.5, white",D15_white,CUSUM,1006,25,121,57,0.912281,0.429752,0.58427,8.2115,0.4552,0.8516,0.0042
"D=1.5, white",D15_white,CUSUM,1006,50,121,57,0.982456,0.46281,0.629213,10.9286,0.2444,0.9835,0.0042
"D=1.5, white",D15_white,CUSUM,1006,100,121,57,1.0,0.471074,0.640449,12.4912,,,0.0042
"D=1.5, white",D15_white,CUSUM,1007,25,102,65,0.784615,0.5,0.610778,8.2745,0.3949,0.7791,0.0055
"D=1.5, white",D15_white,CUSUM,1007,50,102,65,0.938462,0.598039,0.730539,12.377,0.4116,0.9854,0.0055
"D=1.5, white",D15_white,CUSUM,1007,100,102,65,0.969231,0.617647,0.754491,14.0952,,,0.0055
"D=1.5, white",D15_white,CUSUM,1008,25,117,64,0.78125,0.42735,0.552486,7.78,0.3195,0.7571,0.005
"D=1.5, white",D15_white,CUSUM,1008,50,117,64,0.90625,0.495726,0.640884,11.4828,0.1815,0.8725,0.005
"D=1.5, white",D15_white,CUSUM,1008,100,117,64,0.96875,0.529915,0.685083,15.1129,0.1027,0.9738,0.005
"D=1.5, white",D15_white,CUSUM,1009,25,112,66,0.878788,0.517857,0.651685,8.1379,0.2827,0.82,0.0035
"D=1.5, white",D15_white,CUSUM,1009,50,112,66,0.939394,0.553571,0.696629,9.8871,0.1455,0.9446,0.0035
"D=1.5, white",D15_white,CUSUM,1009,100,112,66,1.0,0.589286,0.741573,13.9242,,,0.0035
"D=1.5, white",D15_white,CUSUM,1010,25,123,64,0.84375,0.439024,0.57754,7.2407,0.4715,0.8595,0.0035
"D=1.5, white",D15_white,CUSUM,1010,50,123,64,0.921875,0.479675,0.631016,9.3898,0.4363,0.9729,0.0035
"D=1.5, white",D15_white,CUSUM,1010,100,123,64,0.96875,0.504065,0.663102,12.7097,,,0.0035
"D=1.5, white",D15_white,CUSUM,1011,25,121,63,0.920635,0.479339,0.630435,8.1552,0.596,0.9349,0.0045
"D=1.5, white",D15_white,CUSUM,1011,50,121,63,0.936508,0.487603,0.641304,8.6271,0.4604,0.9825,0.0045
"D=1.5, white",D15_white,CUSUM,1011,100,121,63,1.0,0.520661,0.684783,12.4444,,,0.0045
"D=1.5, white",D15_white,CUSUM,1012,25,107,64,0.8125,0.485981,0.608187,8.7115,0.2892,0.7058,0.004
"D=1.5, white",D15_white,CUSUM,1012,50,107,64,0.921875,0.551402,0.690058,11.6271,0.1136,0.8888,0.004
"D=1.5, white",D15_white,CUSUM,1012,100,107,64,0.984375,0.588785,0.736842,15.381,,,0.004
"D=1.5, white",D15_white,CUSUM,1013,25,106,64,0.796875,0.481132,0.6,8.9804,0.4634,0.7615,0.0035
"D=1.5, white",D15_white,CUSUM,1013,50,106,64,0.921875,0.556604,0.694118,12.9831,0.4446,0.9577,0.0035
"D=1.5, white",D15_white,CUSUM,1013,100,106,64,0.96875,0.584906,0.729412,16.0484,,,0.0035
"D=1.5, white",D15_white,CUSUM,1014,25,101,57,0.842105,0.475248,0.607595,6.8542,0.5496,0.8475,0.003
"D=1.5, white",D15_white,CUSUM,1014,50,101,57,0.947368,0.534653,0.683544,9.8519,0.5768,0.9791,0.003
"D=1.5, white",D15_white,CUSUM,1014,100,101,57,0.982456,0.554455,0.708861,11.9464,,,0.003
"D=1.5, white",D15_white,CUSUM,1015,25,110,63,0.793651,0.454545,0.578035,8.46,0.4405,0.8159,0.004
"D=1.5, white",D15_white,CUSUM,1015,50,110,63,0.936508,0.536364,0.682081,12.6949,0.1679,0.9765,0.004
"D=1.5, white",D15_white,CUSUM,1015,100,110,63,0.968254,0.554545,0.705202,14.5246,,,0.004
"D=1.5, white",D15_white,CUSUM,1016,25,111,63,0.873016,0.495495,0.632184,8.4909,0.398,0.8101,0.004
"D=1.5, white",D15_white,CUSUM,1016,50,111,63,0.904762,0.513514,0.655172,9.3684,0.5185,0.9651,0.004
"D=1.5, white",D15_white,CUSUM,1016,100,111,63,0.984127,0.558559,0.712644,15.2097,,,0.004
"D=1.5, white",D15_white,CUSUM,1017,25,110,65,0.830769,0.490909,0.617143,7.5926,0.472,0.8677,0.0045
"D=1.5, white",D15_white,CUSUM,1017,50,110,65,0.938462,0.554545,0.697143,9.9508,0.6193,0.9913,0.0045
"D=1.5, white",D15_white,CUSUM,1017,100,110,65,0.953846,0.563636,0.708571,11.1613,,,0.0045
"D=1.5, white",D15_white,CUSUM,1018,25,117,62,0.903226,0.478632,0.625698,7.6786,0.4808,0.91,0.0045
"D=1.5, white",D15_white,CUSUM,1018,50,117,62,1.0,0.529915,0.692737,10.3871,0.6176,0.999,0.0045
"D=1.5, white",D15_white,CUSUM,1018,100,117,62,1.0,0.529915,0.692737,10.3871,,,0.0045
"D=1.5, white",D15_white,CUSUM,1019,25,111,65,0.830769,0.486486,0.613636,9.3148,0.4091,0.7378,0.004
"D=1.5, white",D15_white,CUSUM,1019,50,111,65,0.938462,0.54955,0.693182,12.918,0.2905,0.9023,0.004
"D=1.5, white",D15_white,CUSUM,1019,100,111,65,0.969231,0.567568,0.715909,14.9841,0.0169,0.9936,0.004
"D=1.5, white",D15_white,CUSUM,1020,25,119,61,0.885246,0.453782,0.6,6.9259,0.6156,0.8924,0.004
"D=1.5, white",D15_white,CUSUM,1020,50,119,61,0.95082,0.487395,0.644444,9.0517,0.8119,0.9883,0.004
"D=1.5, white",D15_white,CUSUM,1020,100,119,61,1.0,0.512605,0.677778,11.6066,,,0.004
"D=1.5, white",D15_white,CUSUM,1021,25,117,65,0.8,0.444444,0.571429,7.2692,0.4336,0.7636,0.0045
"D=1.5, white",D15_white,CUSUM,1021,50,117,65,0.907692,0.504274,0.648352,10.1017,0.4689,0.9443,0.0045
"D=1.5, white",D15_white,CUSUM,1021,100,117,65,0.953846,0.529915,0.681319,13.0645,,,0.0045
"D=1.5, white",D15_white,CUSUM,1022,25,124,50,0.86,0.346774,0.494253,5.7209,0.557,0.8763,0.004
"D=1.5, white",D15_white,CUSUM,1022,50,124,50,0.98,0.395161,0.563218,8.9388,0.8765,0.9999,0.004
"D=1.5, white",D15_white,CUSUM,1022,100,124,50,1.0,0.403226,0.574713,9.8,,,0.004
"D=1.5, white",D15_white,CUSUM,1023,25,115,65,0.8,0.452174,0.577778,7.7308,0.3001,0.7191,0.004
"D=1.5, white",D15_white,CUSUM,1023,50,115,65,0.876923,0.495652,0.633333,10.2281,0.1576,0.8626,0.004
"D=1.5, white",D15_white,CUSUM,1023,100,115,65,0.938462,0.530435,0.677778,14.541,0.0821,0.9882,0.004
"D=1.5, white",D15_white,CUSUM,1024,25,101,65,0.784615,0.50495,0.614458,8.0392,0.3801,0.7832,0.004
"D=1.5, white",D15_white,CUSUM,1024,50,101,65,0.938462,0.60396,0.73494,12.1967,0.1804,0.988,0.004
"D=1.5, white",D15_white,CUSUM,1024,100,101,65,0.984615,0.633663,0.771084,15.4531,,,0.004
"D=1.5, white",D15_white,CUSUM,1025,25,103,58,0.827586,0.466019,0.596273,7.1458,0.5008,0.8435,0.0045
"D=1.5, white",D15_white,CUSUM,1025,50,103,58,0.948276,0.533981,0.68323,10.6545,0.5401,0.9753,0.0045
"D=1.5, white",D15_white,CUSUM,1025,100,103,58,0.965517,0.543689,0.695652,11.7857,0.5868,0.994,0.0045
"D=1.5, white",D15_white,CUSUM,1026,25,100,64,0.796875,0.51,0.621951,9.7059,0.4573,0.8231,0.004
"D=1.5, white",D15_white,CUSUM,1026,50,100,64,0.9375,0.6,0.731707,13.0167,0.5058,0.9918,0.004
"D=1.5, white",D15_white,CUSUM,1026,100,100,64,0.953125,0.61,0.743902,14.1148,,,0.004
"D=1.5, white",D15_white,CUSUM,1027,25,106,61,0.770492,0.443396,0.562874,7.7447,0.3888,0.7646,0.006
"D=1.5, white",D15_white,CUSUM,1027,50,106,61,0.901639,0.518868,0.658683,11.6545,0.4802,0.9566,0.006
"D=1.5, white",D15_white,CUSUM,1027,100,106,61,0.95082,0.54717,0.694611,15.5172,,,0.006
"D=1.5, white",D15_white,CUSUM,1028,25,122,64,0.796875,0.418033,0.548387,7.2353,0.3835,0.753,0.003
"D=1.5, white",D15_white,CUSUM,1028,50,122,64,0.9375,0.491803,0.645161,11.45,0.4127,0.9402,0.003
"D=1.5, white",D15_white,CUSUM,1028,100,122,64,1.0,0.52459,0.688172,15.5625,,,0.003
"D=1.5, white",D15_white,CUSUM,1029,25,111,61,0.819672,0.45045,0.581395,8.86,0.4473,0.8061,0.004
"D=1.5, white",D15_white,CUSUM,1029,50,111,61,0.901639,0.495495,0.639535,11.3818,0.6496,0.9941,0.004
"D=1.5, white",D15_white,CUSUM,1029,100,111,61,0.967213,0.531532,0.686047,15.5932,,,0.004
"D=1.5, white",D15_white,CUSUM,1030,25,127,62,0.919355,0.448819,0.603175,7.386,0.4479,0.9023,0.0045
"D=1.5, white",D15_white,CUSUM,1030,50,127,62,1.0,0.488189,0.656085,9.8065,,,0.0045
"D=1.5, white",D15_white,CUSUM,1030,100,127,62,1.0,0.488189,0.656085,9.8065,,,0.0045
"D=1.5, white",D15_white,CUSUM,1031,25,154,62,0.935484,0.376623,0.537037,6.3966,0.5198,0.9564,0.004
"D=1.5, white",D15_white,CUSUM,1031,50,154,62,1.0,0.402597,0.574074,8.1129,,,0.004
"D=1.5, white",D15_white,CUSUM,1031,100,154,62,1.0,0.402597,0.574074,8.1129,,,0.004
"D=1.5, white",D15_white,CUSUM,1032,25,112,62,0.83871,0.464286,0.597701,7.0769,0.3706,0.8665,0.0043
"D=1.5, white",D15_white,CUSUM,1032,50,112,62,0.983871,0.544643,0.701149,10.8852,,,0.0043
"D=1.5, white",D15_white,CUSUM,1032,100,112,62,0.983871,0.544643,0.701149,10.8852,,,0.0043
"D=1.5, white",D15_white,CUSUM,1033,25,101,62,0.758065,0.465347,0.576687,8.2553,0.4025,0.708,0.004
"D=1.5, white",D15_white,CUSUM,1033,50,101,62,0.903226,0.554455,0.687117,12.2321,0.1154,0.8979,0.004
"D=1.5, white",D15_white,CUSUM,1033,100,101,62,0.983871,0.60396,0.748466,16.8361,,,0.004
"D=1.5, white",D15_white,CUSUM,1034,25,125,65,0.892308,0.464,0.610526,8.2414,0.6131,0.9256,0.0035
"D=1.5, white",D15_white,CUSUM,1034,50,125,65,0.938462,0.488,0.642105,9.541,0.7867,0.9952,0.0035
"D=1.5, white",D15_white,CUSUM,1034,100,125,65,0.969231,0.504,0.663158,11.9841,,,0.0035
"D=1.5, white",D15_white,CUSUM,1035,25,107,65,0.876923,0.53271,0.662791,9.2632,0.3455,0.7953,0.0035
"D=1.5, white",D15_white,CUSUM,1035,50,107,65,0.953846,0.579439,0.72093,11.4839,0.046,0.9828,0.0035
"D=1.5, white",D15_white,CUSUM,1035,100,107,65,0.969231,0.588785,0.732558,12.6825,,,0.0035
"D=1.5, white",D15_white,CUSUM,1036,25,116,60,0.883333,0.456897,0.602273,8.1698,0.5447,0.8752,0.004
"D=1.5, white",D15_white,CUSUM,1036,50,116,60,0.95,0.491379,0.647727,10.1053,0.1924,0.9527,0.004
"D=1.5, white",D15_white,CUSUM,1036,100,116,60,0.966667,0.5,0.659091,11.0862,,,0.004
"D=1.5, white",D15_white,CUSUM,1037,25,112,66,0.80303,0.473214,0.595506,8.6792,0.5444,0.834,0.004
"D=1.5, white",D15_white,CUSUM,1037,50,112,66,0.924242,0.544643,0.685393,12.4754,0.603,0.989,0.004
"D=1.5, white",D15_white,CUSUM,1037,100,112,66,1.0,0.589286,0.741573,16.8939,,,0.004
"D=1.5, white",D15_white,CUSUM,1038,25,130,65,0.846154,0.423077,0.564103,7.6545,0.5659,0.9148,0.0035
"D=1.5, white",D15_white,CUSUM,1038,50,130,65,0.953846,0.476923,0.635897,10.629,0.8297,0.9991,0.0035
"D=1.5, white",D15_white,CUSUM,1038,100,130,65,1.0,0.5,0.666667,13.2462,,,0.0035
"D=1.5, white",D15_white,CUSUM,1039,25,105,64,0.8125,0.495238,0.615385,9.2115,0.5014,0.8418,0.0035
"D=1.5, white",D15_white,CUSUM,1039,50,105,64,0.9375,0.571429,0.710059,12.8833,0.4335,0.9674,0.0035
"D=1.5, white",D15_white,CUSUM,1039,100,105,64,0.96875,0.590476,0.733728,15.0968,,,0.0035
"D=1.5, white",D15_white,CUSUM,1040,25,113,58,0.793103,0.40708,0.538012,7.3261,0.522,0.828,0.0045
"D=1.5, white",D15_white,CUSUM,1040,50,113,58,0.965517,0.495575,0.654971,12.5,0.4365,0.9779,0.0045
"D=1.5, white",D15_white,CUSUM,1040,100,113,58,1.0,0.513274,0.678363,14.3448,,,0.0045
"D=1.5, white",D15_white,CUSUM,1041,25,133,60,0.9,0.406015,0.559585,7.963,0.441,0.8897,0.0035
"D=1.5, white",D15_white,CUSUM,1041,50,133,60,0.983333,0.443609,0.611399,10.2881,0.2651,0.9882,0.0035
"D=1.5, white",D15_white,CUSUM,1041,100,133,60,1.0,0.451128,0.621762,11.5333,,,0.0035
"D=1.5, white",D15_white,CUSUM,1042,25,127,58,0.896552,0.409449,0.562162,7.1154,0.4633,0.8983,0.004
"D=1.5, white",D15_white,CUSUM,1042,50,127,58,0.948276,0.433071,0.594595,8.5636,0.5066,0.9706,0.004
"D=1.5, white",D15_white,CUSUM,1042,100,127,58,0.982759,0.448819,0.616216,11.193,,,0.004
"D=1.5, white",D15_white,CUSUM,1043,25,123,64,0.875,0.455285,0.59893,7.8214,0.5621,0.8793,0.004
"D=1.5, white",D15_white,CUSUM,1043,50,123,64,0.9375,0.487805,0.641711,9.55,0.6054,0.9927,0.004
"D=1.5, white",D15_white,CUSUM,1043,100,123,64,1.0,0.520325,0.684492,13.5625,,,0.004
"D=1.5, white",D15_white,CUSUM,1044,25,101,60,0.816667,0.485149,0.608696,8.6327,0.4523,0.8179,0.0035
"D=1.5, white",D15_white,CUSUM,1044,50,101,60,0.95,0.564356,0.708075,12.6316,0.5322,0.9955,0.0035
"D=1.5, white",D15_white,CUSUM,1044,100,101,60,0.966667,0.574257,0.720497,14.0517,,,0.0035
"D=1.5, white",D15_white,CUSUM,1045,25,113,62,0.870968,0.477876,0.617143,9.4444,0.5782,0.8907,0.0041
"D=1.5, white",D15_white,CUSUM,1045,50,113,62,0.903226,0.495575,0.64,10.4107,0.5993,0.9753,0.0041
"D=1.5, white",D15_white,CUSUM,1045,100,113,62,0.951613,0.522124,0.674286,14.3559,,,0.0041
"D=1.5, white",D15_white,CUSUM,1046,25,124,63,0.920635,0.467742,0.620321,8.0172,0.4349,0.911,0.004
"D=1.5, white",D15_white,CUSUM,1046,50,124,63,1.0,0.508065,0.673797,10.127,,,0.004
"D=1.5, white",D15_white,CUSUM,1046,100,124,63,1.0,0.508065,0.673797,10.127,,,0.004
"D=1.5, white",D15_white,CUSUM,1047,25,111,63,0.809524,0.459459,0.586207,7.9412,0.4907,0.8046,0.004
"D=1.5, white",D15_white,CUSUM,1047,50,111,63,0.920635,0.522523,0.666667,11.069,0.539,0.9911,0.004
"D=1.5, white",D15_white,CUSUM,1047,100,111,63,0.968254,0.54955,0.701149,13.9672,,,0.004
"D=1.5, white",D15_white,CUSUM,1048,25,134,66,0.893939,0.440299,0.59,8.0678,0.3895,0.8763,0.0036
"D=1.5, white",D15_white,CUSUM,1048,50,134,66,0.984848,0.485075,0.65,10.6615,0.5251,0.9938,0.0036
"D=1.5, white",D15_white,CUSUM,1048,100,134,66,1.0,0.492537,0.66,11.7727,,,0.0036
"D=1.5, white",D15_white,CUSUM,1049,25,123,66,0.863636,0.463415,0.603175,8.1053,0.3492,0.8224,0.0045
"D=1.5, white",D15_white,CUSUM,1049,50,123,66,0.954545,0.512195,0.666667,10.3968,0.2049,0.9576,0.0045
"D=1.5, white",D15_white,CUSUM,1049,100,123,66,0.984848,0.528455,0.687831,12.1077,,,0.0045
"D=0.5, white",D05_white,CatBoost,1000,25,5,3,0.666667,0.4,0.5,0.0,0.5174,0.3601,8.3171
"D=0.5, white",D05_white,CatBoost,1000,50,5,3,0.666667,0.4,0.5,0.0,0.5325,0.2821,8.3171
"D=0.5, white",D05_white,CatBoost,1000,100,5,3,0.666667,0.4,0.5,0.0,0.4628,0.3052,8.3171
"D=0.5, white",D05_white,CatBoost,1001,25,1,1,0.0,0.0,0.0,9999.0,0.7149,0.0208,0.0592
"D=0.5, white",D05_white,CatBoost,1001,50,1,1,0.0,0.0,0.0,9999.0,0.5904,0.0188,0.0592
"D=0.5, white",D05_white,CatBoost,1001,100,1,1,0.0,0.0,0.0,9999.0,0.6905,0.0609,0.0592
"D=0.5, white",D05_white,CatBoost,1002,25,1,2,0.0,0.0,0.0,9999.0,0.425,0.0034,0.0399
"D=0.5, white",D05_white,CatBoost,1002,50,1,2,0.0,0.0,0.0,9999.0,0.2693,0.0108,0.0399
"D=0.5, white",D05_white,CatBoost,1002,100,1,2,0.0,0.0,0.0,9999.0,0.2156,0.0255,0.0399
"D=0.5, white",D05_white,CatBoost,1003,25,3,2,0.5,0.333333,0.4,18.0,0.6499,0.0962,0.0295
"D=0.5, white",D05_white,CatBoost,1003,50,3,2,0.5,0.333333,0.4,18.0,0.6089,0.1132,0.0295
"D=0.5, white",D05_white,CatBoost,1003,100,3,2,0.5,0.333333,0.4,18.0,0.6006,0.1715,0.0295
"D=0.5, white",D05_white,CatBoost,1004,25,3,2,0.5,0.333333,0.4,4.0,0.7822,0.5159,0.0564
"D=0.5, white",D05_white,CatBoost,1004,50,3,2,0.5,0.333333,0.4,4.0,0.5433,0.281,0.0564
"D=0.5, white",D05_white,CatBoost,1004,100,3,2,0.5,0.333333,0.4,4.0,0.5218,0.2398,0.0564
"D=0.5, white",D05_white,CatBoost,1005,25,3,1,1.0,0.333333,0.5,1.0,0.5703,0.3992,0.0276
"D=0.5, white",D05_white,CatBoost,1005,50,3,1,1.0,0.333333,0.5,1.0,0.3974,0.2166,0.0276
"D=0.5, white",D05_white,CatBoost,1005,100,3,1,1.0,0.333333,0.5,1.0,0.3755,0.2051,0.0276
"D=0.5, white",D05_white,CatBoost,1006,25,1,3,0.333333,1.0,0.5,17.0,0.9346,0.2523,0.0286
"D=0.5, white",D05_white,CatBoost,1006,50,1,3,0.333333,1.0,0.5,17.0,0.7505,0.0951,0.0286
"D=0.5, white",D05_white,CatBoost,1006,100,1,3,0.333333,1.0,0.5,17.0,0.4856,0.0643,0.0286
"D=0.5, white",D05_white,CatBoost,1007,25,1,2,0.0,0.0,0.0,9999.0,0.6364,0.0048,0.0532
"D=0.5, white",D05_white,CatBoost,1007,50,1,2,0.0,0.0,0.0,9999.0,0.7546,0.0447,0.0532
"D=0.5, white",D05_white,CatBoost,1007,100,1,2,0.0,0.0,0.0,9999.0,0.7155,0.0908,0.0532
"D=0.5, white",D05_white,CatBoost,1008,25,3,1,1.0,0.333333,0.5,1.0,0.66,0.4296,0.0518
"D=0.5, white",D05_white,CatBoost,1008,50,3,1,1.0,0.333333,0.5,1.0,0.618,0.2872,0.0518
"D=0.5, white",D05_white,CatBoost,1008,100,3,1,1.0,0.333333,0.5,1.0,0.6477,0.312,0.0518
"D=0.5, white",D05_white,CatBoost,1009,25,3,3,0.333333,0.333333,0.333333,1.0,0.6973,0.3925,0.0306
"D=0.5, white",D05_white,CatBoost,1009,50,3,3,0.333333,0.333333,0.333333,1.0,0.6811,0.3078,0.0306
"D=0.5, white",D05_white,CatBoost,1009,100,3,3,0.333333,0.333333,0.333333,1.0,0.6092,0.229,0.0306
"D=0.5, white",D05_white,CatBoost,1010,25,3,1,1.0,0.333333,0.5,2.0,0.5834,0.3797,0.0417
"D=0.5, white",D05_white,CatBoost,1010,50,3,1,1.0,0.333333,0.5,2.0,0.5291,0.2172,0.0417
"D=0.5, white",D05_white,CatBoost,1010,100,3,1,1.0,0.333333,0.5,2.0,0.4461,0.1906,0.0417
"D=0.5, white",D05_white,CatBoost,1011,25,3,3,0.333333,0.333333,0.333333,0.0,0.4817,0.2711,0.0306
"D=0.5, white",D05_white,CatBoost,1011,50,3,3,0.333333,0.333333,0.333333,0.0,0.4358,0.1729,0.0306
"D=0.5, white",D05_white,CatBoost,1011,100,3,3,0.333333,0.333333,0.333333,0.0,0.3936,0.1663,0.0306
"D=0.5, white",D05_white,CatBoost,1012,25,1,1,0.0,0.0,0.0,9999.0,0.572,0.0052,0.0286
"D=0.5, white",D05_white,CatBoost,1012,50,1,1,0.0,0.0,0.0,9999.0,0.7807,0.0397,0.0286
"D=0.5, white",D05_white,CatBoost,1012,100,1,1,0.0,0.0,0.0,9999.0,0.6832,0.0681,0.0286
"D=0.5, white",D05_white,CatBoost,1013,25,3,3,0.333333,0.333333,0.333333,19.0,0.8332,0.1761,0.0261
"D=0.5, white",D05_white,CatBoost,1013,50,3,3,0.333333,0.333333,0.333333,19.0,0.7192,0.1564,0.0261
"D=0.5, white",D05_white,CatBoost,1013,100,3,3,0.333333,0.333333,0.333333,19.0,0.6774,0.2326,0.0261
"D=0.5, white",D05_white,CatBoost,1014,25,3,4,0.25,0.333333,0.285714,0.0,0.5665,0.3556,0.1399
"D=0.5, white",D05_white,CatBoost,1014,50,3,4,0.25,0.333333,0.285714,0.0,0.4213,0.2064,0.1399
"D=0.5, white",D05_white,CatBoost,1014,100,3,4,0.25,0.333333,0.285714,0.0,0.4562,0.1884,0.1399
"D=0.5, white",D05_white,CatBoost,1015,25,1,0,0.0,0.0,0.0,9999.0,0.6249,0.011,0.0497
"D=0.5, white",D05_white,CatBoost,1015,50,1,0,0.0,0.0,0.0,9999.0,0.5364,0.0182,0.0497
"D=0.5, white",D05_white,CatBoost,1015,100,1,0,0.0,0.0,0.0,9999.0,0.5396,0.0422,0.0497
"D=0.5, white",D05_white,CatBoost,1016,25,3,1,1.0,0.333333,0.5,2.0,0.5664,0.3901,0.0587
"D=0.5, white",D05_white,CatBoost,1016,50,3,1,1.0,0.333333,0.5,2.0,0.6893,0.3843,0.0587
"D=0.5, white",D05_white,CatBoost,1016,100,3,1,1.0,0.333333,0.5,2.0,0.708,0.3908,0.0587
"D=0.5, white",D05_white,CatBoost,1017,25,1,0,0.0,0.0,0.0,9999.0,0.0766,0.0016,0.0383
"D=0.5, white",D05_white,CatBoost,1017,50,1,0,0.0,0.0,0.0,9999.0,0.1796,0.0092,0.0383
"D=0.5, white",D05_white,CatBoost,1017,100,1,0,0.0,0.0,0.0,9999.0,0.1351,0.0231,0.0383
"D=0.5, white",D05_white,CatBoost,1018,25,1,1,0.0,0.0,0.0,9999.0,0.9069,0.0213,0.0557
"D=0.5, white",D05_white,CatBoost,1018,50,1,1,0.0,0.0,0.0,9999.0,0.5603,0.0222,0.0557
"D=0.5, white",D05_white,CatBoost,1018,100,1,1,0.0,0.0,0.0,9999.0,0.6912,0.1404,0.0557
"D=0.5, white",D05_white,CatBoost,1019,25,1,5,0.0,0.0,0.0,9999.0,0.9045,0.0227,0.0336
"D=0.5, white",D05_white,CatBoost,1019,50,1,5,0.0,0.0,0.0,9999.0,0.7211,0.0305,0.0336
"D=0.5, white",D05_white,CatBoost,1019,100,1,5,0.0,0.0,0.0,9999.0,0.5519,0.0454,0.0336
"D=0.5, white",D05_white,CatBoost,1020,25,1,0,0.0,0.0,0.0,9999.0,0.3693,0.0031,0.0276
"D=0.5, white",D05_white,CatBoost,1020,50,1,0,0.0,0.0,0.0,9999.0,0.3377,0.0119,0.0276
"D=0.5, white",D05_white,CatBoost,1020,100,1,0,0.0,0.0,0.0,9999.0,0.4958,0.0379,0.0276
"D=0.5, white",D05_white,CatBoost,1021,25,1,1,0.0,0.0,0.0,9999.0,0.8955,0.0138,0.0281
"D=0.5, white",D05_white,CatBoost,1021,50,1,1,0.0,0.0,0.0,9999.0,0.7601,0.0384,0.0281
"D=0.5, white",D05_white,CatBoost,1021,100,1,1,0.0,0.0,0.0,9999.0,0.461,0.0392,0.0281
"D=0.5, white",D05_white,CatBoost,1022,25,3,2,0.5,0.333333,0.4,3.0,0.4649,0.3194,0.2095
"D=0.5, white",D05_white,CatBoost,1022,50,3,2,0.5,0.333333,0.4,3.0,0.4322,0.1957,0.2095
"D=0.5, white",D05_white,CatBoost,1022,100,3,2,0.5,0.333333,0.4,3.0,0.4755,0.2039,0.2095
"D=0.5, white",D05_white,CatBoost,1023,25,3,2,0.5,0.333333,0.4,2.0,0.6124,0.413,0.0321
"D=0.5, white",D05_white,CatBoost,1023,50,3,2,0.5,0.333333,0.4,2.0,0.5106,0.2317,0.0321
"D=0.5, white",D05_white,CatBoost,1023,100,3,2,0.5,0.333333,0.4,2.0,0.417,0.1963,0.0321
"D=0.5, white",D05_white,CatBoost,1024,25,5,4,0.5,0.4,0.444444,1.0,0.537,0.3937,0.0251
"D=0.5, white",D05_white,CatBoost,1024,50,5,4,0.5,0.4,0.444444,1.0,0.4715,0.2892,0.0251
"D=0.5, white",D05_white,CatBoost,1024,100,5,4,0.75,0.6,0.666667,19.3333,0.4387,0.3619,0.0251
"D=0.5, white",D05_white,CatBoost,1025,25,1,0,0.0,0.0,0.0,9999.0,0.709,0.0058,0.0291
"D=0.5, white",D05_white,CatBoost,1025,50,1,0,0.0,0.0,0.0,9999.0,0.7798,0.0336,0.0291
"D=0.5, white",D05_white,CatBoost,1025,100,1,0,0.0,0.0,0.0,9999.0,0.8577,0.1392,0.0291
"D=0.5, white",D05_white,CatBoost,1026,25,1,0,0.0,0.0,0.0,9999.0,0.7583,0.1148,0.0574
"D=0.5, white",D05_white,CatBoost,1026,50,1,0,0.0,0.0,0.0,9999.0,0.8674,0.1856,0.0574
"D=0.5, white",D05_white,CatBoost,1026,100,1,0,0.0,0.0,0.0,9999.0,0.5633,0.1066,0.0574
"D=0.5, white",D05_white,CatBoost,1027,25,3,1,1.0,0.333333,0.5,5.0,0.759,0.5101,0.0729
"D=0.5, white",D05_white,CatBoost,1027,50,3,1,1.0,0.333333,0.5,5.0,0.5232,0.2969,0.0729
"D=0.5, white",D05_white,CatBoost,1027,100,3,1,1.0,0.333333,0.5,5.0,0.5332,0.2632,0.0729
"D=0.5, white",D05_white,CatBoost,1028,25,5,2,1.0,0.4,0.571429,1.0,0.6566,0.4567,0.0672
"D=0.5, white",D05_white,CatBoost,1028,50,5,2,1.0,0.4,0.571429,1.0,0.6406,0.3962,0.0672
"D=0.5, white",D05_white,CatBoost,1028,100,5,2,1.0,0.4,0.571429,1.0,0.6155,0.4391,0.0672
"D=0.5, white",D05_white,CatBoost,1029,25,3,2,1.0,0.666667,0.8,9.0,0.5073,0.3367,0.0527
"D=0.5, white",D05_white,CatBoost,1029,50,3,2,1.0,0.666667,0.8,9.0,0.4516,0.2032,0.0527
"D=0.5, white",D05_white,CatBoost,1029,100,3,2,1.0,0.666667,0.8,9.0,0.402,0.1869,0.0527
"D=0.5, white",D05_white,CatBoost,1030,25,3,1,1.0,0.333333,0.5,3.0,0.7255,0.5057,0.0988
"D=0.5, white",D05_white,CatBoost,1030,50,3,1,1.0,0.333333,0.5,3.0,0.7241,0.3799,0.0988
"D=0.5, white",D05_white,CatBoost,1030,100,3,1,1.0,0.333333,0.5,3.0,0.6292,0.2918,0.0988
"D=0.5, white",D05_white,CatBoost,1031,25,1,1,0.0,0.0,0.0,9999.0,0.8363,0.0163,0.0366
"D=0.5, white",D05_white,CatBoost,1031,50,1,1,0.0,0.0,0.0,9999.0,0.8492,0.047,0.0366
"D=0.5, white",D05_white,CatBoost,1031,100,1,1,0.0,0.0,0.0,9999.0,0.8216,0.1354,0.0366
"D=0.5, white",D05_white,CatBoost,1032,25,1,0,0.0,0.0,0.0,9999.0,0.8894,0.0298,0.036
"D=0.5, white",D05_white,CatBoost,1032,50,1,0,0.0,0.0,0.0,9999.0,0.926,0.1601,0.036
"D=0.5, white",D05_white,CatBoost,1032,100,1,0,0.0,0.0,0.0,9999.0,0.7898,0.2399,0.036
"D=0.5, white",D05_white,CatBoost,1033,25,1,1,0.0,0.0,0.0,9999.0,0.4824,0.0027,0.0343
"D=0.5, white",D05_white,CatBoost,1033,50,1,1,0.0,0.0,0.0,9999.0,0.5498,0.0161,0.0343
"D=0.5, white",D05_white,CatBoost,1033,100,1,1,0.0,0.0,0.0,9999.0,0.5539,0.0441,0.0343
"D=0.5, white",D05_white,CatBoost,1034,25,1,1,0.0,0.0,0.0,9999.0,0.6421,0.0065,0.0394
"D=0.5, white",D05_white,CatBoost,1034,50,1,1,0.0,0.0,0.0,9999.0,0.4563,0.0148,0.0394
"D=0.5, white",D05_white,CatBoost,1034,100,1,1,0.0,0.0,0.0,9999.0,0.2595,0.0266,0.0394
"D=0.5, white",D05_white,CatBoost,1035,25,3,0,0.0,0.0,0.0,9999.0,0.7472,0.1503,0.0803
"D=0.5, white",D05_white,CatBoost,1035,50,3,0,0.0,0.0,0.0,9999.0,0.4958,0.1085,0.0803
"D=0.5, white",D05_white,CatBoost,1035,100,3,0,0.0,0.0,0.0,9999.0,0.4786,0.1497,0.0803
"D=0.5, white",D05_white,CatBoost,1036,25,3,2,0.5,0.333333,0.4,3.0,0.6841,0.4213,0.0271
"D=0.5, white",D05_white,CatBoost,1036,50,3,2,0.5,0.333333,0.4,3.0,0.4767,0.2315,0.0271
"D=0.5, white",D05_white,CatBoost,1036,100,3,2,0.5,0.333333,0.4,3.0,0.4923,0.2246,0.0271
"D=0.5, white",D05_white,CatBoost,1037,25,3,2,0.5,0.333333,0.4,1.0,0.4978,0.339,0.0658
"D=0.5, white",D05_white,CatBoost,1037,50,3,2,0.5,0.333333,0.4,1.0,0.5836,0.2802,0.0658
"D=0.5, white",D05_white,CatBoost,1037,100,3,2,0.5,0.333333,0.4,1.0,0.6383,0.2799,0.0658
"D=0.5, white",D05_white,CatBoost,1038,25,1,1,0.0,0.0,0.0,9999.0,0.9637,0.0481,0.0512
"D=0.5, white",D05_white,CatBoost,1038,50,1,1,0.0,0.0,0.0,9999.0,0.8544,0.0604,0.0512
"D=0.5, white",D05_white,CatBoost,1038,100,1,1,0.0,0.0,0.0,9999.0,0.6045,0.0708,0.0512
"D=0.5, white",D05_white,CatBoost,1039,25,1,1,0.0,0.0,0.0,9999.0,0.87,0.0195,0.0316
"D=0.5, white",D05_white,CatBoost,1039,50,1,1,0.0,0.0,0.0,9999.0,0.6129,0.0206,0.0316
"D=0.5, white",D05_white,CatBoost,1039,100,1,1,0.0,0.0,0.0,9999.0,0.3527,0.0302,0.0316
"D=0.5, white",D05_white,CatBoost,1040,25,1,2,0.0,0.0,0.0,9999.0,0.1974,0.0025,0.0306
"D=0.5, white",D05_white,CatBoost,1040,50,1,2,0.0,0.0,0.0,9999.0,0.4368,0.0148,0.0306
"D=0.5, white",D05_white,CatBoost,1040,100,1,2,0.0,0.0,0.0,9999.0,0.5761,0.0553,0.0306
"D=0.5, white",D05_white,CatBoost,1041,25,1,2,0.5,1.0,0.666667,13.0,0.7869,0.2511,0.0513
"D=0.5, white",D05_white,CatBoost,1041,50,1,2,0.5,1.0,0.666667,13.0,0.3859,0.0965,0.0513
"D=0.5, white",D05_white,CatBoost,1041,100,1,2,0.5,1.0,0.666667,13.0,0.3142,0.0653,0.0513
"D=0.5, white",D05_white,CatBoost,1042,25,1,2,0.0,0.0,0.0,9999.0,0.7039,0.0342,0.0467
"D=0.5, white",D05_white,CatBoost,1042,50,1,2,0.0,0.0,0.0,9999.0,0.7226,0.0332,0.0467
"D=0.5, white",D05_white,CatBoost,1042,100,1,2,0.5,1.0,0.666667,57.0,0.8325,0.2447,0.0467
"D=0.5, white",D05_white,CatBoost,1043,25,3,1,1.0,0.333333,0.5,0.0,0.7414,0.4849,0.0733
"D=0.5, white",D05_white,CatBoost,1043,50,3,1,1.0,0.333333,0.5,0.0,0.6703,0.31,0.0733
"D=0.5, white",D05_white,CatBoost,1043,100,3,1,1.0,0.333333,0.5,0.0,0.7743,0.3963,0.0733
"D=0.5, white",D05_white,CatBoost,1044,25,3,1,1.0,0.333333,0.5,1.0,0.6401,0.3859,0.0417
"D=0.5, white",D05_white,CatBoost,1044,50,3,1,1.0,0.333333,0.5,1.0,0.6585,0.3234,0.0417
"D=0.5, white",D05_white,CatBoost,1044,100,3,1,1.0,0.333333,0.5,1.0,0.5677,0.2573,0.0417
"D=0.5, white",D05_white,CatBoost,1045,25,1,0,0.0,0.0,0.0,9999.0,0.6502,0.0036,0.0968
"D=0.5, white",D05_white,CatBoost,1045,50,1,0,0.0,0.0,0.0,9999.0,0.7575,0.0296,0.0968
"D=0.5, white",D05_white,CatBoost,1045,100,1,0,0.0,0.0,0.0,9999.0,0.539,0.0429,0.0968
"D=0.5, white",D05_white,CatBoost,1046,25,1,2,0.0,0.0,0.0,9999.0,0.5902,0.0101,0.0296
"D=0.5, white",D05_white,CatBoost,1046,50,1,2,0.0,0.0,0.0,9999.0,0.4929,0.0169,0.0296
"D=0.5, white",D05_white,CatBoost,1046,100,1,2,0.0,0.0,0.0,9999.0,0.5435,0.0509,0.0296
"D=0.5, white",D05_white,CatBoost,1047,25,3,2,0.5,0.333333,0.4,2.0,0.6844,0.4917,0.0326
"D=0.5, white",D05_white,CatBoost,1047,50,3,2,0.5,0.333333,0.4,2.0,0.5259,0.341,0.0326
"D=0.5, white",D05_white,CatBoost,1047,100,3,2,0.5,0.333333,0.4,2.0,0.4136,0.2296,0.0326
"D=0.5, white",D05_white,CatBoost,1048,25,7,3,1.0,0.428571,0.6,2.3333,0.7746,0.645,0.0276
"D=0.5, white",D05_white,CatBoost,1048,50,7,3,1.0,0.428571,0.6,2.3333,0.7518,0.5616,0.0276
"D=0.5, white",D05_white,CatBoost,1048,100,7,3,1.0,0.428571,0.6,2.3333,0.7255,0.5307,0.0276
"D=0.5, white",D05_white,CatBoost,1049,25,3,1,0.0,0.0,0.0,9999.0,0.4097,0.0146,0.046
"D=0.5, white",D05_white,CatBoost,1049,50,3,1,0.0,0.0,0.0,9999.0,0.4565,0.0331,0.046
"D=0.5, white",D05_white,CatBoost,1049,100,3,1,0.0,0.0,0.0,9999.0,0.3526,0.0626,0.046
"D=1, white",D10_white,CatBoost,1000,25,39,14,0.928571,0.333333,0.490566,3.3846,0.7316,0.7847,0.0301
"D=1, white",D10_white,CatBoost,1000,50,39,14,0.928571,0.333333,0.490566,3.3846,0.6589,0.8897,0.0301
"D=1, white",D10_white,CatBoost,1000,100,39,14,1.0,0.358974,0.528302,7.7857,0.5678,0.9887,0.0301
"D=1, white",D10_white,CatBoost,1001,25,35,11,1.0,0.314286,0.478261,1.0,0.7249,0.7704,0.0277
"D=1, white",D10_white,CatBoost,1001,50,35,11,1.0,0.314286,0.478261,1.0,0.6725,0.8576,0.0277
"D=1, white",D10_white,CatBoost,1001,100,35,11,1.0,0.314286,0.478261,1.0,0.6318,0.9676,0.0277
"D=1, white",D10_white,CatBoost,1002,25,43,14,1.0,0.325581,0.491228,2.3571,0.6822,0.7708,0.0281
"D=1, white",D10_white,CatBoost,1002,50,43,14,1.0,0.325581,0.491228,2.3571,0.541,0.8196,0.0281
"D=1, white",D10_white,CatBoost,1002,100,43,14,1.0,0.325581,0.491228,2.3571,0.5238,0.9724,0.0281
"D=1, white",D10_white,CatBoost,1003,25,43,13,0.923077,0.27907,0.428571,1.8333,0.7174,0.7576,0.0276
"D=1, white",D10_white,CatBoost,1003,50,43,13,0.923077,0.27907,0.428571,1.8333,0.6409,0.8114,0.0276
"D=1, white",D10_white,CatBoost,1003,100,43,13,1.0,0.302326,0.464286,6.0769,0.5618,0.9101,0.0276
"D=1, white",D10_white,CatBoost,1004,25,45,13,1.0,0.288889,0.448276,3.9231,0.7731,0.8359,0.0286
"D=1, white",D10_white,CatBoost,1004,50,45,13,1.0,0.288889,0.448276,3.9231,0.742,0.9075,0.0286
"D=1, white",D10_white,CatBoost,1004,100,45,13,1.0,0.288889,0.448276,3.9231,0.6948,0.9674,0.0286
"D=1, white",D10_white,CatBoost,1005,25,37,12,1.0,0.324324,0.489796,1.8333,0.7094,0.7758,0.0271
"D=1, white",D10_white,CatBoost,1005,50,37,12,1.0,0.324324,0.489796,1.8333,0.6523,0.8594,0.0271
"D=1, white",D10_white,CatBoost,1005,100,37,12,1.0,0.324324,0.489796,1.8333,0.7031,0.9609,0.0271
"D=1, white",D10_white,CatBoost,1006,25,39,14,0.928571,0.333333,0.490566,1.5385,0.7308,0.797,0.0286
"D=1, white",D10_white,CatBoost,1006,50,39,14,1.0,0.358974,0.528302,4.7143,0.7021,0.8671,0.0286
"D=1, white",D10_white,CatBoost,1006,100,39,14,1.0,0.358974,0.528302,4.7143,0.6542,0.9657,0.0286
"D=1, white",D10_white,CatBoost,1007,25,21,8,0.75,0.285714,0.413793,3.6667,0.7167,0.6241,0.0347
"D=1, white",D10_white,CatBoost,1007,50,21,8,0.75,0.285714,0.413793,3.6667,0.5779,0.6123,0.0347
"D=1, white",D10_white,CatBoost,1007,100,21,8,0.75,0.285714,0.413793,3.6667,0.5067,0.7163,0.0347
"D=1, white",D10_white,CatBoost,1008,25,57,17,1.0,0.298246,0.459459,2.2353,0.714,0.84,0.0376
"D=1, white",D10_white,CatBoost,1008,50,57,17,1.0,0.298246,0.459459,2.2353,0.6236,0.9143,0.0376
"D=1, white",D10_white,CatBoost,1008,100,57,17,1.0,0.298246,0.459459,2.2353,0.5726,0.9877,0.0376
"D=1, white",D10_white,CatBoost,1009,25,45,14,1.0,0.311111,0.474576,0.7857,0.7256,0.8008,0.0555
"D=1, white",D10_white,CatBoost,1009,50,45,14,1.0,0.311111,0.474576,0.7857,0.6405,0.8466,0.0555
"D=1, white",D10_white,CatBoost,1009,100,45,14,1.0,0.311111,0.474576,0.7857,0.3936,0.9659,0.0555
"D=1, white",D10_white,CatBoost,1010,25,37,15,0.8,0.324324,0.461538,2.1667,0.709,0.7508,0.0336
"D=1, white",D10_white,CatBoost,1010,50,37,15,0.8,0.324324,0.461538,2.1667,0.6209,0.7827,0.0336
"D=1, white",D10_white,CatBoost,1010,100,37,15,0.933333,0.378378,0.538462,11.5714,0.5921,0.8752,0.0336
"D=1, white",D10_white,CatBoost,1011,25,43,16,0.875,0.325581,0.474576,1.5,0.7475,0.8273,0.0321
"D=1, white",D10_white,CatBoost,1011,50,43,16,0.875,0.325581,0.474576,1.5,0.7256,0.8906,0.0321
"D=1, white",D10_white,CatBoost,1011,100,43,16,1.0,0.372093,0.542373,11.5625,0.7437,0.9674,0.0321
"D=1, white",D10_white,CatBoost,1012,25,41,15,0.866667,0.317073,0.464286,0.7692,0.7149,0.7568,0.0306
"D=1, white",D10_white,CatBoost,1012,50,41,15,0.866667,0.317073,0.464286,0.7692,0.6253,0.7997,0.0306
"D=1, white",D10_white,CatBoost,1012,100,41,15,0.866667,0.317073,0.464286,0.7692,0.5484,0.888,0.0306
"D=1, white",D10_white,CatBoost,1013,25,49,15,0.933333,0.285714,0.4375,1.2857,0.7542,0.8235,0.0548
"D=1, white",D10_white,CatBoost,1013,50,49,15,1.0,0.306122,0.46875,4.2667,0.7198,0.8787,0.0548
"D=1, white",D10_white,CatBoost,1013,100,49,15,1.0,0.306122,0.46875,4.2667,0.7226,0.9601,0.0548
"D=1, white",D10_white,CatBoost,1014,25,35,11,1.0,0.314286,0.478261,2.1818,0.7395,0.7696,0.0482
"D=1, white",D10_white,CatBoost,1014,50,35,11,1.0,0.314286,0.478261,2.1818,0.6357,0.8024,0.0482
"D=1, white",D10_white,CatBoost,1014,100,35,11,1.0,0.314286,0.478261,2.1818,0.5409,0.9288,0.0482
"D=1, white",D10_white,CatBoost,1015,25,47,18,0.888889,0.340426,0.492308,2.5,0.7375,0.8024,0.0271
"D=1, white",D10_white,CatBoost,1015,50,47,18,0.888889,0.340426,0.492308,2.5,0.6125,0.8908,0.0271
"D=1, white",D10_white,CatBoost,1015,100,47,18,1.0,0.382979,0.553846,10.3889,0.604,0.9992,0.0271
"D=1, white",D10_white,CatBoost,1016,25,33,17,0.764706,0.393939,0.52,1.4615,0.6465,0.695,0.0331
"D=1, white",D10_white,CatBoost,1016,50,33,17,0.764706,0.393939,0.52,1.4615,0.6043,0.7713,0.0331
"D=1, white",D10_white,CatBoost,1016,100,33,17,0.882353,0.454545,0.6,8.7333,0.5615,0.8532,0.0331
"D=1, white",D10_white,CatBoost,1017,25,43,14,0.928571,0.302326,0.45614,0.5385,0.6782,0.7596,0.0397
"D=1, white",D10_white,CatBoost,1017,50,43,14,0.928571,0.302326,0.45614,0.5385,0.6336,0.8381,0.0397
"D=1, white",D10_white,CatBoost,1017,100,43,14,1.0,0.325581,0.491228,5.0,0.6435,0.9399,0.0397
"D=1, white",D10_white,CatBoost,1018,25,49,15,0.933333,0.285714,0.4375,0.8571,0.684,0.7873,0.0382
"D=1, white",D10_white,CatBoost,1018,50,49,15,0.933333,0.285714,0.4375,0.8571,0.6179,0.8899,0.0382
"D=1, white",D10_white,CatBoost,1018,100,49,15,1.0,0.306122,0.46875,5.6,0.7506,0.9936,0.0382
"D=1, white",D10_white,CatBoost,1019,25,47,19,0.842105,0.340426,0.484848,2.0625,0.7028,0.7877,0.0452
"D=1, white",D10_white,CatBoost,1019,50,47,19,0.894737,0.361702,0.515152,4.8824,0.5836,0.841,0.0452
"D=1, white",D10_white,CatBoost,1019,100,47,19,1.0,0.404255,0.575758,12.4737,0.4925,0.9595,0.0452
"D=1, white",D10_white,CatBoost,1020,25,41,15,1.0,0.365854,0.535714,2.0667,0.7621,0.8366,0.0311
"D=1, white",D10_white,CatBoost,1020,50,41,15,1.0,0.365854,0.535714,2.0667,0.6946,0.8773,0.0311
"D=1, white",D10_white,CatBoost,1020,100,41,15,1.0,0.365854,0.535714,2.0667,0.612,0.9792,0.0311
"D=1, white",D10_white,CatBoost,1021,25,37,15,0.866667,0.351351,0.5,2.3846,0.7572,0.7882,0.0316
"D=1, white",D10_white,CatBoost,1021,50,37,15,0.866667,0.351351,0.5,2.3846,0.6477,0.8369,0.0316
"D=1, white",D10_white,CatBoost,1021,100,37,15,0.933333,0.378378,0.538462,5.9286,0.4395,0.9232,0.0316
"D=1, white",D10_white,CatBoost,1022,25,40,13,1.0,0.325,0.490566,2.0,0.6816,0.7648,0.0327
"D=1, white",D10_white,CatBoost,1022,50,40,13,1.0,0.325,0.490566,2.0,0.6179,0.8633,0.0327
"D=1, white",D10_white,CatBoost,1022,100,40,13,1.0,0.325,0.490566,2.0,0.5998,0.9617,0.0327
"D=1, white",D10_white,CatBoost,1023,25,37,12,1.0,0.324324,0.489796,1.9167,0.724,0.784,0.0301
"D=1, white",D10_white,CatBoost,1023,50,37,12,1.0,0.324324,0.489796,1.9167,0.6293,0.824,0.0301
"D=1, white",D10_white,CatBoost,1023,100,37,12,1.0,0.324324,0.489796,1.9167,0.5222,0.9571,0.0301
"D=1, white",D10_white,CatBoost,1024,25,45,15,1.0,0.333333,0.5,5.3333,0.7871,0.8621,0.0296
"D=1, white",D10_white,CatBoost,1024,50,45,15,1.0,0.333333,0.5,5.3333,0.6382,0.8945,0.0296
"D=1, white",D10_white,CatBoost,1024,100,45,15,1.0,0.333333,0.5,5.3333,0.6417,0.998,0.0296
"D=1, white",D10_white,CatBoost,1025,25,29,10,1.0,0.344828,0.512821,2.0,0.794,0.7982,0.0296
"D=1, white",D10_white,CatBoost,1025,50,29,10,1.0,0.344828,0.512821,2.0,0.7433,0.8651,0.0296
"D=1, white",D10_white,CatBoost,1025,100,29,10,1.0,0.344828,0.512821,2.0,0.7984,0.9632,0.0296
"D=1, white",D10_white,CatBoost,1026,25,41,15,0.933333,0.341463,0.5,2.7143,0.7499,0.7889,0.0397
"D=1, white",D10_white,CatBoost,1026,50,41,15,0.933333,0.341463,0.5,2.7143,0.6571,0.8259,0.0397
"D=1, white",D10_white,CatBoost,1026,100,41,15,0.933333,0.341463,0.5,2.7143,0.5744,0.9301,0.0397
"D=1, white",D10_white,CatBoost,1027,25,27,11,0.909091,0.37037,0.526316,4.4,0.6772,0.6463,0.0276
"D=1, white",D10_white,CatBoost,1027,50,27,11,0.909091,0.37037,0.526316,4.4,0.5837,0.672,0.0276
"D=1, white",D10_white,CatBoost,1027,100,27,11,0.909091,0.37037,0.526316,4.4,0.5413,0.8127,0.0276
"D=1, white",D10_white,CatBoost,1028,25,45,17,0.823529,0.311111,0.451613,1.0714,0.7588,0.8186,0.0342
"D=1, white",D10_white,CatBoost,1028,50,45,17,0.882353,0.333333,0.483871,3.4667,0.6477,0.8644,0.0342
"D=1, white",D10_white,CatBoost,1028,100,45,17,0.941176,0.355556,0.516129,9.3125,0.4521,0.9564,0.0342
"D=1, white",D10_white,CatBoost,1029,25,29,13,0.923077,0.413793,0.571429,4.5,0.7592,0.7472,0.0337
"D=1, white",D10_white,CatBoost,1029,50,29,13,0.923077,0.413793,0.571429,4.5,0.6405,0.7711,0.0337
"D=1, white",D10_white,CatBoost,1029,100,29,13,0.923077,0.413793,0.571429,4.5,0.5149,0.8762,0.0337
"D=1, white",D10_white,CatBoost,1030,25,47,16,0.9375,0.319149,0.47619,2.0667,0.7253,0.8157,0.0441
"D=1, white",D10_white,CatBoost,1030,50,47,16,0.9375,0.319149,0.47619,2.0667,0.6646,0.8918,0.0441
"D=1, white",D10_white,CatBoost,1030,100,47,16,1.0,0.340426,0.507937,5.5625,0.7025,0.9893,0.0441
"D=1, white",D10_white,CatBoost,1031,25,45,18,0.944444,0.377778,0.539683,3.1176,0.7706,0.8468,0.0406
"D=1, white",D10_white,CatBoost,1031,50,45,18,0.944444,0.377778,0.539683,3.1176,0.7157,0.9099,0.0406
"D=1, white",D10_white,CatBoost,1031,100,45,18,1.0,0.4,0.571429,6.7778,0.8758,0.9949,0.0406
"D=1, white",D10_white,CatBoost,1032,25,39,11,1.0,0.282051,0.44,3.3636,0.7961,0.8391,0.0282
"D=1, white",D10_white,CatBoost,1032,50,39,11,1.0,0.282051,0.44,3.3636,0.6395,0.8384,0.0282
"D=1, white",D10_white,CatBoost,1032,100,39,11,1.0,0.282051,0.44,3.3636,0.5774,0.9431,0.0282
"D=1, white",D10_white,CatBoost,1033,25,39,15,0.866667,0.333333,0.481481,1.4615,0.7042,0.7477,0.0307
"D=1, white",D10_white,CatBoost,1033,50,39,15,0.866667,0.333333,0.481481,1.4615,0.5051,0.8014,0.0307
"D=1, white",D10_white,CatBoost,1033,100,39,15,1.0,0.384615,0.555556,10.7333,0.6212,0.9878,0.0307
"D=1, white",D10_white,CatBoost,1034,25,47,16,0.875,0.297872,0.444444,2.0,0.7707,0.8354,0.0337
"D=1, white",D10_white,CatBoost,1034,50,47,16,0.9375,0.319149,0.47619,4.2667,0.6831,0.8645,0.0337
"D=1, white",D10_white,CatBoost,1034,100,47,16,0.9375,0.319149,0.47619,4.2667,0.6621,0.9177,0.0337
"D=1, white",D10_white,CatBoost,1035,25,39,14,0.928571,0.333333,0.490566,1.1538,0.7445,0.7999,0.0436
"D=1, white",D10_white,CatBoost,1035,50,39,14,1.0,0.358974,0.528302,3.4286,0.6861,0.8722,0.0436
"D=1, white",D10_white,CatBoost,1035,100,39,14,1.0,0.358974,0.528302,3.4286,0.6662,0.9661,0.0436
"D=1, white",D10_white,CatBoost,1036,25,33,14,0.785714,0.333333,0.468085,2.4545,0.7479,0.7421,0.0515
"D=1, white",D10_white,CatBoost,1036,50,33,14,0.785714,0.333333,0.468085,2.4545,0.7006,0.7832,0.0515
"D=1, white",D10_white,CatBoost,1036,100,33,14,0.928571,0.393939,0.553191,14.0769,0.6876,0.8792,0.0515
"D=1, white",D10_white,CatBoost,1037,25,43,16,0.9375,0.348837,0.508475,1.3333,0.6892,0.7841,0.0401
"D=1, white",D10_white,CatBoost,1037,50,43,16,0.9375,0.348837,0.508475,1.3333,0.59,0.8587,0.0401
"D=1, white",D10_white,CatBoost,1037,100,43,16,1.0,0.372093,0.542373,7.0,0.4976,0.9591,0.0401
"D=1, white",D10_white,CatBoost,1038,25,49,18,1.0,0.367347,0.537313,3.3889,0.7816,0.8757,0.0291
"D=1, white",D10_white,CatBoost,1038,50,49,18,1.0,0.367347,0.537313,3.3889,0.6744,0.9268,0.0291
"D=1, white",D10_white,CatBoost,1038,100,49,18,1.0,0.367347,0.537313,3.3889,0.901,0.9985,0.0291
"D=1, white",D10_white,CatBoost,1039,25,41,12,0.916667,0.268293,0.415094,2.9091,0.7615,0.7946,0.0306
"D=1, white",D10_white,CatBoost,1039,50,41,12,0.916667,0.268293,0.415094,2.9091,0.6373,0.7998,0.0306
"D=1, white",D10_white,CatBoost,1039,100,41,12,1.0,0.292683,0.45283,9.0,0.6747,0.9133,0.0306
"D=1, white",D10_white,CatBoost,1040,25,39,13,0.846154,0.282051,0.423077,1.4545,0.7781,0.8025,0.0321
"D=1, white",D10_white,CatBoost,1040,50,39,13,0.846154,0.282051,0.423077,1.4545,0.6634,0.8019,0.0321
"D=1, white",D10_white,CatBoost,1040,100,39,13,1.0,0.333333,0.5,10.9231,0.6409,0.9154,0.0321
"D=1, white",D10_white,CatBoost,1041,25,47,21,0.857143,0.382979,0.529412,2.2222,0.7516,0.832,0.0296
"D=1, white",D10_white,CatBoost,1041,50,47,21,0.857143,0.382979,0.529412,2.2222,0.6873,0.9083,0.0296
"D=1, white",D10_white,CatBoost,1041,100,47,21,1.0,0.446809,0.617647,11.5238,0.9336,0.9991,0.0296
"D=1, white",D10_white,CatBoost,1042,25,43,12,0.916667,0.255814,0.4,2.7273,0.6547,0.7304,0.0391
"D=1, white",D10_white,CatBoost,1042,50,43,12,1.0,0.27907,0.436364,6.25,0.5829,0.8065,0.0391
"D=1, white",D10_white,CatBoost,1042,100,43,12,1.0,0.27907,0.436364,6.25,0.5469,0.9241,0.0391
"D=1, white",D10_white,CatBoost,1043,25,39,15,0.866667,0.333333,0.481481,2.3846,0.7812,0.8134,0.0406
"D=1, white",D10_white,CatBoost,1043,50,39,15,0.933333,0.358974,0.518519,5.2143,0.6861,0.8482,0.0406
"D=1, white",D10_white,CatBoost,1043,100,39,15,0.933333,0.358974,0.518519,5.2143,0.603,0.9352,0.0406
"D=1, white",D10_white,CatBoost,1044,25,36,15,0.933333,0.388889,0.54902,2.7857,0.7648,0.8082,0.0397
"D=1, white",D10_white,CatBoost,1044,50,36,15,0.933333,0.388889,0.54902,2.7857,0.6982,0.8723,0.0397
"D=1, white",D10_white,CatBoost,1044,100,36,15,1.0,0.416667,0.588235,7.8667,0.7453,0.981,0.0397
"D=1, white",D10_white,CatBoost,1045,25,51,19,1.0,0.372549,0.542857,2.1579,0.8166,0.9006,0.0411
"D=1, white",D10_white,CatBoost,1045,50,51,19,1.0,0.372549,0.542857,2.1579,0.7872,0.948,0.0411
"D=1, white",D10_white,CatBoost,1045,100,51,19,1.0,0.372549,0.542857,2.1579,0.7493,0.9777,0.0411
"D=1, white",D10_white,CatBoost,1046,25,55,17,0.941176,0.290909,0.444444,2.75,0.6985,0.8337,0.0722
"D=1, white",D10_white,CatBoost,1046,50,55,17,1.0,0.309091,0.472222,5.5294,0.6194,0.9115,0.0722
"D=1, white",D10_white,CatBoost,1046,100,55,17,1.0,0.309091,0.472222,5.5294,0.7044,0.9829,0.0722
"D=1, white",D10_white,CatBoost,1047,25,43,14,0.928571,0.302326,0.45614,2.0,0.7313,0.7852,0.0408
"D=1, white",D10_white,CatBoost,1047,50,43,14,0.928571,0.302326,0.45614,2.0,0.6321,0.8345,0.0408
"D=1, white",D10_white,CatBoost,1047,100,43,14,1.0,0.325581,0.491228,7.1429,0.7708,0.9743,0.0408
"D=1, white",D10_white,CatBoost,1048,25,51,15,1.0,0.294118,0.454545,4.0,0.765,0.8369,0.0657
"D=1, white",D10_white,CatBoost,1048,50,51,15,1.0,0.294118,0.454545,4.0,0.7371,0.8712,0.0657
"D=1, white",D10_white,CatBoost,1048,100,51,15,1.0,0.294118,0.454545,4.0,0.6471,0.9144,0.0657
"D=1, white",D10_white,CatBoost,1049,25,33,13,0.769231,0.30303,0.434783,2.6,0.6244,0.6028,0.08
"D=1, white",D10_white,CatBoost,1049,50,33,13,0.846154,0.333333,0.478261,5.8182,0.5565,0.7094,0.08
"D=1, white",D10_white,CatBoost,1049,100,33,13,0.923077,0.363636,0.521739,12.1667,0.6043,0.9083,0.08
"D=1, pink",D10_pink,CatBoost,1000,25,192,26,0.884615,0.119792,0.211009,1.7391,0.6954,0.9201,0.0306
"D=1, pink",D10_pink,CatBoost,1000,50,192,26,1.0,0.135417,0.238532,5.8077,0.7934,0.9908,0.0306
"D=1, pink",D10_pink,CatBoost,1000,100,192,26,1.0,0.135417,0.238532,5.8077,,,0.0306
"D=1, pink",D10_pink,CatBoost,1001,25,199,25,0.72,0.090452,0.160714,1.0556,0.6978,0.872,0.0421
"D=1, pink",D10_pink,CatBoost,1001,50,199,25,0.88,0.110553,0.196429,8.9545,0.6445,0.9347,0.0421
"D=1, pink",D10_pink,CatBoost,1001,100,199,25,1.0,0.125628,0.223214,15.96,,,0.0421
"D=1, pink",D10_pink,CatBoost,1002,25,205,26,0.884615,0.112195,0.199134,1.913,0.6911,0.9434,0.0482
"D=1, pink",D10_pink,CatBoost,1002,50,205,26,0.961538,0.121951,0.21645,4.6,0.7344,0.9876,0.0482
"D=1, pink",D10_pink,CatBoost,1002,100,205,26,1.0,0.126829,0.225108,6.5769,,,0.0482
"D=1, pink",D10_pink,CatBoost,1003,25,186,29,0.862069,0.134409,0.232558,2.2,0.6105,0.9165,0.0442
"D=1, pink",D10_pink,CatBoost,1003,50,186,29,0.965517,0.150538,0.260465,5.5,0.5936,0.9971,0.0442
"D=1, pink",D10_pink,CatBoost,1003,100,186,29,1.0,0.155914,0.269767,7.2759,,,0.0442
"D=1, pink",D10_pink,CatBoost,1004,25,198,29,0.827586,0.121212,0.211454,1.0417,0.6488,0.8907,0.1523
"D=1, pink",D10_pink,CatBoost,1004,50,198,29,0.896552,0.131313,0.229075,4.6538,0.6096,0.9672,0.1523
"D=1, pink",D10_pink,CatBoost,1004,100,198,29,1.0,0.146465,0.255507,10.7931,,,0.1523
"D=1, pink",D10_pink,CatBoost,1005,25,179,29,0.862069,0.139665,0.240385,1.92,0.7532,0.9568,0.0382
"D=1, pink",D10_pink,CatBoost,1005,50,179,29,0.965517,0.156425,0.269231,5.5357,0.7269,0.9918,0.0382
"D=1, pink",D10_pink,CatBoost,1005,100,179,29,1.0,0.162011,0.278846,7.1034,,,0.0382
"D=1, pink",D10_pink,CatBoost,1006,25,193,27,0.814815,0.11399,0.2,0.9091,0.7452,0.9351,0.0301
"D=1, pink",D10_pink,CatBoost,1006,50,193,27,0.962963,0.134715,0.236364,6.9615,0.6598,0.9795,0.0301
"D=1, pink",D10_pink,CatBoost,1006,100,193,27,1.0,0.139896,0.245455,9.7778,,,0.0301
"D=1, pink",D10_pink,CatBoost,1007,25,167,27,0.851852,0.137725,0.237113,0.7391,0.6494,0.9391,0.0321
"D=1, pink",D10_pink,CatBoost,1007,50,167,27,1.0,0.161677,0.278351,6.8519,0.6532,0.9828,0.0321
"D=1, pink",D10_pink,CatBoost,1007,100,167,27,1.0,0.161677,0.278351,6.8519,,,0.0321
"D=1, pink",D10_pink,CatBoost,1008,25,211,27,0.703704,0.090047,0.159664,0.8421,0.6569,0.8675,0.0351
"D=1, pink",D10_pink,CatBoost,1008,50,211,27,0.814815,0.104265,0.184874,5.2273,0.6825,0.9437,0.0351
"D=1, pink",D10_pink,CatBoost,1008,100,211,27,0.962963,0.123223,0.218487,13.9231,0.6394,0.987,0.0351
"D=1, pink",D10_pink,CatBoost,1009,25,178,27,0.851852,0.129213,0.22439,1.2609,0.6873,0.9331,0.0386
"D=1, pink",D10_pink,CatBoost,1009,50,178,27,0.962963,0.146067,0.253659,6.2308,0.667,0.9751,0.0386
"D=1, pink",D10_pink,CatBoost,1009,100,178,27,1.0,0.151685,0.263415,7.9259,,,0.0386
"D=1, pink",D10_pink,CatBoost,1010,25,182,26,0.884615,0.126374,0.221154,1.3913,0.6741,0.9149,0.0511
"D=1, pink",D10_pink,CatBoost,1010,50,182,26,0.961538,0.137363,0.240385,4.64,0.7229,0.9884,0.0511
"D=1, pink",D10_pink,CatBoost,1010,100,182,26,1.0,0.142857,0.25,6.8846,,,0.0511
"D=1, pink",D10_pink,CatBoost,1011,25,176,30,0.8,0.136364,0.23301,1.7917,0.6492,0.9188,0.0412
"D=1, pink",D10_pink,CatBoost,1011,50,176,30,0.9,0.153409,0.262136,5.5185,0.6295,0.9834,0.0412
"D=1, pink",D10_pink,CatBoost,1011,100,176,30,1.0,0.170455,0.291262,10.4333,,,0.0412
"D=1, pink",D10_pink,CatBoost,1012,25,207,27,0.777778,0.101449,0.179487,0.8571,0.6592,0.9028,0.0562
"D=1, pink",D10_pink,CatBoost,1012,50,207,27,1.0,0.130435,0.230769,9.037,0.622,0.9755,0.0562
"D=1, pink",D10_pink,CatBoost,1012,100,207,27,1.0,0.130435,0.230769,9.037,,,0.0562
"D=1, pink",D10_pink,CatBoost,1013,25,172,32,0.84375,0.156977,0.264706,0.8148,0.621,0.9133,0.0588
"D=1, pink",D10_pink,CatBoost,1013,50,172,32,0.96875,0.180233,0.303922,5.4194,0.6696,0.9833,0.0588
"D=1, pink",D10_pink,CatBoost,1013,100,172,32,1.0,0.186047,0.313725,7.0938,,,0.0588
"D=1, pink",D10_pink,CatBoost,1014,25,184,26,0.769231,0.108696,0.190476,1.85,0.628,0.8493,0.0441
"D=1, pink",D10_pink,CatBoost,1014,50,184,26,0.923077,0.130435,0.228571,8.8333,0.5845,0.9425,0.0441
"D=1, pink",D10_pink,CatBoost,1014,100,184,26,1.0,0.141304,0.247619,13.5,,,0.0441
"D=1, pink",D10_pink,CatBoost,1015,25,169,23,0.913043,0.12426,0.21875,0.9524,0.6902,0.9242,0.0286
"D=1, pink",D10_pink,CatBoost,1015,50,169,23,1.0,0.136095,0.239583,4.3913,0.7509,0.9804,0.0286
"D=1, pink",D10_pink,CatBoost,1015,100,169,23,1.0,0.136095,0.239583,4.3913,,,0.0286
"D=1, pink",D10_pink,CatBoost,1016,25,181,26,0.923077,0.132597,0.231884,1.7083,0.6484,0.9209,0.0265
"D=1, pink",D10_pink,CatBoost,1016,50,181,26,0.961538,0.138122,0.241546,2.76,0.7081,0.9846,0.0265
"D=1, pink",D10_pink,CatBoost,1016,100,181,26,1.0,0.143646,0.251208,5.4615,,,0.0265
"D=1, pink",D10_pink,CatBoost,1017,25,175,28,0.928571,0.148571,0.256158,1.9231,0.6179,0.9463,0.0541
"D=1, pink",D10_pink,CatBoost,1017,50,175,28,1.0,0.16,0.275862,4.6429,,,0.0541
"D=1, pink",D10_pink,CatBoost,1017,100,175,28,1.0,0.16,0.275862,4.6429,,,0.0541
"D=1, pink",D10_pink,CatBoost,1018,25,197,30,0.833333,0.126904,0.220264,1.12,0.6605,0.9397,0.0758
"D=1, pink",D10_pink,CatBoost,1018,50,197,30,0.933333,0.142132,0.246696,4.6071,0.6191,0.9777,0.0758
"D=1, pink",D10_pink,CatBoost,1018,100,197,30,0.966667,0.147208,0.255507,7.5172,0.6391,0.9906,0.0758
"D=1, pink",D10_pink,CatBoost,1019,25,188,26,0.961538,0.132979,0.233645,1.64,0.6779,0.9437,0.0347
"D=1, pink",D10_pink,CatBoost,1019,50,188,26,1.0,0.138298,0.242991,3.3077,0.7346,0.9902,0.0347
"D=1, pink",D10_pink,CatBoost,1019,100,188,26,1.0,0.138298,0.242991,3.3077,,,0.0347
"D=1, pink",D10_pink,CatBoost,1020,25,177,28,0.857143,0.135593,0.234146,2.2917,0.6245,0.8932,0.0483
"D=1, pink",D10_pink,CatBoost,1020,50,177,28,0.928571,0.146893,0.253659,5.1923,0.5383,0.9704,0.0483
"D=1, pink",D10_pink,CatBoost,1020,100,177,28,1.0,0.158192,0.273171,9.1429,,,0.0483
"D=1, pink",D10_pink,CatBoost,1021,25,208,26,0.846154,0.105769,0.188034,2.2727,0.6761,0.8965,0.0383
"D=1, pink",D10_pink,CatBoost,1021,50,208,26,0.884615,0.110577,0.196581,4.2609,0.6525,0.9626,0.0383
"D=1, pink",D10_pink,CatBoost,1021,100,208,26,1.0,0.125,0.222222,10.8077,,,0.0383
"D=1, pink",D10_pink,CatBoost,1022,25,179,26,0.846154,0.122905,0.214634,1.7727,0.6788,0.9082,0.0431
"D=1, pink",D10_pink,CatBoost,1022,50,179,26,0.923077,0.134078,0.234146,4.3333,0.6229,0.9785,0.0431
"D=1, pink",D10_pink,CatBoost,1022,100,179,26,1.0,0.145251,0.253659,8.8077,,,0.0431
"D=1, pink",D10_pink,CatBoost,1023,25,185,26,0.884615,0.124324,0.218009,1.3043,0.5932,0.9011,0.0261
"D=1, pink",D10_pink,CatBoost,1023,50,185,26,0.961538,0.135135,0.236967,5.08,0.5668,0.9695,0.0261
"D=1, pink",D10_pink,CatBoost,1023,100,185,26,1.0,0.140541,0.246445,8.2308,,,0.0261
"D=1, pink",D10_pink,CatBoost,1024,25,192,30,0.8,0.125,0.216216,1.125,0.6768,0.9278,0.1005
"D=1, pink",D10_pink,CatBoost,1024,50,192,30,0.9,0.140625,0.243243,4.4074,0.7077,0.976,0.1005
"D=1, pink",D10_pink,CatBoost,1024,100,192,30,1.0,0.15625,0.27027,9.9667,0.7857,0.9967,0.1005
"D=1, pink",D10_pink,CatBoost,1025,25,186,28,0.892857,0.134409,0.233645,1.12,0.7536,0.9549,0.0441
"D=1, pink",D10_pink,CatBoost,1025,50,186,28,0.964286,0.145161,0.252336,4.6667,0.6709,0.9861,0.0441
"D=1, pink",D10_pink,CatBoost,1025,100,186,28,1.0,0.150538,0.261682,7.2857,,,0.0441
"D=1, pink",D10_pink,CatBoost,1026,25,199,28,0.821429,0.115578,0.202643,2.7391,0.6872,0.9001,0.0427
"D=1, pink",D10_pink,CatBoost,1026,50,199,28,0.928571,0.130653,0.229075,6.1154,0.6667,0.9558,0.0427
"D=1, pink",D10_pink,CatBoost,1026,100,199,28,1.0,0.140704,0.246696,11.0714,0.4434,0.9929,0.0427
"D=1, pink",D10_pink,CatBoost,1027,25,207,29,0.931034,0.130435,0.228814,2.2222,0.6979,0.9477,0.0377
"D=1, pink",D10_pink,CatBoost,1027,50,207,29,0.965517,0.135266,0.237288,3.3929,0.6697,0.989,0.0377
"D=1, pink",D10_pink,CatBoost,1027,100,207,29,1.0,0.140097,0.245763,5.6207,,,0.0377
"D=1, pink",D10_pink,CatBoost,1028,25,225,28,0.75,0.093333,0.166008,2.0952,0.741,0.9128,0.0356
"D=1, pink",D10_pink,CatBoost,1028,50,225,28,0.821429,0.102222,0.181818,4.6087,0.6826,0.9347,0.0356
"D=1, pink",D10_pink,CatBoost,1028,100,225,28,0.964286,0.12,0.213439,15.1111,0.7104,0.9881,0.0356
"D=1, pink",D10_pink,CatBoost,1029,25,187,26,0.923077,0.128342,0.225352,1.2917,0.6422,0.9354,0.0438
"D=1, pink",D10_pink,CatBoost,1029,50,187,26,1.0,0.139037,0.244131,4.5385,0.4924,0.9942,0.0438
"D=1, pink",D10_pink,CatBoost,1029,100,187,26,1.0,0.139037,0.244131,4.5385,,,0.0438
"D=1, pink",D10_pink,CatBoost,1030,25,194,30,0.866667,0.134021,0.232143,1.1154,0.6612,0.9372,0.0366
"D=1, pink",D10_pink,CatBoost,1030,50,194,30,0.966667,0.149485,0.258929,4.3103,0.5373,0.9978,0.0366
"D=1, pink",D10_pink,CatBoost,1030,100,194,30,1.0,0.154639,0.267857,6.0333,,,0.0366
"D=1, pink",D10_pink,CatBoost,1031,25,223,31,0.935484,0.130045,0.228346,2.1379,0.6662,0.9576,0.0437
"D=1, pink",D10_pink,CatBoost,1031,50,223,31,0.967742,0.134529,0.23622,3.0333,0.6568,0.9922,0.0437
"D=1, pink",D10_pink,CatBoost,1031,100,223,31,1.0,0.139013,0.244094,4.9032,,,0.0437
"D=1, pink",D10_pink,CatBoost,1032,25,199,28,0.821429,0.115578,0.202643,2.8261,0.613,0.8762,0.0529
"D=1, pink",D10_pink,CatBoost,1032,50,199,28,0.928571,0.130653,0.229075,6.6154,0.6277,0.9809,0.0529
"D=1, pink",D10_pink,CatBoost,1032,100,199,28,1.0,0.140704,0.246696,10.75,0.6269,0.9993,0.0529
"D=1, pink",D10_pink,CatBoost,1033,25,173,27,0.962963,0.150289,0.26,1.5769,0.6975,0.9601,0.0382
"D=1, pink",D10_pink,CatBoost,1033,50,173,27,1.0,0.156069,0.27,2.5926,0.7848,0.9969,0.0382
"D=1, pink",D10_pink,CatBoost,1033,100,173,27,1.0,0.156069,0.27,2.5926,,,0.0382
"D=1, pink",D10_pink,CatBoost,1034,25,187,29,0.862069,0.13369,0.231481,2.0,0.6323,0.9344,0.0254
"D=1, pink",D10_pink,CatBoost,1034,50,187,29,0.965517,0.149733,0.259259,6.1786,0.6212,0.9887,0.0254
"D=1, pink",D10_pink,CatBoost,1034,100,187,29,1.0,0.15508,0.268519,7.7241,,,0.0254
"D=1, pink",D10_pink,CatBoost,1035,25,193,29,0.827586,0.124352,0.216216,1.8333,0.64,0.9264,0.0267
"D=1, pink",D10_pink,CatBoost,1035,50,193,29,0.965517,0.145078,0.252252,7.0714,0.5915,0.9901,0.0267
"D=1, pink",D10_pink,CatBoost,1035,100,193,29,1.0,0.150259,0.261261,9.0,,,0.0267
"D=1, pink",D10_pink,CatBoost,1036,25,208,28,0.857143,0.115385,0.20339,1.2917,0.6307,0.9214,0.0277
"D=1, pink",D10_pink,CatBoost,1036,50,208,28,0.964286,0.129808,0.228814,4.5926,0.5541,0.9814,0.0277
"D=1, pink",D10_pink,CatBoost,1036,100,208,28,1.0,0.134615,0.237288,7.1429,0.6933,0.9981,0.0277
"D=1, pink",D10_pink,CatBoost,1037,25,172,27,0.814815,0.127907,0.221106,1.3182,0.6779,0.8973,0.0301
"D=1, pink",D10_pink,CatBoost,1037,50,172,27,0.962963,0.151163,0.261307,6.9615,0.5797,0.962,0.0301
"D=1, pink",D10_pink,CatBoost,1037,100,172,27,1.0,0.156977,0.271357,9.037,,,0.0301
"D=1, pink",D10_pink,CatBoost,1038,25,184,27,0.851852,0.125,0.218009,2.087,0.6207,0.9017,0.0587
"D=1, pink",D10_pink,CatBoost,1038,50,184,27,0.962963,0.141304,0.246445,5.4231,0.6078,0.9881,0.0587
"D=1, pink",D10_pink,CatBoost,1038,100,184,27,1.0,0.146739,0.255924,7.3704,,,0.0587
"D=1, pink",D10_pink,CatBoost,1039,25,183,27,0.851852,0.125683,0.219048,1.6087,0.6601,0.8997,0.0402
"D=1, pink",D10_pink,CatBoost,1039,50,183,27,0.888889,0.131148,0.228571,3.4583,0.6723,0.9486,0.0402
"D=1, pink",D10_pink,CatBoost,1039,100,183,27,0.925926,0.136612,0.238095,5.4,0.5703,0.9914,0.0402
"D=1, pink",D10_pink,CatBoost,1040,25,176,24,0.75,0.102273,0.18,1.2222,0.6177,0.8263,0.0286
"D=1, pink",D10_pink,CatBoost,1040,50,176,24,0.875,0.119318,0.21,6.4286,0.6574,0.9437,0.0286
"D=1, pink",D10_pink,CatBoost,1040,100,176,24,1.0,0.136364,0.24,14.2083,0.4257,0.9978,0.0286
"D=1, pink",D10_pink,CatBoost,1041,25,184,28,0.785714,0.119565,0.207547,1.5909,0.6923,0.8993,0.0276
"D=1, pink",D10_pink,CatBoost,1041,50,184,28,0.857143,0.130435,0.226415,5.25,0.7108,0.9514,0.0276
"D=1, pink",D10_pink,CatBoost,1041,100,184,28,0.964286,0.146739,0.254717,12.2593,0.6637,0.997,0.0276
"D=1, pink",D10_pink,CatBoost,1042,25,190,29,0.862069,0.131579,0.228311,1.48,0.6455,0.9082,0.0401
"D=1, pink",D10_pink,CatBoost,1042,50,190,29,0.931034,0.142105,0.246575,4.4074,0.6212,0.9585,0.0401
"D=1, pink",D10_pink,CatBoost,1042,100,190,29,0.965517,0.147368,0.255708,6.8929,0.6279,0.9899,0.0401
"D=1, pink",D10_pink,CatBoost,1043,25,200,28,0.857143,0.12,0.210526,2.25,0.6627,0.9308,0.0291
"D=1, pink",D10_pink,CatBoost,1043,50,200,28,0.928571,0.13,0.22807,5.2692,0.5685,0.9709,0.0291
"D=1, pink",D10_pink,CatBoost,1043,100,200,28,1.0,0.14,0.245614,9.7143,0.6205,0.9998,0.0291
"D=1, pink",D10_pink,CatBoost,1044,25,204,28,0.857143,0.117647,0.206897,1.25,0.7045,0.9199,0.0392
"D=1, pink",D10_pink,CatBoost,1044,50,204,28,0.892857,0.122549,0.215517,3.12,0.6622,0.9529,0.0392
"D=1, pink",D10_pink,CatBoost,1044,100,204,28,0.964286,0.132353,0.232759,7.7407,0.5637,0.9858,0.0392
"D=1, pink",D10_pink,CatBoost,1045,25,180,27,0.888889,0.133333,0.231884,1.9583,0.6776,0.9201,0.0391
"D=1, pink",D10_pink,CatBoost,1045,50,180,27,0.925926,0.138889,0.241546,3.64,0.6028,0.9792,0.0391
"D=1, pink",D10_pink,CatBoost,1045,100,180,27,0.962963,0.144444,0.251208,5.8846,0.5038,0.9902,0.0391
"D=1, pink",D10_pink,CatBoost,1046,25,215,27,0.814815,0.102326,0.181818,1.4091,0.7134,0.9212,0.0411
"D=1, pink",D10_pink,CatBoost,1046,50,215,27,0.925926,0.116279,0.206612,5.88,0.6446,0.9741,0.0411
"D=1, pink",D10_pink,CatBoost,1046,100,215,27,0.962963,0.12093,0.214876,7.9615,,,0.0411
"D=1, pink",D10_pink,CatBoost,1047,25,199,30,0.8,0.120603,0.209607,1.4583,0.6496,0.8867,0.0277
"D=1, pink",D10_pink,CatBoost,1047,50,199,30,0.9,0.135678,0.235808,5.0,0.6292,0.9557,0.0277
"D=1, pink",D10_pink,CatBoost,1047,100,199,30,1.0,0.150754,0.262009,10.0333,,,0.0277
"D=1, pink",D10_pink,CatBoost,1048,25,215,27,0.851852,0.106977,0.190083,1.7826,0.6658,0.9136,0.0246
"D=1, pink",D10_pink,CatBoost,1048,50,215,27,0.888889,0.111628,0.198347,2.9167,0.6258,0.9555,0.0246
"D=1, pink",D10_pink,CatBoost,1048,100,215,27,1.0,0.125581,0.22314,10.7407,,,0.0246
"D=1, pink",D10_pink,CatBoost,1049,25,203,31,0.935484,0.142857,0.247863,2.5172,0.6258,0.9056,0.0236
"D=1, pink",D10_pink,CatBoost,1049,50,203,31,0.967742,0.147783,0.25641,3.6667,0.555,0.9769,0.0236
"D=1, pink",D10_pink,CatBoost,1049,100,203,31,1.0,0.152709,0.264957,5.4839,,,0.0236
"D=1.5, white",D15_white,CatBoost,1000,25,121,24,1.0,0.198347,0.331034,1.625,0.87,0.9757,0.0647
"D=1.5, white",D15_white,CatBoost,1000,50,121,24,1.0,0.198347,0.331034,1.625,0.8281,0.9913,0.0647
"D=1.5, white",D15_white,CatBoost,1000,100,121,24,1.0,0.198347,0.331034,1.625,,,0.0647
"D=1.5, white",D15_white,CatBoost,1001,25,116,24,1.0,0.206897,0.342857,2.4583,0.7872,0.9634,0.0371
"D=1.5, white",D15_white,CatBoost,1001,50,116,24,1.0,0.206897,0.342857,2.4583,0.6972,0.9978,0.0371
"D=1.5, white",D15_white,CatBoost,1001,100,116,24,1.0,0.206897,0.342857,2.4583,,,0.0371
"D=1.5, white",D15_white,CatBoost,1002,25,106,26,1.0,0.245283,0.393939,1.3077,0.8466,0.9736,0.0281
"D=1.5, white",D15_white,CatBoost,1002,50,106,26,1.0,0.245283,0.393939,1.3077,0.8336,0.9952,0.0281
"D=1.5, white",D15_white,CatBoost,1002,100,106,26,1.0,0.245283,0.393939,1.3077,,,0.0281
"D=1.5, white",D15_white,CatBoost,1003,25,107,26,1.0,0.242991,0.390977,2.8846,0.8031,0.9617,0.0276
"D=1.5, white",D15_white,CatBoost,1003,50,107,26,1.0,0.242991,0.390977,2.8846,0.8517,0.9978,0.0276
"D=1.5, white",D15_white,CatBoost,1003,100,107,26,1.0,0.242991,0.390977,2.8846,,,0.0276
"D=1.5, white",D15_white,CatBoost,1004,25,133,26,1.0,0.195489,0.327044,1.0,0.8017,0.9831,0.0331
"D=1.5, white",D15_white,CatBoost,1004,50,133,26,1.0,0.195489,0.327044,1.0,,,0.0331
"D=1.5, white",D15_white,CatBoost,1004,100,133,26,1.0,0.195489,0.327044,1.0,,,0.0331
"D=1.5, white",D15_white,CatBoost,1005,25,93,20,1.0,0.215054,0.353982,0.65,0.8154,0.9608,0.0251
"D=1.5, white",D15_white,CatBoost,1005,50,93,20,1.0,0.215054,0.353982,0.65,0.667,0.9938,0.0251
"D=1.5, white",D15_white,CatBoost,1005,100,93,20,1.0,0.215054,0.353982,0.65,,,0.0251
"D=1.5, white",D15_white,CatBoost,1006,25,121,25,0.96,0.198347,0.328767,1.6667,0.8124,0.9675,0.0271
"D=1.5, white",D15_white,CatBoost,1006,50,121,25,1.0,0.206612,0.342466,2.96,0.8242,0.9979,0.0271
"D=1.5, white",D15_white,CatBoost,1006,100,121,25,1.0,0.206612,0.342466,2.96,,,0.0271
"D=1.5, white",D15_white,CatBoost,1007,25,102,23,1.0,0.22549,0.368,1.8696,0.8887,0.9752,0.0352
"D=1.5, white",D15_white,CatBoost,1007,50,102,23,1.0,0.22549,0.368,1.8696,0.8713,0.9978,0.0352
"D=1.5, white",D15_white,CatBoost,1007,100,102,23,1.0,0.22549,0.368,1.8696,,,0.0352
"D=1.5, white",D15_white,CatBoost,1008,25,117,24,0.958333,0.196581,0.326241,1.087,0.8189,0.9621,0.0447
"D=1.5, white",D15_white,CatBoost,1008,50,117,24,0.958333,0.196581,0.326241,1.087,0.7232,0.9759,0.0447
"D=1.5, white",D15_white,CatBoost,1008,100,117,24,1.0,0.205128,0.340426,4.625,0.6324,0.9946,0.0447
"D=1.5, white",D15_white,CatBoost,1009,25,112,25,1.0,0.223214,0.364964,1.32,0.8094,0.9729,0.0598
"D=1.5, white",D15_white,CatBoost,1009,50,112,25,1.0,0.223214,0.364964,1.32,0.7554,0.9924,0.0598
"D=1.5, white",D15_white,CatBoost,1009,100,112,25,1.0,0.223214,0.364964,1.32,,,0.0598
"D=1.5, white",D15_white,CatBoost,1010,25,123,21,1.0,0.170732,0.291667,2.9048,0.8698,0.9761,0.0558
"D=1.5, white",D15_white,CatBoost,1010,50,123,21,1.0,0.170732,0.291667,2.9048,0.7594,0.9913,0.0558
"D=1.5, white",D15_white,CatBoost,1010,100,123,21,1.0,0.170732,0.291667,2.9048,,,0.0558
"D=1.5, white",D15_white,CatBoost,1011,25,121,24,1.0,0.198347,0.331034,2.5,0.8702,0.9837,0.0848
"D=1.5, white",D15_white,CatBoost,1011,50,121,24,1.0,0.198347,0.331034,2.5,0.8195,0.9953,0.0848
"D=1.5, white",D15_white,CatBoost,1011,100,121,24,1.0,0.198347,0.331034,2.5,,,0.0848
"D=1.5, white",D15_white,CatBoost,1012,25,107,23,1.0,0.214953,0.353846,1.1304,0.8244,0.9607,0.0492
"D=1.5, white",D15_white,CatBoost,1012,50,107,23,1.0,0.214953,0.353846,1.1304,0.8386,0.9934,0.0492
"D=1.5, white",D15_white,CatBoost,1012,100,107,23,1.0,0.214953,0.353846,1.1304,,,0.0492
"D=1.5, white",D15_white,CatBoost,1013,25,106,25,0.92,0.216981,0.351145,2.3478,0.7754,0.9399,0.0326
"D=1.5, white",D15_white,CatBoost,1013,50,106,25,1.0,0.235849,0.381679,5.12,0.7198,0.9883,0.0326
"D=1.5, white",D15_white,CatBoost,1013,100,106,25,1.0,0.235849,0.381679,5.12,,,0.0326
"D=1.5, white",D15_white,CatBoost,1014,25,101,22,1.0,0.217822,0.357724,2.7273,0.8387,0.9631,0.0266
"D=1.5, white",D15_white,CatBoost,1014,50,101,22,1.0,0.217822,0.357724,2.7273,0.8838,0.9955,0.0266
"D=1.5, white",D15_white,CatBoost,1014,100,101,22,1.0,0.217822,0.357724,2.7273,,,0.0266
"D=1.5, white",D15_white,CatBoost,1015,25,110,23,0.956522,0.2,0.330827,1.3182,0.808,0.9588,0.0256
"D=1.5, white",D15_white,CatBoost,1015,50,110,23,0.956522,0.2,0.330827,1.3182,0.5422,0.9963,0.0256
"D=1.5, white",D15_white,CatBoost,1015,100,110,23,1.0,0.209091,0.345865,3.5652,,,0.0256
"D=1.5, white",D15_white,CatBoost,1016,25,111,26,1.0,0.234234,0.379562,2.1538,0.8119,0.9677,0.0421
"D=1.5, white",D15_white,CatBoost,1016,50,111,26,1.0,0.234234,0.379562,2.1538,0.7366,0.9907,0.0421
"D=1.5, white",D15_white,CatBoost,1016,100,111,26,1.0,0.234234,0.379562,2.1538,,,0.0421
"D=1.5, white",D15_white,CatBoost,1017,25,110,25,1.0,0.227273,0.37037,1.68,0.7709,0.9597,0.0341
"D=1.5, white",D15_white,CatBoost,1017,50,110,25,1.0,0.227273,0.37037,1.68,0.837,0.9968,0.0341
"D=1.5, white",D15_white,CatBoost,1017,100,110,25,1.0,0.227273,0.37037,1.68,,,0.0341
"D=1.5, white",D15_white,CatBoost,1018,25,117,25,1.0,0.213675,0.352113,1.96,0.8822,0.9875,0.0492
"D=1.5, white",D15_white,CatBoost,1018,50,117,25,1.0,0.213675,0.352113,1.96,0.8441,0.9997,0.0492
"D=1.5, white",D15_white,CatBoost,1018,100,117,25,1.0,0.213675,0.352113,1.96,,,0.0492
"D=1.5, white",D15_white,CatBoost,1019,25,111,24,0.958333,0.207207,0.340741,1.2174,0.8131,0.9575,0.0296
"D=1.5, white",D15_white,CatBoost,1019,50,111,24,0.958333,0.207207,0.340741,1.2174,0.6943,0.9879,0.0296
"D=1.5, white",D15_white,CatBoost,1019,100,111,24,1.0,0.216216,0.355556,3.3333,,,0.0296
"D=1.5, white",D15_white,CatBoost,1020,25,119,23,1.0,0.193277,0.323944,2.0,0.8243,0.9677,0.0291
"D=1.5, white",D15_white,CatBoost,1020,50,119,23,1.0,0.193277,0.323944,2.0,0.8043,0.9902,0.0291
"D=1.5, white",D15_white,CatBoost,1020,100,119,23,1.0,0.193277,0.323944,2.0,,,0.0291
"D=1.5, white",D15_white,CatBoost,1021,25,117,22,1.0,0.188034,0.316547,2.2273,0.8853,0.9761,0.0762
"D=1.5, white",D15_white,CatBoost,1021,50,117,22,1.0,0.188034,0.316547,2.2273,0.8058,0.9907,0.0762
"D=1.5, white",D15_white,CatBoost,1021,100,117,22,1.0,0.188034,0.316547,2.2273,,,0.0762
"D=1.5, white",D15_white,CatBoost,1022,25,124,23,1.0,0.185484,0.312925,3.1739,0.7902,0.9646,0.0387
"D=1.5, white",D15_white,CatBoost,1022,50,124,23,1.0,0.185484,0.312925,3.1739,0.6174,0.9998,0.0387
"D=1.5, white",D15_white,CatBoost,1022,100,124,23,1.0,0.185484,0.312925,3.1739,,,0.0387
"D=1.5, white",D15_white,CatBoost,1023,25,115,20,1.0,0.173913,0.296296,1.65,0.8479,0.9618,0.0236
"D=1.5, white",D15_white,CatBoost,1023,50,115,20,1.0,0.173913,0.296296,1.65,0.8543,0.9875,0.0236
"D=1.5, white",D15_white,CatBoost,1023,100,115,20,1.0,0.173913,0.296296,1.65,0.9172,0.9996,0.0236
"D=1.5, white",D15_white,CatBoost,1024,25,101,22,0.909091,0.19802,0.325203,1.9,0.749,0.945,0.0321
"D=1.5, white",D15_white,CatBoost,1024,50,101,22,1.0,0.217822,0.357724,4.1818,0.7929,0.9983,0.0321
"D=1.5, white",D15_white,CatBoost,1024,100,101,22,1.0,0.217822,0.357724,4.1818,,,0.0321
"D=1.5, white",D15_white,CatBoost,1025,25,103,23,1.0,0.223301,0.365079,2.9565,0.8212,0.9647,0.0371
"D=1.5, white",D15_white,CatBoost,1025,50,103,23,1.0,0.223301,0.365079,2.9565,0.868,0.996,0.0371
"D=1.5, white",D15_white,CatBoost,1025,100,103,23,1.0,0.223301,0.365079,2.9565,,,0.0371
"D=1.5, white",D15_white,CatBoost,1026,25,100,22,1.0,0.22,0.360656,1.7273,0.8269,0.9637,0.0336
"D=1.5, white",D15_white,CatBoost,1026,50,100,22,1.0,0.22,0.360656,1.7273,0.7189,0.9959,0.0336
"D=1.5, white",D15_white,CatBoost,1026,100,100,22,1.0,0.22,0.360656,1.7273,,,0.0336
"D=1.5, white",D15_white,CatBoost,1027,25,106,22,1.0,0.207547,0.34375,3.2273,0.7928,0.9474,0.0276
"D=1.5, white",D15_white,CatBoost,1027,50,106,22,1.0,0.207547,0.34375,3.2273,0.752,0.9834,0.0276
"D=1.5, white",D15_white,CatBoost,1027,100,106,22,1.0,0.207547,0.34375,3.2273,,,0.0276
"D=1.5, white",D15_white,CatBoost,1028,25,122,22,1.0,0.180328,0.305556,2.1364,0.8429,0.9622,0.0368
"D=1.5, white",D15_white,CatBoost,1028,50,122,22,1.0,0.180328,0.305556,2.1364,0.8073,0.9905,0.0368
"D=1.5, white",D15_white,CatBoost,1028,100,122,22,1.0,0.180328,0.305556,2.1364,,,0.0368
"D=1.5, white",D15_white,CatBoost,1029,25,111,24,0.958333,0.207207,0.340741,2.7826,0.8222,0.9595,0.035
"D=1.5, white",D15_white,CatBoost,1029,50,111,24,1.0,0.216216,0.355556,4.4583,0.706,0.9955,0.035
"D=1.5, white",D15_white,CatBoost,1029,100,111,24,1.0,0.216216,0.355556,4.4583,,,0.035
"D=1.5, white",D15_white,CatBoost,1030,25,127,25,1.0,0.19685,0.328947,2.12,0.8917,0.99,0.0425
"D=1.5, white",D15_white,CatBoost,1030,50,127,25,1.0,0.19685,0.328947,2.12,,,0.0425
"D=1.5, white",D15_white,CatBoost,1030,100,127,25,1.0,0.19685,0.328947,2.12,,,0.0425
"D=1.5, white",D15_white,CatBoost,1031,25,154,28,1.0,0.181818,0.307692,3.1786,0.8743,0.9921,0.0279
"D=1.5, white",D15_white,CatBoost,1031,50,154,28,1.0,0.181818,0.307692,3.1786,,,0.0279
"D=1.5, white",D15_white,CatBoost,1031,100,154,28,1.0,0.181818,0.307692,3.1786,,,0.0279
"D=1.5, white",D15_white,CatBoost,1032,25,112,24,1.0,0.214286,0.352941,2.4583,0.8125,0.9734,0.0341
"D=1.5, white",D15_white,CatBoost,1032,50,112,24,1.0,0.214286,0.352941,2.4583,,,0.0341
"D=1.5, white",D15_white,CatBoost,1032,100,112,24,1.0,0.214286,0.352941,2.4583,,,0.0341
"D=1.5, white",D15_white,CatBoost,1033,25,101,24,1.0,0.237624,0.384,2.0,0.8332,0.9592,0.0366
"D=1.5, white",D15_white,CatBoost,1033,50,101,24,1.0,0.237624,0.384,2.0,0.8147,0.9922,0.0366
"D=1.5, white",D15_white,CatBoost,1033,100,101,24,1.0,0.237624,0.384,2.0,,,0.0366
"D=1.5, white",D15_white,CatBoost,1034,25,125,23,1.0,0.184,0.310811,2.3478,0.8476,0.982,0.0467
"D=1.5, white",D15_white,CatBoost,1034,50,125,23,1.0,0.184,0.310811,2.3478,0.8759,0.9972,0.0467
"D=1.5, white",D15_white,CatBoost,1034,100,125,23,1.0,0.184,0.310811,2.3478,,,0.0467
"D=1.5, white",D15_white,CatBoost,1035,25,107,24,0.958333,0.214953,0.351145,1.5652,0.8108,0.9676,0.0765
"D=1.5, white",D15_white,CatBoost,1035,50,107,24,1.0,0.224299,0.366412,2.9167,0.8876,0.9993,0.0765
"D=1.5, white",D15_white,CatBoost,1035,100,107,24,1.0,0.224299,0.366412,2.9167,,,0.0765
"D=1.5, white",D15_white,CatBoost,1036,25,116,26,1.0,0.224138,0.366197,4.0,0.8682,0.9776,0.0364
"D=1.5, white",D15_white,CatBoost,1036,50,116,26,1.0,0.224138,0.366197,4.0,0.9242,0.9978,0.0364
"D=1.5, white",D15_white,CatBoost,1036,100,116,26,1.0,0.224138,0.366197,4.0,,,0.0364
"D=1.5, white",D15_white,CatBoost,1037,25,112,22,1.0,0.196429,0.328358,1.7273,0.7721,0.9469,0.0425
"D=1.5, white",D15_white,CatBoost,1037,50,112,22,1.0,0.196429,0.328358,1.7273,0.7824,0.9947,0.0425
"D=1.5, white",D15_white,CatBoost,1037,100,112,22,1.0,0.196429,0.328358,1.7273,,,0.0425
"D=1.5, white",D15_white,CatBoost,1038,25,130,26,1.0,0.2,0.333333,2.4615,0.8714,0.9812,0.0539
"D=1.5, white",D15_white,CatBoost,1038,50,130,26,1.0,0.2,0.333333,2.4615,0.7848,0.9988,0.0539
"D=1.5, white",D15_white,CatBoost,1038,100,130,26,1.0,0.2,0.333333,2.4615,,,0.0539
"D=1.5, white",D15_white,CatBoost,1039,25,105,23,1.0,0.219048,0.359375,1.9565,0.8123,0.9583,0.0576
"D=1.5, white",D15_white,CatBoost,1039,50,105,23,1.0,0.219048,0.359375,1.9565,0.8744,0.9964,0.0576
"D=1.5, white",D15_white,CatBoost,1039,100,105,23,1.0,0.219048,0.359375,1.9565,,,0.0576
"D=1.5, white",D15_white,CatBoost,1040,25,113,23,1.0,0.20354,0.338235,2.2609,0.798,0.9512,0.0837
"D=1.5, white",D15_white,CatBoost,1040,50,113,23,1.0,0.20354,0.338235,2.2609,0.7885,0.9955,0.0837
"D=1.5, white",D15_white,CatBoost,1040,100,113,23,1.0,0.20354,0.338235,2.2609,,,0.0837
"D=1.5, white",D15_white,CatBoost,1041,25,133,25,1.0,0.18797,0.316456,1.72,0.8325,0.9804,0.0707
"D=1.5, white",D15_white,CatBoost,1041,50,133,25,1.0,0.18797,0.316456,1.72,0.9073,0.9993,0.0707
"D=1.5, white",D15_white,CatBoost,1041,100,133,25,1.0,0.18797,0.316456,1.72,,,0.0707
"D=1.5, white",D15_white,CatBoost,1042,25,127,24,1.0,0.188976,0.317881,1.8333,0.8097,0.9773,0.0898
"D=1.5, white",D15_white,CatBoost,1042,50,127,24,1.0,0.188976,0.317881,1.8333,0.7695,0.9887,0.0898
"D=1.5, white",D15_white,CatBoost,1042,100,127,24,1.0,0.188976,0.317881,1.8333,,,0.0898
"D=1.5, white",D15_white,CatBoost,1043,25,123,25,1.0,0.203252,0.337838,1.72,0.8479,0.9733,0.0502
"D=1.5, white",D15_white,CatBoost,1043,50,123,25,1.0,0.203252,0.337838,1.72,0.6819,0.9943,0.0502
"D=1.5, white",D15_white,CatBoost,1043,100,123,25,1.0,0.203252,0.337838,1.72,,,0.0502
"D=1.5, white",D15_white,CatBoost,1044,25,101,23,1.0,0.227723,0.370968,3.1739,0.8035,0.9601,0.1617
"D=1.5, white",D15_white,CatBoost,1044,50,101,23,1.0,0.227723,0.370968,3.1739,0.8885,0.9993,0.1617
"D=1.5, white",D15_white,CatBoost,1044,100,101,23,1.0,0.227723,0.370968,3.1739,,,0.1617
"D=1.5, white",D15_white,CatBoost,1045,25,113,25,1.0,0.221239,0.362319,2.52,0.8623,0.9724,0.0509
"D=1.5, white",D15_white,CatBoost,1045,50,113,25,1.0,0.221239,0.362319,2.52,0.8656,0.9938,0.0509
"D=1.5, white",D15_white,CatBoost,1045,100,113,25,1.0,0.221239,0.362319,2.52,,,0.0509
"D=1.5, white",D15_white,CatBoost,1046,25,124,23,1.0,0.185484,0.312925,1.6087,0.8437,0.9857,0.0689
"D=1.5, white",D15_white,CatBoost,1046,50,124,23,1.0,0.185484,0.312925,1.6087,,,0.0689
"D=1.5, white",D15_white,CatBoost,1046,100,124,23,1.0,0.185484,0.312925,1.6087,,,0.0689
"D=1.5, white",D15_white,CatBoost,1047,25,111,26,0.961538,0.225225,0.364964,2.6,0.8363,0.9625,0.0316
"D=1.5, white",D15_white,CatBoost,1047,50,111,26,1.0,0.234234,0.379562,3.9615,0.8656,0.9981,0.0316
"D=1.5, white",D15_white,CatBoost,1047,100,111,26,1.0,0.234234,0.379562,3.9615,,,0.0316
"D=1.5, white",D15_white,CatBoost,1048,25,134,23,1.0,0.171642,0.292994,2.4348,0.8242,0.9746,0.0881
"D=1.5, white",D15_white,CatBoost,1048,50,134,23,1.0,0.171642,0.292994,2.4348,0.5955,0.995,0.0881
"D=1.5, white",D15_white,CatBoost,1048,100,134,23,1.0,0.171642,0.292994,2.4348,,,0.0881
"D=1.5, white",D15_white,CatBoost,1049,25,123,24,1.0,0.195122,0.326531,1.5417,0.829,0.9752,0.0402
"D=1.5, white",D15_white,CatBoost,1049,50,123,24,1.0,0.195122,0.326531,1.5417,0.7852,0.9942,0.0402
"D=1.5, white",D15_white,CatBoost,1049,100,123,24,1.0,0.195122,0.326531,1.5417,,,0.0402
"D=0.5, white",D05_white,MDL,1000,25,5,2,1.0,0.4,0.571429,1.5,,,0.2482
"D=0.5, white",D05_white,MDL,1000,50,5,2,1.0,0.4,0.571429,1.5,,,0.2482
"D=0.5, white",D05_white,MDL,1000,100,5,2,1.0,0.4,0.571429,1.5,,,0.2482
"D=0.5, white",D05_white,MDL,1001,25,1,0,0.0,0.0,0.0,9999.0,,,0.0882
"D=0.5, white",D05_white,MDL,1001,50,1,0,0.0,0.0,0.0,9999.0,,,0.0882
"D=0.5, white",D05_white,MDL,1001,100,1,0,0.0,0.0,0.0,9999.0,,,0.0882
"D=0.5, white",D05_white,MDL,1002,25,1,0,0.0,0.0,0.0,9999.0,,,0.0918
"D=0.5, white",D05_white,MDL,1002,50,1,0,0.0,0.0,0.0,9999.0,,,0.0918
"D=0.5, white",D05_white,MDL,1002,100,1,0,0.0,0.0,0.0,9999.0,,,0.0918
"D=0.5, white",D05_white,MDL,1003,25,3,0,0.0,0.0,0.0,9999.0,,,0.0937
"D=0.5, white",D05_white,MDL,1003,50,3,0,0.0,0.0,0.0,9999.0,,,0.0937
"D=0.5, white",D05_white,MDL,1003,100,3,0,0.0,0.0,0.0,9999.0,,,0.0937
"D=0.5, white",D05_white,MDL,1004,25,3,2,0.0,0.0,0.0,9999.0,,,0.1063
"D=0.5, white",D05_white,MDL,1004,50,3,2,0.0,0.0,0.0,9999.0,,,0.1063
"D=0.5, white",D05_white,MDL,1004,100,3,2,0.0,0.0,0.0,9999.0,,,0.1063
"D=0.5, white",D05_white,MDL,1005,25,3,1,1.0,0.333333,0.5,1.0,,,0.1274
"D=0.5, white",D05_white,MDL,1005,50,3,1,1.0,0.333333,0.5,1.0,,,0.1274
"D=0.5, white",D05_white,MDL,1005,100,3,1,1.0,0.333333,0.5,1.0,,,0.1274
"D=0.5, white",D05_white,MDL,1006,25,1,0,0.0,0.0,0.0,9999.0,,,0.1485
"D=0.5, white",D05_white,MDL,1006,50,1,0,0.0,0.0,0.0,9999.0,,,0.1485
"D=0.5, white",D05_white,MDL,1006,100,1,0,0.0,0.0,0.0,9999.0,,,0.1485
"D=0.5, white",D05_white,MDL,1007,25,1,1,0.0,0.0,0.0,9999.0,,,0.1596
"D=0.5, white",D05_white,MDL,1007,50,1,1,0.0,0.0,0.0,9999.0,,,0.1596
"D=0.5, white",D05_white,MDL,1007,100,1,1,0.0,0.0,0.0,9999.0,,,0.1596
"D=0.5, white",D05_white,MDL,1008,25,3,2,0.5,0.333333,0.4,2.0,,,0.1131
"D=0.5, white",D05_white,MDL,1008,50,3,2,0.5,0.333333,0.4,2.0,,,0.1131
"D=0.5, white",D05_white,MDL,1008,100,3,2,0.5,0.333333,0.4,2.0,,,0.1131
"D=0.5, white",D05_white,MDL,1009,25,3,1,0.0,0.0,0.0,9999.0,,,0.1539
"D=0.5, white",D05_white,MDL,1009,50,3,1,0.0,0.0,0.0,9999.0,,,0.1539
"D=0.5, white",D05_white,MDL,1009,100,3,1,1.0,0.333333,0.5,66.0,,,0.1539
"D=0.5, white",D05_white,MDL,1010,25,3,1,1.0,0.333333,0.5,3.0,,,0.1433
"D=0.5, white",D05_white,MDL,1010,50,3,1,1.0,0.333333,0.5,3.0,,,0.1433
"D=0.5, white",D05_white,MDL,1010,100,3,1,1.0,0.333333,0.5,3.0,,,0.1433
"D=0.5, white",D05_white,MDL,1011,25,3,2,0.5,0.333333,0.4,0.0,,,0.149
"D=0.5, white",D05_white,MDL,1011,50,3,2,0.5,0.333333,0.4,0.0,,,0.149
"D=0.5, white",D05_white,MDL,1011,100,3,2,0.5,0.333333,0.4,0.0,,,0.149
"D=0.5, white",D05_white,MDL,1012,25,1,2,0.0,0.0,0.0,9999.0,,,0.0763
"D=0.5, white",D05_white,MDL,1012,50,1,2,0.0,0.0,0.0,9999.0,,,0.0763
"D=0.5, white",D05_white,MDL,1012,100,1,2,0.0,0.0,0.0,9999.0,,,0.0763
"D=0.5, white",D05_white,MDL,1013,25,3,0,0.0,0.0,0.0,9999.0,,,0.1029
"D=0.5, white",D05_white,MDL,1013,50,3,0,0.0,0.0,0.0,9999.0,,,0.1029
"D=0.5, white",D05_white,MDL,1013,100,3,0,0.0,0.0,0.0,9999.0,,,0.1029
"D=0.5, white",D05_white,MDL,1014,25,3,1,1.0,0.333333,0.5,2.0,,,0.0904
"D=0.5, white",D05_white,MDL,1014,50,3,1,1.0,0.333333,0.5,2.0,,,0.0904
"D=0.5, white",D05_white,MDL,1014,100,3,1,1.0,0.333333,0.5,2.0,,,0.0904
"D=0.5, white",D05_white,MDL,1015,25,1,0,0.0,0.0,0.0,9999.0,,,0.0924
"D=0.5, white",D05_white,MDL,1015,50,1,0,0.0,0.0,0.0,9999.0,,,0.0924
"D=0.5, white",D05_white,MDL,1015,100,1,0,0.0,0.0,0.0,9999.0,,,0.0924
"D=0.5, white",D05_white,MDL,1016,25,3,0,0.0,0.0,0.0,9999.0,,,0.0904
"D=0.5, white",D05_white,MDL,1016,50,3,0,0.0,0.0,0.0,9999.0,,,0.0904
"D=0.5, white",D05_white,MDL,1016,100,3,0,0.0,0.0,0.0,9999.0,,,0.0904
"D=0.5, white",D05_white,MDL,1017,25,1,0,0.0,0.0,0.0,9999.0,,,0.104
"D=0.5, white",D05_white,MDL,1017,50,1,0,0.0,0.0,0.0,9999.0,,,0.104
"D=0.5, white",D05_white,MDL,1017,100,1,0,0.0,0.0,0.0,9999.0,,,0.104
"D=0.5, white",D05_white,MDL,1018,25,1,1,0.0,0.0,0.0,9999.0,,,0.0923
"D=0.5, white",D05_white,MDL,1018,50,1,1,0.0,0.0,0.0,9999.0,,,0.0923
"D=0.5, white",D05_white,MDL,1018,100,1,1,0.0,0.0,0.0,9999.0,,,0.0923
"D=0.5, white",D05_white,MDL,1019,25,1,0,0.0,0.0,0.0,9999.0,,,0.0946
"D=0.5, white",D05_white,MDL,1019,50,1,0,0.0,0.0,0.0,9999.0,,,0.0946
"D=0.5, white",D05_white,MDL,1019,100,1,0,0.0,0.0,0.0,9999.0,,,0.0946
"D=0.5, white",D05_white,MDL,1020,25,1,1,0.0,0.0,0.0,9999.0,,,0.1127
"D=0.5, white",D05_white,MDL,1020,50,1,1,0.0,0.0,0.0,9999.0,,,0.1127
"D=0.5, white",D05_white,MDL,1020,100,1,1,0.0,0.0,0.0,9999.0,,,0.1127
"D=0.5, white",D05_white,MDL,1021,25,1,0,0.0,0.0,0.0,9999.0,,,0.1174
"D=0.5, white",D05_white,MDL,1021,50,1,0,0.0,0.0,0.0,9999.0,,,0.1174
"D=0.5, white",D05_white,MDL,1021,100,1,0,0.0,0.0,0.0,9999.0,,,0.1174
"D=0.5, white",D05_white,MDL,1022,25,3,1,1.0,0.333333,0.5,1.0,,,0.0914
"D=0.5, white",D05_white,MDL,1022,50,3,1,1.0,0.333333,0.5,1.0,,,0.0914
"D=0.5, white",D05_white,MDL,1022,100,3,1,1.0,0.333333,0.5,1.0,,,0.0914
"D=0.5, white",D05_white,MDL,1023,25,3,2,0.5,0.333333,0.4,3.0,,,0.1111
"D=0.5, white",D05_white,MDL,1023,50,3,2,0.5,0.333333,0.4,3.0,,,0.1111
"D=0.5, white",D05_white,MDL,1023,100,3,2,0.5,0.333333,0.4,3.0,,,0.1111
"D=0.5, white",D05_white,MDL,1024,25,5,4,0.5,0.4,0.444444,2.0,,,0.0968
"D=0.5, white",D05_white,MDL,1024,50,5,4,0.5,0.4,0.444444,2.0,,,0.0968
"D=0.5, white",D05_white,MDL,1024,100,5,4,0.5,0.4,0.444444,2.0,,,0.0968
"D=0.5, white",D05_white,MDL,1025,25,1,0,0.0,0.0,0.0,9999.0,,,0.1217
"D=0.5, white",D05_white,MDL,1025,50,1,0,0.0,0.0,0.0,9999.0,,,0.1217
"D=0.5, white",D05_white,MDL,1025,100,1,0,0.0,0.0,0.0,9999.0,,,0.1217
"D=0.5, white",D05_white,MDL,1026,25,1,0,0.0,0.0,0.0,9999.0,,,0.1229
"D=0.5, white",D05_white,MDL,1026,50,1,0,0.0,0.0,0.0,9999.0,,,0.1229
"D=0.5, white",D05_white,MDL,1026,100,1,0,0.0,0.0,0.0,9999.0,,,0.1229
"D=0.5, white",D05_white,MDL,1027,25,3,2,0.0,0.0,0.0,9999.0,,,0.1125
"D=0.5, white",D05_white,MDL,1027,50,3,2,0.0,0.0,0.0,9999.0,,,0.1125
"D=0.5, white",D05_white,MDL,1027,100,3,2,0.0,0.0,0.0,9999.0,,,0.1125
"D=0.5, white",D05_white,MDL,1028,25,5,2,1.0,0.4,0.571429,2.0,,,0.1207
"D=0.5, white",D05_white,MDL,1028,50,5,2,1.0,0.4,0.571429,2.0,,,0.1207
"D=0.5, white",D05_white,MDL,1028,100,5,2,1.0,0.4,0.571429,2.0,,,0.1207
"D=0.5, white",D05_white,MDL,1029,25,3,1,1.0,0.333333,0.5,2.0,,,0.0866
"D=0.5, white",D05_white,MDL,1029,50,3,1,1.0,0.333333,0.5,2.0,,,0.0866
"D=0.5, white",D05_white,MDL,1029,100,3,1,1.0,0.333333,0.5,2.0,,,0.0866
"D=0.5, white",D05_white,MDL,1030,25,3,3,0.0,0.0,0.0,9999.0,,,0.1181
"D=0.5, white",D05_white,MDL,1030,50,3,3,0.0,0.0,0.0,9999.0,,,0.1181
"D=0.5, white",D05_white,MDL,1030,100,3,3,0.333333,0.333333,0.333333,58.0,,,0.1181
"D=0.5, white",D05_white,MDL,1031,25,1,0,0.0,0.0,0.0,9999.0,,,0.1065
"D=0.5, white",D05_white,MDL,1031,50,1,0,0.0,0.0,0.0,9999.0,,,0.1065
"D=0.5, white",D05_white,MDL,1031,100,1,0,0.0,0.0,0.0,9999.0,,,0.1065
"D=0.5, white",D05_white,MDL,1032,25,1,1,0.0,0.0,0.0,9999.0,,,0.0865
"D=0.5, white",D05_white,MDL,1032,50,1,1,0.0,0.0,0.0,9999.0,,,0.0865
"D=0.5, white",D05_white,MDL,1032,100,1,1,0.0,0.0,0.0,9999.0,,,0.0865
"D=0.5, white",D05_white,MDL,1033,25,1,1,0.0,0.0,0.0,9999.0,,,0.0924
"D=0.5, white",D05_white,MDL,1033,50,1,1,0.0,0.0,0.0,9999.0,,,0.0924
"D=0.5, white",D05_white,MDL,1033,100,1,1,0.0,0.0,0.0,9999.0,,,0.0924
"D=0.5, white",D05_white,MDL,1034,25,1,1,0.0,0.0,0.0,9999.0,,,0.1128
"D=0.5, white",D05_white,MDL,1034,50,1,1,0.0,0.0,0.0,9999.0,,,0.1128
"D=0.5, white",D05_white,MDL,1034,100,1,1,0.0,0.0,0.0,9999.0,,,0.1128
"D=0.5, white",D05_white,MDL,1035,25,3,0,0.0,0.0,0.0,9999.0,,,0.1554
"D=0.5, white",D05_white,MDL,1035,50,3,0,0.0,0.0,0.0,9999.0,,,0.1554
"D=0.5, white",D05_white,MDL,1035,100,3,0,0.0,0.0,0.0,9999.0,,,0.1554
"D=0.5, white",D05_white,MDL,1036,25,3,1,1.0,0.333333,0.5,1.0,,,0.0903
"D=0.5, white",D05_white,MDL,1036,50,3,1,1.0,0.333333,0.5,1.0,,,0.0903
"D=0.5, white",D05_white,MDL,1036,100,3,1,1.0,0.333333,0.5,1.0,,,0.0903
"D=0.5, white",D05_white,MDL,1037,25,3,1,1.0,0.333333,0.5,1.0,,,0.1049
"D=0.5, white",D05_white,MDL,1037,50,3,1,1.0,0.333333,0.5,1.0,,,0.1049
"D=0.5, white",D05_white,MDL,1037,100,3,1,1.0,0.333333,0.5,1.0,,,0.1049
"D=0.5, white",D05_white,MDL,1038,25,1,2,0.0,0.0,0.0,9999.0,,,0.1067
"D=0.5, white",D05_white,MDL,1038,50,1,2,0.0,0.0,0.0,9999.0,,,0.1067
"D=0.5, white",D05_white,MDL,1038,100,1,2,0.0,0.0,0.0,9999.0,,,0.1067
"D=0.5, white",D05_white,MDL,1039,25,1,0,0.0,0.0,0.0,9999.0,,,0.1009
"D=0.5, white",D05_white,MDL,1039,50,1,0,0.0,0.0,0.0,9999.0,,,0.1009
"D=0.5, white",D05_white,MDL,1039,100,1,0,0.0,0.0,0.0,9999.0,,,0.1009
"D=0.5, white",D05_white,MDL,1040,25,1,0,0.0,0.0,0.0,9999.0,,,0.0943
"D=0.5, white",D05_white,MDL,1040,50,1,0,0.0,0.0,0.0,9999.0,,,0.0943
"D=0.5, white",D05_white,MDL,1040,100,1,0,0.0,0.0,0.0,9999.0,,,0.0943
"D=0.5, white",D05_white,MDL,1041,25,1,2,0.0,0.0,0.0,9999.0,,,0.0848
"D=0.5, white",D05_white,MDL,1041,50,1,2,0.0,0.0,0.0,9999.0,,,0.0848
"D=0.5, white",D05_white,MDL,1041,100,1,2,0.0,0.0,0.0,9999.0,,,0.0848
"D=0.5, white",D05_white,MDL,1042,25,1,1,0.0,0.0,0.0,9999.0,,,0.0893
"D=0.5, white",D05_white,MDL,1042,50,1,1,0.0,0.0,0.0,9999.0,,,0.0893
"D=0.5, white",D05_white,MDL,1042,100,1,1,0.0,0.0,0.0,9999.0,,,0.0893
"D=0.5, white",D05_white,MDL,1043,25,3,1,0.0,0.0,0.0,9999.0,,,0.1069
"D=0.5, white",D05_white,MDL,1043,50,3,1,0.0,0.0,0.0,9999.0,,,0.1069
"D=0.5, white",D05_white,MDL,1043,100,3,1,1.0,0.333333,0.5,84.0,,,0.1069
"D=0.5, white",D05_white,MDL,1044,25,3,1,1.0,0.333333,0.5,1.0,,,0.143
"D=0.5, white",D05_white,MDL,1044,50,3,1,1.0,0.333333,0.5,1.0,,,0.143
"D=0.5, white",D05_white,MDL,1044,100,3,1,1.0,0.333333,0.5,1.0,,,0.143
"D=0.5, white",D05_white,MDL,1045,25,1,4,0.0,0.0,0.0,9999.0,,,0.0792
"D=0.5, white",D05_white,MDL,1045,50,1,4,0.0,0.0,0.0,9999.0,,,0.0792
"D=0.5, white",D05_white,MDL,1045,100,1,4,0.0,0.0,0.0,9999.0,,,0.0792
"D=0.5, white",D05_white,MDL,1046,25,1,4,0.0,0.0,0.0,9999.0,,,0.0846
"D=0.5, white",D05_white,MDL,1046,50,1,4,0.0,0.0,0.0,9999.0,,,0.0846
"D=0.5, white",D05_white,MDL,1046,100,1,4,0.0,0.0,0.0,9999.0,,,0.0846
"D=0.5, white",D05_white,MDL,1047,25,3,1,0.0,0.0,0.0,9999.0,,,0.0923
"D=0.5, white",D05_white,MDL,1047,50,3,1,0.0,0.0,0.0,9999.0,,,0.0923
"D=0.5, white",D05_white,MDL,1047,100,3,1,1.0,0.333333,0.5,75.0,,,0.0923
"D=0.5, white",D05_white,MDL,1048,25,7,4,0.25,0.142857,0.181818,1.0,,,0.0884
"D=0.5, white",D05_white,MDL,1048,50,7,4,0.25,0.142857,0.181818,1.0,,,0.0884
"D=0.5, white",D05_white,MDL,1048,100,7,4,0.25,0.142857,0.181818,1.0,,,0.0884
"D=0.5, white",D05_white,MDL,1049,25,3,2,0.0,0.0,0.0,9999.0,,,0.0909
"D=0.5, white",D05_white,MDL,1049,50,3,2,0.0,0.0,0.0,9999.0,,,0.0909
"D=0.5, white",D05_white,MDL,1049,100,3,2,0.0,0.0,0.0,9999.0,,,0.0909
"D=1, white",D10_white,MDL,1000,25,39,9,0.666667,0.153846,0.25,4.8333,,,0.1186
"D=1, white",D10_white,MDL,1000,50,39,9,0.888889,0.205128,0.333333,13.375,,,0.1186
"D=1, white",D10_white,MDL,1000,100,39,9,1.0,0.230769,0.375,18.5556,,,0.1186
"D=1, white",D10_white,MDL,1001,25,35,8,1.0,0.228571,0.372093,7.875,,,0.0914
"D=1, white",D10_white,MDL,1001,50,35,8,1.0,0.228571,0.372093,7.875,,,0.0914
"D=1, white",D10_white,MDL,1001,100,35,8,1.0,0.228571,0.372093,7.875,,,0.0914
"D=1, white",D10_white,MDL,1002,25,43,11,0.636364,0.162791,0.259259,5.2857,,,0.0924
"D=1, white",D10_white,MDL,1002,50,43,11,0.909091,0.232558,0.37037,15.4,,,0.0924
"D=1, white",D10_white,MDL,1002,100,43,11,1.0,0.255814,0.407407,19.1818,,,0.0924
"D=1, white",D10_white,MDL,1003,25,43,9,0.777778,0.162791,0.269231,2.0,,,0.0959
"D=1, white",D10_white,MDL,1003,50,43,9,0.888889,0.186047,0.307692,6.75,,,0.0959
"D=1, white",D10_white,MDL,1003,100,43,9,1.0,0.209302,0.346154,16.8889,,,0.0959
"D=1, white",D10_white,MDL,1004,25,45,9,0.666667,0.133333,0.222222,1.5,,,0.0872
"D=1, white",D10_white,MDL,1004,50,45,9,0.888889,0.177778,0.296296,9.625,,,0.0872
"D=1, white",D10_white,MDL,1004,100,45,9,1.0,0.2,0.333333,17.6667,,,0.0872
"D=1, white",D10_white,MDL,1005,25,37,9,1.0,0.243243,0.391304,5.4444,,,0.0802
"D=1, white",D10_white,MDL,1005,50,37,9,1.0,0.243243,0.391304,5.4444,,,0.0802
"D=1, white",D10_white,MDL,1005,100,37,9,1.0,0.243243,0.391304,5.4444,,,0.0802
"D=1, white",D10_white,MDL,1006,25,39,8,1.0,0.205128,0.340426,3.25,,,0.0905
"D=1, white",D10_white,MDL,1006,50,39,8,1.0,0.205128,0.340426,3.25,,,0.0905
"D=1, white",D10_white,MDL,1006,100,39,8,1.0,0.205128,0.340426,3.25,,,0.0905
"D=1, white",D10_white,MDL,1007,25,21,5,1.0,0.238095,0.384615,3.0,,,0.0818
"D=1, white",D10_white,MDL,1007,50,21,5,1.0,0.238095,0.384615,3.0,,,0.0818
"D=1, white",D10_white,MDL,1007,100,21,5,1.0,0.238095,0.384615,3.0,,,0.0818
"D=1, white",D10_white,MDL,1008,25,57,8,0.875,0.122807,0.215385,1.1429,,,0.1029
"D=1, white",D10_white,MDL,1008,50,57,8,1.0,0.140351,0.246154,5.625,,,0.1029
"D=1, white",D10_white,MDL,1008,100,57,8,1.0,0.140351,0.246154,5.625,,,0.1029
"D=1, white",D10_white,MDL,1009,25,45,10,0.7,0.155556,0.254545,0.4286,,,0.1068
"D=1, white",D10_white,MDL,1009,50,45,10,0.9,0.2,0.327273,7.2222,,,0.1068
"D=1, white",D10_white,MDL,1009,100,45,10,1.0,0.222222,0.363636,11.7,,,0.1068
"D=1, white",D10_white,MDL,1010,25,37,7,1.0,0.189189,0.318182,4.1429,,,0.1486
"D=1, white",D10_white,MDL,1010,50,37,7,1.0,0.189189,0.318182,4.1429,,,0.1486
"D=1, white",D10_white,MDL,1010,100,37,7,1.0,0.189189,0.318182,4.1429,,,0.1486
"D=1, white",D10_white,MDL,1011,25,43,9,0.888889,0.186047,0.307692,1.125,,,0.2411
"D=1, white",D10_white,MDL,1011,50,43,9,0.888889,0.186047,0.307692,1.125,,,0.2411
"D=1, white",D10_white,MDL,1011,100,43,9,1.0,0.209302,0.346154,8.2222,,,0.2411
"D=1, white",D10_white,MDL,1012,25,41,10,0.8,0.195122,0.313725,4.5,,,0.2037
"D=1, white",D10_white,MDL,1012,50,41,10,1.0,0.243902,0.392157,12.5,,,0.2037
"D=1, white",D10_white,MDL,1012,100,41,10,1.0,0.243902,0.392157,12.5,,,0.2037
"D=1, white",D10_white,MDL,1013,25,49,9,0.888889,0.163265,0.275862,3.125,,,0.1662
"D=1, white",D10_white,MDL,1013,50,49,9,1.0,0.183673,0.310345,7.7778,,,0.1662
"D=1, white",D10_white,MDL,1013,100,49,9,1.0,0.183673,0.310345,7.7778,,,0.1662
"D=1, white",D10_white,MDL,1014,25,35,10,0.8,0.228571,0.355556,4.25,,,0.1678
"D=1, white",D10_white,MDL,1014,50,35,10,1.0,0.285714,0.444444,12.5,,,0.1678
"D=1, white",D10_white,MDL,1014,100,35,10,1.0,0.285714,0.444444,12.5,,,0.1678
"D=1, white",D10_white,MDL,1015,25,47,8,0.875,0.148936,0.254545,3.7143,,,0.2425
"D=1, white",D10_white,MDL,1015,50,47,8,1.0,0.170213,0.290909,6.875,,,0.2425
"D=1, white",D10_white,MDL,1015,100,47,8,1.0,0.170213,0.290909,6.875,,,0.2425
"D=1, white",D10_white,MDL,1016,25,33,10,0.5,0.151515,0.232558,2.0,,,0.1775
"D=1, white",D10_white,MDL,1016,50,33,10,0.8,0.242424,0.372093,14.0,,,0.1775
"D=1, white",D10_white,MDL,1016,100,33,10,0.8,0.242424,0.372093,14.0,,,0.1775
"D=1, white",D10_white,MDL,1017,25,43,8,0.875,0.162791,0.27451,1.2857,,,0.0928
"D=1, white",D10_white,MDL,1017,50,43,8,0.875,0.162791,0.27451,1.2857,,,0.0928
"D=1, white",D10_white,MDL,1017,100,43,8,1.0,0.186047,0.313725,11.0,,,0.0928
"D=1, white",D10_white,MDL,1018,25,49,11,1.0,0.22449,0.366667,4.1818,,,0.1109
"D=1, white",D10_white,MDL,1018,50,49,11,1.0,0.22449,0.366667,4.1818,,,0.1109
"D=1, white",D10_white,MDL,1018,100,49,11,1.0,0.22449,0.366667,4.1818,,,0.1109
"D=1, white",D10_white,MDL,1019,25,47,11,0.818182,0.191489,0.310345,3.8889,,,0.0878
"D=1, white",D10_white,MDL,1019,50,47,11,1.0,0.234043,0.37931,8.3636,,,0.0878
"D=1, white",D10_white,MDL,1019,100,47,11,1.0,0.234043,0.37931,8.3636,,,0.0878
"D=1, white",D10_white,MDL,1020,25,41,11,0.727273,0.195122,0.307692,2.0,,,0.0948
"D=1, white",D10_white,MDL,1020,50,41,11,0.909091,0.243902,0.384615,8.8,,,0.0948
"D=1, white",D10_white,MDL,1020,100,41,11,1.0,0.268293,0.423077,13.6364,,,0.0948
"D=1, white",D10_white,MDL,1021,25,37,10,0.7,0.189189,0.297872,0.8571,,,0.0965
"D=1, white",D10_white,MDL,1021,50,37,10,0.9,0.243243,0.382979,9.4444,,,0.0965
"D=1, white",D10_white,MDL,1021,100,37,10,1.0,0.27027,0.425532,17.5,,,0.0965
"D=1, white",D10_white,MDL,1022,25,40,8,1.0,0.2,0.333333,3.875,,,0.1364
"D=1, white",D10_white,MDL,1022,50,40,8,1.0,0.2,0.333333,3.875,,,0.1364
"D=1, white",D10_white,MDL,1022,100,40,8,1.0,0.2,0.333333,3.875,,,0.1364
"D=1, white",D10_white,MDL,1023,25,37,10,1.0,0.27027,0.425532,1.6,,,0.1121
"D=1, white",D10_white,MDL,1023,50,37,10,1.0,0.27027,0.425532,1.6,,,0.1121
"D=1, white",D10_white,MDL,1023,100,37,10,1.0,0.27027,0.425532,1.6,,,0.1121
"D=1, white",D10_white,MDL,1024,25,45,11,0.818182,0.2,0.321429,3.2222,,,0.1988
"D=1, white",D10_white,MDL,1024,50,45,11,1.0,0.244444,0.392857,9.4545,,,0.1988
"D=1, white",D10_white,MDL,1024,100,45,11,1.0,0.244444,0.392857,9.4545,,,0.1988
"D=1, white",D10_white,MDL,1025,25,29,8,0.875,0.241379,0.378378,5.0,,,0.1105
"D=1, white",D10_white,MDL,1025,50,29,8,1.0,0.275862,0.432432,7.625,,,0.1105
"D=1, white",D10_white,MDL,1025,100,29,8,1.0,0.275862,0.432432,7.625,,,0.1105
"D=1, white",D10_white,MDL,1026,25,41,11,0.909091,0.243902,0.384615,7.7,,,0.0863
"D=1, white",D10_white,MDL,1026,50,41,11,1.0,0.268293,0.423077,11.0909,,,0.0863
"D=1, white",D10_white,MDL,1026,100,41,11,1.0,0.268293,0.423077,11.0909,,,0.0863
"D=1, white",D10_white,MDL,1027,25,27,8,0.75,0.222222,0.342857,1.8333,,,0.1024
"D=1, white",D10_white,MDL,1027,50,27,8,0.75,0.222222,0.342857,1.8333,,,0.1024
"D=1, white",D10_white,MDL,1027,100,27,8,0.75,0.222222,0.342857,1.8333,,,0.1024
"D=1, white",D10_white,MDL,1028,25,45,11,0.909091,0.222222,0.357143,4.0,,,0.2719
"D=1, white",D10_white,MDL,1028,50,45,11,0.909091,0.222222,0.357143,4.0,,,0.2719
"D=1, white",D10_white,MDL,1028,100,45,11,0.909091,0.222222,0.357143,4.0,,,0.2719
"D=1, white",D10_white,MDL,1029,25,29,7,0.714286,0.172414,0.277778,0.6,,,0.1069
"D=1, white",D10_white,MDL,1029,50,29,7,0.857143,0.206897,0.333333,6.1667,,,0.1069
"D=1, white",D10_white,MDL,1029,100,29,7,1.0,0.241379,0.388889,14.5714,,,0.1069
"D=1, white",D10_white,MDL,1030,25,47,10,0.9,0.191489,0.315789,5.5556,,,0.1452
"D=1, white",D10_white,MDL,1030,50,47,10,1.0,0.212766,0.350877,9.5,,,0.1452
"D=1, white",D10_white,MDL,1030,100,47,10,1.0,0.212766,0.350877,9.5,,,0.1452
"D=1, white",D10_white,MDL,1031,25,45,11,0.909091,0.222222,0.357143,5.7,,,0.1254
"D=1, white",D10_white,MDL,1031,50,45,11,1.0,0.244444,0.392857,8.0909,,,0.1254
"D=1, white",D10_white,MDL,1031,100,45,11,1.0,0.244444,0.392857,8.0909,,,0.1254
"D=1, white",D10_white,MDL,1032,25,39,8,0.875,0.179487,0.297872,2.2857,,,0.1295
"D=1, white",D10_white,MDL,1032,50,39,8,0.875,0.179487,0.297872,2.2857,,,0.1295
"D=1, white",D10_white,MDL,1032,100,39,8,1.0,0.205128,0.340426,11.125,,,0.1295
"D=1, white",D10_white,MDL,1033,25,39,11,0.636364,0.179487,0.28,4.2857,,,0.2384
"D=1, white",D10_white,MDL,1033,50,39,11,0.909091,0.25641,0.4,12.9,,,0.2384
"D=1, white",D10_white,MDL,1033,100,39,11,1.0,0.282051,0.44,17.1818,,,0.2384
"D=1, white",D10_white,MDL,1034,25,47,10,0.9,0.191489,0.315789,7.0,,,0.0819
"D=1, white",D10_white,MDL,1034,50,47,10,0.9,0.191489,0.315789,7.0,,,0.0819
"D=1, white",D10_white,MDL,1034,100,47,10,1.0,0.212766,0.350877,12.5,,,0.0819
"D=1, white",D10_white,MDL,1035,25,39,11,0.727273,0.205128,0.32,2.25,,,0.0883
"D=1, white",D10_white,MDL,1035,50,39,11,1.0,0.282051,0.44,10.8182,,,0.0883
"D=1, white",D10_white,MDL,1035,100,39,11,1.0,0.282051,0.44,10.8182,,,0.0883
"D=1, white",D10_white,MDL,1036,25,33,9,0.555556,0.151515,0.238095,6.0,,,0.0907
"D=1, white",D10_white,MDL,1036,50,33,9,0.888889,0.242424,0.380952,18.0,,,0.0907
"D=1, white",D10_white,MDL,1036,100,33,9,1.0,0.272727,0.428571,26.0,,,0.0907
"D=1, white",D10_white,MDL,1037,25,43,10,0.6,0.139535,0.226415,1.3333,,,0.1316
"D=1, white",D10_white,MDL,1037,50,43,10,0.8,0.186047,0.301887,8.5,,,0.1316
"D=1, white",D10_white,MDL,1037,100,43,10,1.0,0.232558,0.377358,22.8,,,0.1316
"D=1, white",D10_white,MDL,1038,25,49,9,0.888889,0.163265,0.275862,4.125,,,0.0959
"D=1, white",D10_white,MDL,1038,50,49,9,0.888889,0.163265,0.275862,4.125,,,0.0959
"D=1, white",D10_white,MDL,1038,100,49,9,1.0,0.183673,0.310345,10.2222,,,0.0959
"D=1, white",D10_white,MDL,1039,25,41,8,0.75,0.146341,0.244898,4.8333,,,0.0807
"D=1, white",D10_white,MDL,1039,50,41,8,0.875,0.170732,0.285714,8.0,,,0.0807
"D=1, white",D10_white,MDL,1039,100,41,8,1.0,0.195122,0.326531,18.5,,,0.0807
"D=1, white",D10_white,MDL,1040,25,39,11,0.636364,0.179487,0.28,5.4286,,,0.0808
"D=1, white",D10_white,MDL,1040,50,39,11,0.818182,0.230769,0.36,11.6667,,,0.0808
"D=1, white",D10_white,MDL,1040,100,39,11,0.909091,0.25641,0.4,16.1,,,0.0808
"D=1, white",D10_white,MDL,1041,25,47,9,0.888889,0.170213,0.285714,6.0,,,0.2059
"D=1, white",D10_white,MDL,1041,50,47,9,1.0,0.191489,0.321429,8.6667,,,0.2059
"D=1, white",D10_white,MDL,1041,100,47,9,1.0,0.191489,0.321429,8.6667,,,0.2059
"D=1, white",D10_white,MDL,1042,25,43,7,1.0,0.162791,0.28,1.0,,,0.2045
"D=1, white",D10_white,MDL,1042,50,43,7,1.0,0.162791,0.28,1.0,,,0.2045
"D=1, white",D10_white,MDL,1042,100,43,7,1.0,0.162791,0.28,1.0,,,0.2045
"D=1, white",D10_white,MDL,1043,25,39,7,0.714286,0.128205,0.217391,2.4,,,0.2034
"D=1, white",D10_white,MDL,1043,50,39,7,0.857143,0.153846,0.26087,9.5,,,0.2034
"D=1, white",D10_white,MDL,1043,100,39,7,1.0,0.179487,0.304348,18.7143,,,0.2034
"D=1, white",D10_white,MDL,1044,25,36,7,1.0,0.194444,0.325581,3.8571,,,0.1587
"D=1, white",D10_white,MDL,1044,50,36,7,1.0,0.194444,0.325581,3.8571,,,0.1587
"D=1, white",D10_white,MDL,1044,100,36,7,1.0,0.194444,0.325581,3.8571,,,0.1587
"D=1, white",D10_white,MDL,1045,25,51,8,1.0,0.156863,0.271186,3.25,,,0.1295
"D=1, white",D10_white,MDL,1045,50,51,8,1.0,0.156863,0.271186,3.25,,,0.1295
"D=1, white",D10_white,MDL,1045,100,51,8,1.0,0.156863,0.271186,3.25,,,0.1295
"D=1, white",D10_white,MDL,1046,25,55,9,0.888889,0.145455,0.25,2.375,,,0.1074
"D=1, white",D10_white,MDL,1046,50,55,9,1.0,0.163636,0.28125,5.4444,,,0.1074
"D=1, white",D10_white,MDL,1046,100,55,9,1.0,0.163636,0.28125,5.4444,,,0.1074
"D=1, white",D10_white,MDL,1047,25,43,9,0.888889,0.186047,0.307692,2.625,,,0.1084
"D=1, white",D10_white,MDL,1047,50,43,9,1.0,0.209302,0.346154,6.0,,,0.1084
"D=1, white",D10_white,MDL,1047,100,43,9,1.0,0.209302,0.346154,6.0,,,0.1084
"D=1, white",D10_white,MDL,1048,25,51,8,0.875,0.137255,0.237288,1.5714,,,0.1399
"D=1, white",D10_white,MDL,1048,50,51,8,1.0,0.156863,0.271186,7.0,,,0.1399
"D=1, white",D10_white,MDL,1048,100,51,8,1.0,0.156863,0.271186,7.0,,,0.1399
"D=1, white",D10_white,MDL,1049,25,33,9,0.666667,0.181818,0.285714,3.1667,,,0.1094
"D=1, white",D10_white,MDL,1049,50,33,9,0.666667,0.181818,0.285714,3.1667,,,0.1094
"D=1, white",D10_white,MDL,1049,100,33,9,0.888889,0.242424,0.380952,21.0,,,0.1094
"D=1, pink",D10_pink,MDL,1000,25,192,10,1.0,0.052083,0.09901,2.2,,,0.1442
"D=1, pink",D10_pink,MDL,1000,50,192,10,1.0,0.052083,0.09901,2.2,,,0.1442
"D=1, pink",D10_pink,MDL,1000,100,192,10,1.0,0.052083,0.09901,2.2,,,0.1442
"D=1, pink",D10_pink,MDL,1001,25,199,11,0.909091,0.050251,0.095238,1.1,,,0.1075
"D=1, pink",D10_pink,MDL,1001,50,199,11,0.909091,0.050251,0.095238,1.1,,,0.1075
"D=1, pink",D10_pink,MDL,1001,100,199,11,1.0,0.055276,0.104762,7.9091,,,0.1075
"D=1, pink",D10_pink,MDL,1002,25,205,11,1.0,0.053659,0.101852,0.7273,,,0.1029
"D=1, pink",D10_pink,MDL,1002,50,205,11,1.0,0.053659,0.101852,0.7273,,,0.1029
"D=1, pink",D10_pink,MDL,1002,100,205,11,1.0,0.053659,0.101852,0.7273,,,0.1029
"D=1, pink",D10_pink,MDL,1003,25,186,11,1.0,0.05914,0.111675,3.6364,,,0.2202
"D=1, pink",D10_pink,MDL,1003,50,186,11,1.0,0.05914,0.111675,3.6364,,,0.2202
"D=1, pink",D10_pink,MDL,1003,100,186,11,1.0,0.05914,0.111675,3.6364,,,0.2202
"D=1, pink",D10_pink,MDL,1004,25,198,11,0.909091,0.050505,0.095694,2.5,,,0.2138
"D=1, pink",D10_pink,MDL,1004,50,198,11,1.0,0.055556,0.105263,4.6364,,,0.2138
"D=1, pink",D10_pink,MDL,1004,100,198,11,1.0,0.055556,0.105263,4.6364,,,0.2138
"D=1, pink",D10_pink,MDL,1005,25,179,12,1.0,0.067039,0.125654,3.0,,,0.2252
"D=1, pink",D10_pink,MDL,1005,50,179,12,1.0,0.067039,0.125654,3.0,,,0.2252
"D=1, pink",D10_pink,MDL,1005,100,179,12,1.0,0.067039,0.125654,3.0,,,0.2252
"D=1, pink",D10_pink,MDL,1006,25,193,11,0.909091,0.051813,0.098039,0.4,,,0.2041
"D=1, pink",D10_pink,MDL,1006,50,193,11,0.909091,0.051813,0.098039,0.4,,,0.2041
"D=1, pink",D10_pink,MDL,1006,100,193,11,1.0,0.056995,0.107843,5.8182,,,0.2041
"D=1, pink",D10_pink,MDL,1007,25,167,9,1.0,0.053892,0.102273,0.6667,,,0.1994
"D=1, pink",D10_pink,MDL,1007,50,167,9,1.0,0.053892,0.102273,0.6667,,,0.1994
"D=1, pink",D10_pink,MDL,1007,100,167,9,1.0,0.053892,0.102273,0.6667,,,0.1994
"D=1, pink",D10_pink,MDL,1008,25,211,12,0.916667,0.052133,0.098655,0.9091,,,0.1652
"D=1, pink",D10_pink,MDL,1008,50,211,12,0.916667,0.052133,0.098655,0.9091,,,0.1652
"D=1, pink",D10_pink,MDL,1008,100,211,12,1.0,0.056872,0.107623,8.3333,,,0.1652
"D=1, pink",D10_pink,MDL,1009,25,178,11,0.909091,0.05618,0.10582,0.8,,,0.1556
"D=1, pink",D10_pink,MDL,1009,50,178,11,0.909091,0.05618,0.10582,0.8,,,0.1556
"D=1, pink",D10_pink,MDL,1009,100,178,11,1.0,0.061798,0.116402,6.0909,,,0.1556
"D=1, pink",D10_pink,MDL,1010,25,182,11,0.909091,0.054945,0.103627,3.6,,,0.1475
"D=1, pink",D10_pink,MDL,1010,50,182,11,1.0,0.06044,0.11399,5.8182,,,0.1475
"D=1, pink",D10_pink,MDL,1010,100,182,11,1.0,0.06044,0.11399,5.8182,,,0.1475
"D=1, pink",D10_pink,MDL,1011,25,176,11,0.909091,0.056818,0.106952,2.6,,,0.1848
"D=1, pink",D10_pink,MDL,1011,50,176,11,1.0,0.0625,0.117647,6.0,,,0.1848
"D=1, pink",D10_pink,MDL,1011,100,176,11,1.0,0.0625,0.117647,6.0,,,0.1848
"D=1, pink",D10_pink,MDL,1012,25,207,11,0.818182,0.043478,0.082569,1.2222,,,0.1986
"D=1, pink",D10_pink,MDL,1012,50,207,11,0.909091,0.048309,0.091743,4.1,,,0.1986
"D=1, pink",D10_pink,MDL,1012,100,207,11,1.0,0.05314,0.100917,8.7273,,,0.1986
"D=1, pink",D10_pink,MDL,1013,25,172,11,0.909091,0.05814,0.10929,3.1,,,0.1035
"D=1, pink",D10_pink,MDL,1013,50,172,11,1.0,0.063953,0.120219,6.9091,,,0.1035
"D=1, pink",D10_pink,MDL,1013,100,172,11,1.0,0.063953,0.120219,6.9091,,,0.1035
"D=1, pink",D10_pink,MDL,1014,25,184,9,1.0,0.048913,0.093264,0.7778,,,0.0865
"D=1, pink",D10_pink,MDL,1014,50,184,9,1.0,0.048913,0.093264,0.7778,,,0.0865
"D=1, pink",D10_pink,MDL,1014,100,184,9,1.0,0.048913,0.093264,0.7778,,,0.0865
"D=1, pink",D10_pink,MDL,1015,25,169,9,1.0,0.053254,0.101124,2.2222,,,0.0881
"D=1, pink",D10_pink,MDL,1015,50,169,9,1.0,0.053254,0.101124,2.2222,,,0.0881
"D=1, pink",D10_pink,MDL,1015,100,169,9,1.0,0.053254,0.101124,2.2222,,,0.0881
"D=1, pink",D10_pink,MDL,1016,25,181,12,1.0,0.066298,0.124352,1.5,,,0.0933
"D=1, pink",D10_pink,MDL,1016,50,181,12,1.0,0.066298,0.124352,1.5,,,0.0933
"D=1, pink",D10_pink,MDL,1016,100,181,12,1.0,0.066298,0.124352,1.5,,,0.0933
"D=1, pink",D10_pink,MDL,1017,25,175,12,1.0,0.068571,0.128342,3.5833,,,0.1089
"D=1, pink",D10_pink,MDL,1017,50,175,12,1.0,0.068571,0.128342,3.5833,,,0.1089
"D=1, pink",D10_pink,MDL,1017,100,175,12,1.0,0.068571,0.128342,3.5833,,,0.1089
"D=1, pink",D10_pink,MDL,1018,25,197,12,1.0,0.060914,0.114833,2.75,,,0.0989
"D=1, pink",D10_pink,MDL,1018,50,197,12,1.0,0.060914,0.114833,2.75,,,0.0989
"D=1, pink",D10_pink,MDL,1018,100,197,12,1.0,0.060914,0.114833,2.75,,,0.0989
"D=1, pink",D10_pink,MDL,1019,25,188,11,1.0,0.058511,0.110553,2.8182,,,0.1053
"D=1, pink",D10_pink,MDL,1019,50,188,11,1.0,0.058511,0.110553,2.8182,,,0.1053
"D=1, pink",D10_pink,MDL,1019,100,188,11,1.0,0.058511,0.110553,2.8182,,,0.1053
"D=1, pink",D10_pink,MDL,1020,25,177,10,1.0,0.056497,0.106952,0.4,,,0.0946
"D=1, pink",D10_pink,MDL,1020,50,177,10,1.0,0.056497,0.106952,0.4,,,0.0946
"D=1, pink",D10_pink,MDL,1020,100,177,10,1.0,0.056497,0.106952,0.4,,,0.0946
"D=1, pink",D10_pink,MDL,1021,25,208,11,1.0,0.052885,0.100457,0.7273,,,0.1038
"D=1, pink",D10_pink,MDL,1021,50,208,11,1.0,0.052885,0.100457,0.7273,,,0.1038
"D=1, pink",D10_pink,MDL,1021,100,208,11,1.0,0.052885,0.100457,0.7273,,,0.1038
"D=1, pink",D10_pink,MDL,1022,25,179,10,1.0,0.055866,0.10582,0.7,,,0.1237
"D=1, pink",D10_pink,MDL,1022,50,179,10,1.0,0.055866,0.10582,0.7,,,0.1237
"D=1, pink",D10_pink,MDL,1022,100,179,10,1.0,0.055866,0.10582,0.7,,,0.1237
"D=1, pink",D10_pink,MDL,1023,25,185,9,1.0,0.048649,0.092784,0.8889,,,0.0988
"D=1, pink",D10_pink,MDL,1023,50,185,9,1.0,0.048649,0.092784,0.8889,,,0.0988
"D=1, pink",D10_pink,MDL,1023,100,185,9,1.0,0.048649,0.092784,0.8889,,,0.0988
"D=1, pink",D10_pink,MDL,1024,25,192,10,1.0,0.052083,0.09901,2.6,,,0.1016
"D=1, pink",D10_pink,MDL,1024,50,192,10,1.0,0.052083,0.09901,2.6,,,0.1016
"D=1, pink",D10_pink,MDL,1024,100,192,10,1.0,0.052083,0.09901,2.6,,,0.1016
"D=1, pink",D10_pink,MDL,1025,25,186,11,1.0,0.05914,0.111675,0.5455,,,0.1606
"D=1, pink",D10_pink,MDL,1025,50,186,11,1.0,0.05914,0.111675,0.5455,,,0.1606
"D=1, pink",D10_pink,MDL,1025,100,186,11,1.0,0.05914,0.111675,0.5455,,,0.1606
"D=1, pink",D10_pink,MDL,1026,25,199,11,0.909091,0.050251,0.095238,1.3,,,0.2087
"D=1, pink",D10_pink,MDL,1026,50,199,11,0.909091,0.050251,0.095238,1.3,,,0.2087
"D=1, pink",D10_pink,MDL,1026,100,199,11,1.0,0.055276,0.104762,7.8182,,,0.2087
"D=1, pink",D10_pink,MDL,1027,25,207,11,1.0,0.05314,0.100917,0.8182,,,0.144
"D=1, pink",D10_pink,MDL,1027,50,207,11,1.0,0.05314,0.100917,0.8182,,,0.144
"D=1, pink",D10_pink,MDL,1027,100,207,11,1.0,0.05314,0.100917,0.8182,,,0.144
"D=1, pink",D10_pink,MDL,1028,25,225,11,0.818182,0.04,0.076271,0.5556,,,0.1179
"D=1, pink",D10_pink,MDL,1028,50,225,11,0.909091,0.044444,0.084746,5.1,,,0.1179
"D=1, pink",D10_pink,MDL,1028,100,225,11,1.0,0.048889,0.09322,9.7273,,,0.1179
"D=1, pink",D10_pink,MDL,1029,25,187,12,1.0,0.064171,0.120603,2.75,,,0.1044
"D=1, pink",D10_pink,MDL,1029,50,187,12,1.0,0.064171,0.120603,2.75,,,0.1044
"D=1, pink",D10_pink,MDL,1029,100,187,12,1.0,0.064171,0.120603,2.75,,,0.1044
"D=1, pink",D10_pink,MDL,1030,25,194,13,1.0,0.06701,0.125604,2.3846,,,0.1083
"D=1, pink",D10_pink,MDL,1030,50,194,13,1.0,0.06701,0.125604,2.3846,,,0.1083
"D=1, pink",D10_pink,MDL,1030,100,194,13,1.0,0.06701,0.125604,2.3846,,,0.1083
"D=1, pink",D10_pink,MDL,1031,25,223,11,1.0,0.049327,0.094017,1.2727,,,0.1059
"D=1, pink",D10_pink,MDL,1031,50,223,11,1.0,0.049327,0.094017,1.2727,,,0.1059
"D=1, pink",D10_pink,MDL,1031,100,223,11,1.0,0.049327,0.094017,1.2727,,,0.1059
"D=1, pink",D10_pink,MDL,1032,25,199,10,1.0,0.050251,0.095694,0.7,,,0.0879
"D=1, pink",D10_pink,MDL,1032,50,199,10,1.0,0.050251,0.095694,0.7,,,0.0879
"D=1, pink",D10_pink,MDL,1032,100,199,10,1.0,0.050251,0.095694,0.7,,,0.0879
"D=1, pink",D10_pink,MDL,1033,25,173,11,1.0,0.063584,0.119565,1.4545,,,0.1009
"D=1, pink",D10_pink,MDL,1033,50,173,11,1.0,0.063584,0.119565,1.4545,,,0.1009
"D=1, pink",D10_pink,MDL,1033,100,173,11,1.0,0.063584,0.119565,1.4545,,,0.1009
"D=1, pink",D10_pink,MDL,1034,25,187,10,1.0,0.053476,0.101523,2.1,,,0.0919
"D=1, pink",D10_pink,MDL,1034,50,187,10,1.0,0.053476,0.101523,2.1,,,0.0919
"D=1, pink",D10_pink,MDL,1034,100,187,10,1.0,0.053476,0.101523,2.1,,,0.0919
"D=1, pink",D10_pink,MDL,1035,25,193,12,0.916667,0.056995,0.107317,1.0,,,0.2227
"D=1, pink",D10_pink,MDL,1035,50,193,12,1.0,0.062176,0.117073,3.8333,,,0.2227
"D=1, pink",D10_pink,MDL,1035,100,193,12,1.0,0.062176,0.117073,3.8333,,,0.2227
"D=1, pink",D10_pink,MDL,1036,25,208,10,1.0,0.048077,0.091743,1.5,,,0.1831
"D=1, pink",D10_pink,MDL,1036,50,208,10,1.0,0.048077,0.091743,1.5,,,0.1831
"D=1, pink",D10_pink,MDL,1036,100,208,10,1.0,0.048077,0.091743,1.5,,,0.1831
"D=1, pink",D10_pink,MDL,1037,25,172,10,0.9,0.052326,0.098901,2.3333,,,0.1454
"D=1, pink",D10_pink,MDL,1037,50,172,10,0.9,0.052326,0.098901,2.3333,,,0.1454
"D=1, pink",D10_pink,MDL,1037,100,172,10,1.0,0.05814,0.10989,8.1,,,0.1454
"D=1, pink",D10_pink,MDL,1038,25,184,10,1.0,0.054348,0.103093,0.9,,,0.2087
"D=1, pink",D10_pink,MDL,1038,50,184,10,1.0,0.054348,0.103093,0.9,,,0.2087
"D=1, pink",D10_pink,MDL,1038,100,184,10,1.0,0.054348,0.103093,0.9,,,0.2087
"D=1, pink",D10_pink,MDL,1039,25,183,10,0.9,0.04918,0.093264,1.7778,,,0.0933
"D=1, pink",D10_pink,MDL,1039,50,183,10,1.0,0.054645,0.103627,5.0,,,0.0933
"D=1, pink",D10_pink,MDL,1039,100,183,10,1.0,0.054645,0.103627,5.0,,,0.0933
"D=1, pink",D10_pink,MDL,1040,25,176,10,1.0,0.056818,0.107527,0.9,,,0.0963
"D=1, pink",D10_pink,MDL,1040,50,176,10,1.0,0.056818,0.107527,0.9,,,0.0963
"D=1, pink",D10_pink,MDL,1040,100,176,10,1.0,0.056818,0.107527,0.9,,,0.0963
"D=1, pink",D10_pink,MDL,1041,25,184,11,0.818182,0.048913,0.092308,1.6667,,,0.0995
"D=1, pink",D10_pink,MDL,1041,50,184,11,1.0,0.059783,0.112821,8.1818,,,0.0995
"D=1, pink",D10_pink,MDL,1041,100,184,11,1.0,0.059783,0.112821,8.1818,,,0.0995
"D=1, pink",D10_pink,MDL,1042,25,190,11,0.909091,0.052632,0.099502,2.8,,,0.0963
"D=1, pink",D10_pink,MDL,1042,50,190,11,1.0,0.057895,0.109453,6.7273,,,0.0963
"D=1, pink",D10_pink,MDL,1042,100,190,11,1.0,0.057895,0.109453,6.7273,,,0.0963
"D=1, pink",D10_pink,MDL,1043,25,200,13,0.923077,0.06,0.112676,2.5,,,0.1004
"D=1, pink",D10_pink,MDL,1043,50,200,13,0.923077,0.06,0.112676,2.5,,,0.1004
"D=1, pink",D10_pink,MDL,1043,100,200,13,1.0,0.065,0.122066,8.4615,,,0.1004
"D=1, pink",D10_pink,MDL,1044,25,204,12,0.916667,0.053922,0.101852,3.1818,,,0.1016
"D=1, pink",D10_pink,MDL,1044,50,204,12,1.0,0.058824,0.111111,5.5833,,,0.1016
"D=1, pink",D10_pink,MDL,1044,100,204,12,1.0,0.058824,0.111111,5.5833,,,0.1016
"D=1, pink",D10_pink,MDL,1045,25,180,11,1.0,0.061111,0.115183,4.5455,,,0.101
"D=1, pink",D10_pink,MDL,1045,50,180,11,1.0,0.061111,0.115183,4.5455,,,0.101
"D=1, pink",D10_pink,MDL,1045,100,180,11,1.0,0.061111,0.115183,4.5455,,,0.101
"D=1, pink",D10_pink,MDL,1046,25,215,13,0.846154,0.051163,0.096491,1.2727,,,0.1129
"D=1, pink",D10_pink,MDL,1046,50,215,13,1.0,0.060465,0.114035,7.2308,,,0.1129
"D=1, pink",D10_pink,MDL,1046,100,215,13,1.0,0.060465,0.114035,7.2308,,,0.1129
"D=1, pink",D10_pink,MDL,1047,25,199,12,0.916667,0.055276,0.104265,1.0,,,0.1466
"D=1, pink",D10_pink,MDL,1047,50,199,12,1.0,0.060302,0.113744,3.8333,,,0.1466
"D=1, pink",D10_pink,MDL,1047,100,199,12,1.0,0.060302,0.113744,3.8333,,,0.1466
"D=1, pink",D10_pink,MDL,1048,25,215,11,0.909091,0.046512,0.088496,0.9,,,0.1365
"D=1, pink",D10_pink,MDL,1048,50,215,11,0.909091,0.046512,0.088496,0.9,,,0.1365
"D=1, pink",D10_pink,MDL,1048,100,215,11,1.0,0.051163,0.097345,6.1818,,,0.1365
"D=1, pink",D10_pink,MDL,1049,25,203,10,0.8,0.039409,0.075117,1.0,,,0.1045
"D=1, pink",D10_pink,MDL,1049,50,203,10,1.0,0.049261,0.093897,6.4,,,0.1045
"D=1, pink",D10_pink,MDL,1049,100,203,10,1.0,0.049261,0.093897,6.4,,,0.1045
"D=1.5, white",D15_white,MDL,1000,25,121,10,0.9,0.07438,0.137405,2.0,,,0.1029
"D=1.5, white",D15_white,MDL,1000,50,121,10,0.9,0.07438,0.137405,2.0,,,0.1029
"D=1.5, white",D15_white,MDL,1000,100,121,10,1.0,0.082645,0.152672,8.2,,,0.1029
"D=1.5, white",D15_white,MDL,1001,25,116,12,1.0,0.103448,0.1875,4.75,,,0.1781
"D=1.5, white",D15_white,MDL,1001,50,116,12,1.0,0.103448,0.1875,4.75,,,0.1781
"D=1.5, white",D15_white,MDL,1001,100,116,12,1.0,0.103448,0.1875,4.75,,,0.1781
"D=1.5, white",D15_white,MDL,1002,25,106,10,0.9,0.084906,0.155172,3.4444,,,0.1402
"D=1.5, white",D15_white,MDL,1002,50,106,10,1.0,0.09434,0.172414,6.4,,,0.1402
"D=1.5, white",D15_white,MDL,1002,100,106,10,1.0,0.09434,0.172414,6.4,,,0.1402
"D=1.5, white",D15_white,MDL,1003,25,107,11,1.0,0.102804,0.186441,3.8182,,,0.0969
"D=1.5, white",D15_white,MDL,1003,50,107,11,1.0,0.102804,0.186441,3.8182,,,0.0969
"D=1.5, white",D15_white,MDL,1003,100,107,11,1.0,0.102804,0.186441,3.8182,,,0.0969
"D=1.5, white",D15_white,MDL,1004,25,133,11,1.0,0.082707,0.152778,3.1818,,,0.1764
"D=1.5, white",D15_white,MDL,1004,50,133,11,1.0,0.082707,0.152778,3.1818,,,0.1764
"D=1.5, white",D15_white,MDL,1004,100,133,11,1.0,0.082707,0.152778,3.1818,,,0.1764
"D=1.5, white",D15_white,MDL,1005,25,93,11,0.909091,0.107527,0.192308,5.1,,,0.0919
"D=1.5, white",D15_white,MDL,1005,50,93,11,1.0,0.11828,0.211538,8.1818,,,0.0919
"D=1.5, white",D15_white,MDL,1005,100,93,11,1.0,0.11828,0.211538,8.1818,,,0.0919
"D=1.5, white",D15_white,MDL,1006,25,121,9,1.0,0.07438,0.138462,2.0,,,0.0967
"D=1.5, white",D15_white,MDL,1006,50,121,9,1.0,0.07438,0.138462,2.0,,,0.0967
"D=1.5, white",D15_white,MDL,1006,100,121,9,1.0,0.07438,0.138462,2.0,,,0.0967
"D=1.5, white",D15_white,MDL,1007,25,102,11,0.909091,0.098039,0.176991,3.7,,,0.09
"D=1.5, white",D15_white,MDL,1007,50,102,11,1.0,0.107843,0.19469,5.7273,,,0.09
"D=1.5, white",D15_white,MDL,1007,100,102,11,1.0,0.107843,0.19469,5.7273,,,0.09
"D=1.5, white",D15_white,MDL,1008,25,117,11,0.909091,0.08547,0.15625,1.4,,,0.0833
"D=1.5, white",D15_white,MDL,1008,50,117,11,0.909091,0.08547,0.15625,1.4,,,0.0833
"D=1.5, white",D15_white,MDL,1008,100,117,11,1.0,0.094017,0.171875,6.0909,,,0.0833
"D=1.5, white",D15_white,MDL,1009,25,112,10,1.0,0.089286,0.163934,1.2,,,0.0855
"D=1.5, white",D15_white,MDL,1009,50,112,10,1.0,0.089286,0.163934,1.2,,,0.0855
"D=1.5, white",D15_white,MDL,1009,100,112,10,1.0,0.089286,0.163934,1.2,,,0.0855
"D=1.5, white",D15_white,MDL,1010,25,123,11,0.909091,0.081301,0.149254,4.3,,,0.0892
"D=1.5, white",D15_white,MDL,1010,50,123,11,1.0,0.089431,0.164179,6.9091,,,0.0892
"D=1.5, white",D15_white,MDL,1010,100,123,11,1.0,0.089431,0.164179,6.9091,,,0.0892
"D=1.5, white",D15_white,MDL,1011,25,121,10,0.9,0.07438,0.137405,1.3333,,,0.0898
"D=1.5, white",D15_white,MDL,1011,50,121,10,0.9,0.07438,0.137405,1.3333,,,0.0898
"D=1.5, white",D15_white,MDL,1011,100,121,10,1.0,0.082645,0.152672,6.8,,,0.0898
"D=1.5, white",D15_white,MDL,1012,25,107,12,1.0,0.11215,0.201681,2.25,,,0.1079
"D=1.5, white",D15_white,MDL,1012,50,107,12,1.0,0.11215,0.201681,2.25,,,0.1079
"D=1.5, white",D15_white,MDL,1012,100,107,12,1.0,0.11215,0.201681,2.25,,,0.1079
"D=1.5, white",D15_white,MDL,1013,25,106,11,0.909091,0.09434,0.17094,3.8,,,0.1682
"D=1.5, white",D15_white,MDL,1013,50,106,11,1.0,0.103774,0.188034,6.2727,,,0.1682
"D=1.5, white",D15_white,MDL,1013,100,106,11,1.0,0.103774,0.188034,6.2727,,,0.1682
"D=1.5, white",D15_white,MDL,1014,25,101,11,0.909091,0.09901,0.178571,3.9,,,0.1063
"D=1.5, white",D15_white,MDL,1014,50,101,11,1.0,0.108911,0.196429,6.9091,,,0.1063
"D=1.5, white",D15_white,MDL,1014,100,101,11,1.0,0.108911,0.196429,6.9091,,,0.1063
"D=1.5, white",D15_white,MDL,1015,25,110,8,0.875,0.063636,0.118644,4.7143,,,0.1018
"D=1.5, white",D15_white,MDL,1015,50,110,8,1.0,0.072727,0.135593,9.0,,,0.1018
"D=1.5, white",D15_white,MDL,1015,100,110,8,1.0,0.072727,0.135593,9.0,,,0.1018
"D=1.5, white",D15_white,MDL,1016,25,111,11,0.909091,0.09009,0.163934,2.8,,,0.1069
"D=1.5, white",D15_white,MDL,1016,50,111,11,1.0,0.099099,0.180328,6.6364,,,0.1069
"D=1.5, white",D15_white,MDL,1016,100,111,11,1.0,0.099099,0.180328,6.6364,,,0.1069
"D=1.5, white",D15_white,MDL,1017,25,110,12,0.916667,0.1,0.180328,3.3636,,,0.1712
"D=1.5, white",D15_white,MDL,1017,50,110,12,1.0,0.109091,0.196721,5.75,,,0.1712
"D=1.5, white",D15_white,MDL,1017,100,110,12,1.0,0.109091,0.196721,5.75,,,0.1712
"D=1.5, white",D15_white,MDL,1018,25,117,11,0.818182,0.076923,0.140625,1.7778,,,0.1448
"D=1.5, white",D15_white,MDL,1018,50,117,11,1.0,0.094017,0.171875,7.8182,,,0.1448
"D=1.5, white",D15_white,MDL,1018,100,117,11,1.0,0.094017,0.171875,7.8182,,,0.1448
"D=1.5, white",D15_white,MDL,1019,25,111,9,1.0,0.081081,0.15,3.1111,,,0.1014
"D=1.5, white",D15_white,MDL,1019,50,111,9,1.0,0.081081,0.15,3.1111,,,0.1014
"D=1.5, white",D15_white,MDL,1019,100,111,9,1.0,0.081081,0.15,3.1111,,,0.1014
"D=1.5, white",D15_white,MDL,1020,25,119,6,1.0,0.05042,0.096,1.1667,,,0.0881
"D=1.5, white",D15_white,MDL,1020,50,119,6,1.0,0.05042,0.096,1.1667,,,0.0881
"D=1.5, white",D15_white,MDL,1020,100,119,6,1.0,0.05042,0.096,1.1667,,,0.0881
"D=1.5, white",D15_white,MDL,1021,25,117,10,1.0,0.08547,0.15748,2.2,,,0.1237
"D=1.5, white",D15_white,MDL,1021,50,117,10,1.0,0.08547,0.15748,2.2,,,0.1237
"D=1.5, white",D15_white,MDL,1021,100,117,10,1.0,0.08547,0.15748,2.2,,,0.1237
"D=1.5, white",D15_white,MDL,1022,25,124,11,0.909091,0.080645,0.148148,0.9,,,0.2136
"D=1.5, white",D15_white,MDL,1022,50,124,11,1.0,0.08871,0.162963,3.8182,,,0.2136
"D=1.5, white",D15_white,MDL,1022,100,124,11,1.0,0.08871,0.162963,3.8182,,,0.2136
"D=1.5, white",D15_white,MDL,1023,25,115,11,0.909091,0.086957,0.15873,1.2,,,0.0919
"D=1.5, white",D15_white,MDL,1023,50,115,11,1.0,0.095652,0.174603,5.0909,,,0.0919
"D=1.5, white",D15_white,MDL,1023,100,115,11,1.0,0.095652,0.174603,5.0909,,,0.0919
"D=1.5, white",D15_white,MDL,1024,25,101,9,0.777778,0.069307,0.127273,3.4286,,,0.2103
"D=1.5, white",D15_white,MDL,1024,50,101,9,1.0,0.089109,0.163636,11.2222,,,0.2103
"D=1.5, white",D15_white,MDL,1024,100,101,9,1.0,0.089109,0.163636,11.2222,,,0.2103
"D=1.5, white",D15_white,MDL,1025,25,103,11,1.0,0.106796,0.192982,3.2727,,,0.1024
"D=1.5, white",D15_white,MDL,1025,50,103,11,1.0,0.106796,0.192982,3.2727,,,0.1024
"D=1.5, white",D15_white,MDL,1025,100,103,11,1.0,0.106796,0.192982,3.2727,,,0.1024
"D=1.5, white",D15_white,MDL,1026,25,100,10,1.0,0.1,0.181818,2.6,,,0.1023
"D=1.5, white",D15_white,MDL,1026,50,100,10,1.0,0.1,0.181818,2.6,,,0.1023
"D=1.5, white",D15_white,MDL,1026,100,100,10,1.0,0.1,0.181818,2.6,,,0.1023
"D=1.5, white",D15_white,MDL,1027,25,106,11,1.0,0.103774,0.188034,1.0909,,,0.1056
"D=1.5, white",D15_white,MDL,1027,50,106,11,1.0,0.103774,0.188034,1.0909,,,0.1056
"D=1.5, white",D15_white,MDL,1027,100,106,11,1.0,0.103774,0.188034,1.0909,,,0.1056
"D=1.5, white",D15_white,MDL,1028,25,122,12,1.0,0.098361,0.179104,5.0,,,0.1679
"D=1.5, white",D15_white,MDL,1028,50,122,12,1.0,0.098361,0.179104,5.0,,,0.1679
"D=1.5, white",D15_white,MDL,1028,100,122,12,1.0,0.098361,0.179104,5.0,,,0.1679
"D=1.5, white",D15_white,MDL,1029,25,111,8,1.0,0.072072,0.134454,2.375,,,0.2168
"D=1.5, white",D15_white,MDL,1029,50,111,8,1.0,0.072072,0.134454,2.375,,,0.2168
"D=1.5, white",D15_white,MDL,1029,100,111,8,1.0,0.072072,0.134454,2.375,,,0.2168
"D=1.5, white",D15_white,MDL,1030,25,127,11,1.0,0.086614,0.15942,1.9091,,,0.2427
"D=1.5, white",D15_white,MDL,1030,50,127,11,1.0,0.086614,0.15942,1.9091,,,0.2427
"D=1.5, white",D15_white,MDL,1030,100,127,11,1.0,0.086614,0.15942,1.9091,,,0.2427
"D=1.5, white",D15_white,MDL,1031,25,154,13,1.0,0.084416,0.155689,2.0,,,0.156
"D=1.5, white",D15_white,MDL,1031,50,154,13,1.0,0.084416,0.155689,2.0,,,0.156
"D=1.5, white",D15_white,MDL,1031,100,154,13,1.0,0.084416,0.155689,2.0,,,0.156
"D=1.5, white",D15_white,MDL,1032,25,112,12,1.0,0.107143,0.193548,1.9167,,,0.1106
"D=1.5, white",D15_white,MDL,1032,50,112,12,1.0,0.107143,0.193548,1.9167,,,0.1106
"D=1.5, white",D15_white,MDL,1032,100,112,12,1.0,0.107143,0.193548,1.9167,,,0.1106
"D=1.5, white",D15_white,MDL,1033,25,101,11,0.909091,0.09901,0.178571,7.8,,,0.1101
"D=1.5, white",D15_white,MDL,1033,50,101,11,1.0,0.108911,0.196429,10.0,,,0.1101
"D=1.5, white",D15_white,MDL,1033,100,101,11,1.0,0.108911,0.196429,10.0,,,0.1101
"D=1.5, white",D15_white,MDL,1034,25,125,11,1.0,0.088,0.161765,6.0909,,,0.1034
"D=1.5, white",D15_white,MDL,1034,50,125,11,1.0,0.088,0.161765,6.0909,,,0.1034
"D=1.5, white",D15_white,MDL,1034,100,125,11,1.0,0.088,0.161765,6.0909,,,0.1034
"D=1.5, white",D15_white,MDL,1035,25,107,10,1.0,0.093458,0.17094,3.3,,,0.1059
"D=1.5, white",D15_white,MDL,1035,50,107,10,1.0,0.093458,0.17094,3.3,,,0.1059
"D=1.5, white",D15_white,MDL,1035,100,107,10,1.0,0.093458,0.17094,3.3,,,0.1059
"D=1.5, white",D15_white,MDL,1036,25,116,11,1.0,0.094828,0.173228,1.0,,,0.1591
"D=1.5, white",D15_white,MDL,1036,50,116,11,1.0,0.094828,0.173228,1.0,,,0.1591
"D=1.5, white",D15_white,MDL,1036,100,116,11,1.0,0.094828,0.173228,1.0,,,0.1591
"D=1.5, white",D15_white,MDL,1037,25,112,10,0.8,0.071429,0.131148,3.5,,,0.1936
"D=1.5, white",D15_white,MDL,1037,50,112,10,0.9,0.080357,0.147541,6.3333,,,0.1936
"D=1.5, white",D15_white,MDL,1037,100,112,10,1.0,0.089286,0.163934,11.0,,,0.1936
"D=1.5, white",D15_white,MDL,1038,25,130,10,1.0,0.076923,0.142857,2.0,,,0.1063
"D=1.5, white",D15_white,MDL,1038,50,130,10,1.0,0.076923,0.142857,2.0,,,0.1063
"D=1.5, white",D15_white,MDL,1038,100,130,10,1.0,0.076923,0.142857,2.0,,,0.1063
"D=1.5, white",D15_white,MDL,1039,25,105,10,1.0,0.095238,0.173913,1.6,,,0.2227
"D=1.5, white",D15_white,MDL,1039,50,105,10,1.0,0.095238,0.173913,1.6,,,0.2227
"D=1.5, white",D15_white,MDL,1039,100,105,10,1.0,0.095238,0.173913,1.6,,,0.2227
"D=1.5, white",D15_white,MDL,1040,25,113,12,1.0,0.106195,0.192,5.1667,,,0.1057
"D=1.5, white",D15_white,MDL,1040,50,113,12,1.0,0.106195,0.192,5.1667,,,0.1057
"D=1.5, white",D15_white,MDL,1040,100,113,12,1.0,0.106195,0.192,5.1667,,,0.1057
"D=1.5, white",D15_white,MDL,1041,25,133,11,1.0,0.082707,0.152778,4.1818,,,0.1018
"D=1.5, white",D15_white,MDL,1041,50,133,11,1.0,0.082707,0.152778,4.1818,,,0.1018
"D=1.5, white",D15_white,MDL,1041,100,133,11,1.0,0.082707,0.152778,4.1818,,,0.1018
"D=1.5, white",D15_white,MDL,1042,25,127,11,1.0,0.086614,0.15942,5.5455,,,0.0932
"D=1.5, white",D15_white,MDL,1042,50,127,11,1.0,0.086614,0.15942,5.5455,,,0.0932
"D=1.5, white",D15_white,MDL,1042,100,127,11,1.0,0.086614,0.15942,5.5455,,,0.0932
"D=1.5, white",D15_white,MDL,1043,25,123,11,1.0,0.089431,0.164179,2.3636,,,0.1194
"D=1.5, white",D15_white,MDL,1043,50,123,11,1.0,0.089431,0.164179,2.3636,,,0.1194
"D=1.5, white",D15_white,MDL,1043,100,123,11,1.0,0.089431,0.164179,2.3636,,,0.1194
"D=1.5, white",D15_white,MDL,1044,25,101,11,0.909091,0.09901,0.178571,5.7,,,0.1082
"D=1.5, white",D15_white,MDL,1044,50,101,11,1.0,0.108911,0.196429,8.3636,,,0.1082
"D=1.5, white",D15_white,MDL,1044,100,101,11,1.0,0.108911,0.196429,8.3636,,,0.1082
"D=1.5, white",D15_white,MDL,1045,25,113,13,0.846154,0.097345,0.174603,2.4545,,,0.1053
"D=1.5, white",D15_white,MDL,1045,50,113,13,1.0,0.115044,0.206349,7.0,,,0.1053
"D=1.5, white",D15_white,MDL,1045,100,113,13,1.0,0.115044,0.206349,7.0,,,0.1053
"D=1.5, white",D15_white,MDL,1046,25,124,13,1.0,0.104839,0.189781,3.5385,,,0.1021
"D=1.5, white",D15_white,MDL,1046,50,124,13,1.0,0.104839,0.189781,3.5385,,,0.1021
"D=1.5, white",D15_white,MDL,1046,100,124,13,1.0,0.104839,0.189781,3.5385,,,0.1021
"D=1.5, white",D15_white,MDL,1047,25,111,12,0.916667,0.099099,0.178862,1.2727,,,0.0812
"D=1.5, white",D15_white,MDL,1047,50,111,12,1.0,0.108108,0.195122,3.6667,,,0.0812
"D=1.5, white",D15_white,MDL,1047,100,111,12,1.0,0.108108,0.195122,3.6667,,,0.0812
"D=1.5, white",D15_white,MDL,1048,25,134,10,1.0,0.074627,0.138889,4.6,,,0.0978
"D=1.5, white",D15_white,MDL,1048,50,134,10,1.0,0.074627,0.138889,4.6,,,0.0978
"D=1.5, white",D15_white,MDL,1048,100,134,10,1.0,0.074627,0.138889,4.6,,,0.0978
"D=1.5, white",D15_white,MDL,1049,25,123,11,0.818182,0.073171,0.134328,2.6667,,,0.1205
"D=1.5, white",D15_white,MDL,1049,50,123,11,1.0,0.089431,0.164179,8.3636,,,0.1205
"D=1.5, white",D15_white,MDL,1049,100,123,11,1.0,0.089431,0.164179,8.3636,,,0.1205
"D=0.5, white",D05_white,Nyblom,1000,25,5,1,1.0,0.2,0.333333,5.0,0.4726,0.3097,0.4005
"D=0.5, white",D05_white,Nyblom,1000,50,5,1,1.0,0.2,0.333333,5.0,0.4493,0.352,0.4005
"D=0.5, white",D05_white,Nyblom,1000,100,5,1,1.0,0.2,0.333333,5.0,0.43,0.42,0.4005
"D=0.5, white",D05_white,Nyblom,1001,25,1,0,0.0,0.0,0.0,9999.0,0.3708,0.0114,0.3249
"D=0.5, white",D05_white,Nyblom,1001,50,1,0,0.0,0.0,0.0,9999.0,0.2811,0.0179,0.3249
"D=0.5, white",D05_white,Nyblom,1001,100,1,0,0.0,0.0,0.0,9999.0,0.2678,0.0338,0.3249
"D=0.5, white",D05_white,Nyblom,1002,25,1,0,0.0,0.0,0.0,9999.0,0.5721,0.0181,0.2815
"D=0.5, white",D05_white,Nyblom,1002,50,1,0,0.0,0.0,0.0,9999.0,0.4428,0.0238,0.2815
"D=0.5, white",D05_white,Nyblom,1002,100,1,0,0.0,0.0,0.0,9999.0,0.2764,0.0341,0.2815
"D=0.5, white",D05_white,Nyblom,1003,25,3,0,0.0,0.0,0.0,9999.0,0.6519,0.0627,0.2629
"D=0.5, white",D05_white,Nyblom,1003,50,3,0,0.0,0.0,0.0,9999.0,0.6615,0.1107,0.2629
"D=0.5, white",D05_white,Nyblom,1003,100,3,0,0.0,0.0,0.0,9999.0,0.6818,0.1957,0.2629
"D=0.5, white",D05_white,Nyblom,1004,25,3,1,1.0,0.333333,0.5,1.0,0.7064,0.3454,0.3163
"D=0.5, white",D05_white,Nyblom,1004,50,3,1,1.0,0.333333,0.5,1.0,0.6996,0.4612,0.3163
"D=0.5, white",D05_white,Nyblom,1004,100,3,1,1.0,0.333333,0.5,1.0,0.7248,0.5796,0.3163
"D=0.5, white",D05_white,Nyblom,1005,25,3,1,1.0,0.333333,0.5,1.0,0.6365,0.6438,0.3083
"D=0.5, white",D05_white,Nyblom,1005,50,3,1,1.0,0.333333,0.5,1.0,0.6552,0.6718,0.3083
"D=0.5, white",D05_white,Nyblom,1005,100,3,1,1.0,0.333333,0.5,1.0,0.6699,0.7039,0.3083
"D=0.5, white",D05_white,Nyblom,1006,25,1,0,0.0,0.0,0.0,9999.0,0.6336,0.0246,0.356
"D=0.5, white",D05_white,Nyblom,1006,50,1,0,0.0,0.0,0.0,9999.0,0.4327,0.026,0.356
"D=0.5, white",D05_white,Nyblom,1006,100,1,0,0.0,0.0,0.0,9999.0,0.3007,0.0367,0.356
"D=0.5, white",D05_white,Nyblom,1007,25,1,0,0.0,0.0,0.0,9999.0,0.5921,0.0177,0.3529
"D=0.5, white",D05_white,Nyblom,1007,50,1,0,0.0,0.0,0.0,9999.0,0.6961,0.0436,0.3529
"D=0.5, white",D05_white,Nyblom,1007,100,1,0,0.0,0.0,0.0,9999.0,0.5256,0.0519,0.3529
"D=0.5, white",D05_white,Nyblom,1008,25,3,1,1.0,0.333333,0.5,1.0,0.6213,0.6272,0.3884
"D=0.5, white",D05_white,Nyblom,1008,50,3,1,1.0,0.333333,0.5,1.0,0.649,0.6589,0.3884
"D=0.5, white",D05_white,Nyblom,1008,100,3,1,1.0,0.333333,0.5,1.0,0.6717,0.6925,0.3884
"D=0.5, white",D05_white,Nyblom,1009,25,3,1,1.0,0.333333,0.5,1.0,0.7104,0.3305,0.3134
"D=0.5, white",D05_white,Nyblom,1009,50,3,1,1.0,0.333333,0.5,1.0,0.7815,0.5076,0.3134
"D=0.5, white",D05_white,Nyblom,1009,100,3,1,1.0,0.333333,0.5,1.0,0.8578,0.7506,0.3134
"D=0.5, white",D05_white,Nyblom,1010,25,3,1,1.0,0.333333,0.5,2.0,0.6486,0.6492,0.3156
"D=0.5, white",D05_white,Nyblom,1010,50,3,1,1.0,0.333333,0.5,2.0,0.6599,0.6708,0.3156
"D=0.5, white",D05_white,Nyblom,1010,100,3,1,1.0,0.333333,0.5,2.0,0.6692,0.7017,0.3156
"D=0.5, white",D05_white,Nyblom,1011,25,3,1,1.0,0.333333,0.5,3.0,0.6016,0.4564,0.3619
"D=0.5, white",D05_white,Nyblom,1011,50,3,1,1.0,0.333333,0.5,3.0,0.6173,0.5043,0.3619
"D=0.5, white",D05_white,Nyblom,1011,100,3,1,1.0,0.333333,0.5,3.0,0.6081,0.5429,0.3619
"D=0.5, white",D05_white,Nyblom,1012,25,1,0,0.0,0.0,0.0,9999.0,0.6505,0.0228,0.3326
"D=0.5, white",D05_white,Nyblom,1012,50,1,0,0.0,0.0,0.0,9999.0,0.6784,0.0428,0.3326
"D=0.5, white",D05_white,Nyblom,1012,100,1,0,0.0,0.0,0.0,9999.0,0.7712,0.1039,0.3326
"D=0.5, white",D05_white,Nyblom,1013,25,3,0,0.0,0.0,0.0,9999.0,0.7412,0.1371,0.327
"D=0.5, white",D05_white,Nyblom,1013,50,3,0,0.0,0.0,0.0,9999.0,0.8071,0.4015,0.327
"D=0.5, white",D05_white,Nyblom,1013,100,3,0,0.0,0.0,0.0,9999.0,0.8913,0.6032,0.327
"D=0.5, white",D05_white,Nyblom,1014,25,3,1,1.0,0.333333,0.5,1.0,0.6326,0.4854,0.4089
"D=0.5, white",D05_white,Nyblom,1014,50,3,1,1.0,0.333333,0.5,1.0,0.6658,0.4956,0.4089
"D=0.5, white",D05_white,Nyblom,1014,100,3,1,1.0,0.333333,0.5,1.0,0.7103,0.5621,0.4089
"D=0.5, white",D05_white,Nyblom,1015,25,1,0,0.0,0.0,0.0,9999.0,0.6496,0.0231,0.2892
"D=0.5, white",D05_white,Nyblom,1015,50,1,0,0.0,0.0,0.0,9999.0,0.7038,0.0453,0.2892
"D=0.5, white",D05_white,Nyblom,1015,100,1,0,0.0,0.0,0.0,9999.0,0.7527,0.096,0.2892
"D=0.5, white",D05_white,Nyblom,1016,25,3,1,1.0,0.333333,0.5,3.0,0.6683,0.4179,0.2898
"D=0.5, white",D05_white,Nyblom,1016,50,3,1,1.0,0.333333,0.5,3.0,0.6818,0.4747,0.2898
"D=0.5, white",D05_white,Nyblom,1016,100,3,1,1.0,0.333333,0.5,3.0,0.7548,0.6217,0.2898
"D=0.5, white",D05_white,Nyblom,1017,25,1,0,0.0,0.0,0.0,9999.0,0.1113,0.0084,0.2852
"D=0.5, white",D05_white,Nyblom,1017,50,1,0,0.0,0.0,0.0,9999.0,0.0683,0.0146,0.2852
"D=0.5, white",D05_white,Nyblom,1017,100,1,0,0.0,0.0,0.0,9999.0,0.0859,0.0284,0.2852
"D=0.5, white",D05_white,Nyblom,1018,25,1,1,0.0,0.0,0.0,9999.0,0.3489,0.0119,0.3223
"D=0.5, white",D05_white,Nyblom,1018,50,1,1,0.0,0.0,0.0,9999.0,0.3691,0.022,0.3223
"D=0.5, white",D05_white,Nyblom,1018,100,1,1,0.0,0.0,0.0,9999.0,0.4099,0.0426,0.3223
"D=0.5, white",D05_white,Nyblom,1019,25,1,1,0.0,0.0,0.0,9999.0,0.3292,0.0112,0.3211
"D=0.5, white",D05_white,Nyblom,1019,50,1,1,0.0,0.0,0.0,9999.0,0.3513,0.0207,0.3211
"D=0.5, white",D05_white,Nyblom,1019,100,1,1,0.0,0.0,0.0,9999.0,0.368,0.0406,0.3211
"D=0.5, white",D05_white,Nyblom,1020,25,1,0,0.0,0.0,0.0,9999.0,0.4139,0.0133,0.3088
"D=0.5, white",D05_white,Nyblom,1020,50,1,0,0.0,0.0,0.0,9999.0,0.424,0.0238,0.3088
"D=0.5, white",D05_white,Nyblom,1020,100,1,0,0.0,0.0,0.0,9999.0,0.3856,0.0417,0.3088
"D=0.5, white",D05_white,Nyblom,1021,25,1,1,0.0,0.0,0.0,9999.0,0.1778,0.0091,0.541
"D=0.5, white",D05_white,Nyblom,1021,50,1,1,0.0,0.0,0.0,9999.0,0.1599,0.0163,0.541
"D=0.5, white",D05_white,Nyblom,1021,100,1,1,0.0,0.0,0.0,9999.0,0.1626,0.0312,0.541
"D=0.5, white",D05_white,Nyblom,1022,25,3,1,1.0,0.333333,0.5,2.0,0.6817,0.6543,0.3184
"D=0.5, white",D05_white,Nyblom,1022,50,3,1,1.0,0.333333,0.5,2.0,0.6765,0.6727,0.3184
"D=0.5, white",D05_white,Nyblom,1022,100,3,1,1.0,0.333333,0.5,2.0,0.6756,0.6971,0.3184
"D=0.5, white",D05_white,Nyblom,1023,25,3,1,1.0,0.333333,0.5,1.0,0.6439,0.6328,0.564
"D=0.5, white",D05_white,Nyblom,1023,50,3,1,1.0,0.333333,0.5,1.0,0.66,0.6475,0.564
"D=0.5, white",D05_white,Nyblom,1023,100,3,1,1.0,0.333333,0.5,1.0,0.6754,0.6758,0.564
"D=0.5, white",D05_white,Nyblom,1024,25,5,1,1.0,0.2,0.333333,3.0,0.4179,0.3013,0.335
"D=0.5, white",D05_white,Nyblom,1024,50,5,1,1.0,0.2,0.333333,3.0,0.4085,0.3401,0.335
"D=0.5, white",D05_white,Nyblom,1024,100,5,1,1.0,0.2,0.333333,3.0,0.3878,0.4063,0.335
"D=0.5, white",D05_white,Nyblom,1025,25,1,0,0.0,0.0,0.0,9999.0,0.4387,0.0133,0.3375
"D=0.5, white",D05_white,Nyblom,1025,50,1,0,0.0,0.0,0.0,9999.0,0.3379,0.0198,0.3375
"D=0.5, white",D05_white,Nyblom,1025,100,1,0,0.0,0.0,0.0,9999.0,0.279,0.0345,0.3375
"D=0.5, white",D05_white,Nyblom,1026,25,1,0,0.0,0.0,0.0,9999.0,0.676,0.0258,0.3006
"D=0.5, white",D05_white,Nyblom,1026,50,1,0,0.0,0.0,0.0,9999.0,0.5844,0.0332,0.3006
"D=0.5, white",D05_white,Nyblom,1026,100,1,0,0.0,0.0,0.0,9999.0,0.5814,0.0592,0.3006
"D=0.5, white",D05_white,Nyblom,1027,25,3,0,0.0,0.0,0.0,9999.0,0.8077,0.3372,0.4603
"D=0.5, white",D05_white,Nyblom,1027,50,3,0,0.0,0.0,0.0,9999.0,0.8199,0.4412,0.4603
"D=0.5, white",D05_white,Nyblom,1027,100,3,0,0.0,0.0,0.0,9999.0,0.8705,0.5934,0.4603
"D=0.5, white",D05_white,Nyblom,1028,25,5,1,1.0,0.2,0.333333,1.0,0.6114,0.3081,0.5414
"D=0.5, white",D05_white,Nyblom,1028,50,5,1,1.0,0.2,0.333333,1.0,0.6043,0.363,0.5414
"D=0.5, white",D05_white,Nyblom,1028,100,5,1,1.0,0.2,0.333333,1.0,0.5983,0.4616,0.5414
"D=0.5, white",D05_white,Nyblom,1029,25,3,1,1.0,0.333333,0.5,2.0,0.6497,0.5127,0.4693
"D=0.5, white",D05_white,Nyblom,1029,50,3,1,1.0,0.333333,0.5,2.0,0.6758,0.5265,0.4693
"D=0.5, white",D05_white,Nyblom,1029,100,3,1,1.0,0.333333,0.5,2.0,0.6991,0.5563,0.4693
"D=0.5, white",D05_white,Nyblom,1030,25,3,1,1.0,0.333333,0.5,1.0,0.6979,0.4604,0.2814
"D=0.5, white",D05_white,Nyblom,1030,50,3,1,1.0,0.333333,0.5,1.0,0.7436,0.5529,0.2814
"D=0.5, white",D05_white,Nyblom,1030,100,3,1,1.0,0.333333,0.5,1.0,0.8223,0.7152,0.2814
"D=0.5, white",D05_white,Nyblom,1031,25,1,0,0.0,0.0,0.0,9999.0,0.3559,0.0113,0.2801
"D=0.5, white",D05_white,Nyblom,1031,50,1,0,0.0,0.0,0.0,9999.0,0.4716,0.0241,0.2801
"D=0.5, white",D05_white,Nyblom,1031,100,1,0,0.0,0.0,0.0,9999.0,0.4815,0.0469,0.2801
"D=0.5, white",D05_white,Nyblom,1032,25,1,0,0.0,0.0,0.0,9999.0,0.3497,0.0122,0.495
"D=0.5, white",D05_white,Nyblom,1032,50,1,0,0.0,0.0,0.0,9999.0,0.3164,0.0203,0.495
"D=0.5, white",D05_white,Nyblom,1032,100,1,0,0.0,0.0,0.0,9999.0,0.1953,0.0317,0.495
"D=0.5, white",D05_white,Nyblom,1033,25,1,0,0.0,0.0,0.0,9999.0,0.0776,0.0081,0.5427
"D=0.5, white",D05_white,Nyblom,1033,50,1,0,0.0,0.0,0.0,9999.0,0.0847,0.015,0.5427
"D=0.5, white",D05_white,Nyblom,1033,100,1,0,0.0,0.0,0.0,9999.0,0.1316,0.0297,0.5427
"D=0.5, white",D05_white,Nyblom,1034,25,1,0,0.0,0.0,0.0,9999.0,0.5835,0.0195,0.3582
"D=0.5, white",D05_white,Nyblom,1034,50,1,0,0.0,0.0,0.0,9999.0,0.6586,0.0387,0.3582
"D=0.5, white",D05_white,Nyblom,1034,100,1,0,0.0,0.0,0.0,9999.0,0.787,0.1264,0.3582
"D=0.5, white",D05_white,Nyblom,1035,25,3,0,0.0,0.0,0.0,9999.0,0.3747,0.0354,0.4943
"D=0.5, white",D05_white,Nyblom,1035,50,3,0,0.0,0.0,0.0,9999.0,0.3776,0.0643,0.4943
"D=0.5, white",D05_white,Nyblom,1035,100,3,0,0.0,0.0,0.0,9999.0,0.4985,0.2054,0.4943
"D=0.5, white",D05_white,Nyblom,1036,25,3,1,1.0,0.333333,0.5,3.0,0.6415,0.4784,0.3287
"D=0.5, white",D05_white,Nyblom,1036,50,3,1,1.0,0.333333,0.5,3.0,0.6377,0.5105,0.3287
"D=0.5, white",D05_white,Nyblom,1036,100,3,1,1.0,0.333333,0.5,3.0,0.6181,0.5451,0.3287
"D=0.5, white",D05_white,Nyblom,1037,25,3,1,1.0,0.333333,0.5,2.0,0.6398,0.4747,0.371
"D=0.5, white",D05_white,Nyblom,1037,50,3,1,1.0,0.333333,0.5,2.0,0.6322,0.497,0.371
"D=0.5, white",D05_white,Nyblom,1037,100,3,1,1.0,0.333333,0.5,2.0,0.6077,0.5281,0.371
"D=0.5, white",D05_white,Nyblom,1038,25,1,0,0.0,0.0,0.0,9999.0,0.4176,0.0121,0.3198
"D=0.5, white",D05_white,Nyblom,1038,50,1,0,0.0,0.0,0.0,9999.0,0.4141,0.0219,0.3198
"D=0.5, white",D05_white,Nyblom,1038,100,1,0,0.0,0.0,0.0,9999.0,0.544,0.0574,0.3198
"D=0.5, white",D05_white,Nyblom,1039,25,1,0,0.0,0.0,0.0,9999.0,0.1417,0.0088,0.3717
"D=0.5, white",D05_white,Nyblom,1039,50,1,0,0.0,0.0,0.0,9999.0,0.2094,0.0171,0.3717
"D=0.5, white",D05_white,Nyblom,1039,100,1,0,0.0,0.0,0.0,9999.0,0.313,0.0366,0.3717
"D=0.5, white",D05_white,Nyblom,1040,25,1,0,0.0,0.0,0.0,9999.0,0.4583,0.014,0.4133
"D=0.5, white",D05_white,Nyblom,1040,50,1,0,0.0,0.0,0.0,9999.0,0.4309,0.0234,0.4133
"D=0.5, white",D05_white,Nyblom,1040,100,1,0,0.0,0.0,0.0,9999.0,0.3951,0.0411,0.4133
"D=0.5, white",D05_white,Nyblom,1041,25,1,1,0.0,0.0,0.0,9999.0,0.3922,0.0154,0.2977
"D=0.5, white",D05_white,Nyblom,1041,50,1,1,0.0,0.0,0.0,9999.0,0.4036,0.026,0.2977
"D=0.5, white",D05_white,Nyblom,1041,100,1,1,0.0,0.0,0.0,9999.0,0.5222,0.0542,0.2977
"D=0.5, white",D05_white,Nyblom,1042,25,1,0,0.0,0.0,0.0,9999.0,0.2016,0.0098,0.299
"D=0.5, white",D05_white,Nyblom,1042,50,1,0,0.0,0.0,0.0,9999.0,0.3376,0.0196,0.299
"D=0.5, white",D05_white,Nyblom,1042,100,1,0,0.0,0.0,0.0,9999.0,0.4342,0.0428,0.299
"D=0.5, white",D05_white,Nyblom,1043,25,3,1,1.0,0.333333,0.5,22.0,0.4835,0.1537,0.285
"D=0.5, white",D05_white,Nyblom,1043,50,3,1,1.0,0.333333,0.5,22.0,0.4422,0.2955,0.285
"D=0.5, white",D05_white,Nyblom,1043,100,3,1,1.0,0.333333,0.5,22.0,0.461,0.4588,0.285
"D=0.5, white",D05_white,Nyblom,1044,25,3,1,1.0,0.333333,0.5,1.0,0.6345,0.6423,0.4369
"D=0.5, white",D05_white,Nyblom,1044,50,3,1,1.0,0.333333,0.5,1.0,0.6525,0.6679,0.4369
"D=0.5, white",D05_white,Nyblom,1044,100,3,1,1.0,0.333333,0.5,1.0,0.6665,0.7013,0.4369
"D=0.5, white",D05_white,Nyblom,1045,25,1,0,0.0,0.0,0.0,9999.0,0.7558,0.0288,0.4798
"D=0.5, white",D05_white,Nyblom,1045,50,1,0,0.0,0.0,0.0,9999.0,0.7973,0.0617,0.4798
"D=0.5, white",D05_white,Nyblom,1045,100,1,0,0.0,0.0,0.0,9999.0,0.7831,0.1057,0.4798
"D=0.5, white",D05_white,Nyblom,1046,25,1,1,0.0,0.0,0.0,9999.0,0.2765,0.0118,0.5106
"D=0.5, white",D05_white,Nyblom,1046,50,1,1,0.0,0.0,0.0,9999.0,0.2619,0.0199,0.5106
"D=0.5, white",D05_white,Nyblom,1046,100,1,1,0.0,0.0,0.0,9999.0,0.2949,0.0374,0.5106
"D=0.5, white",D05_white,Nyblom,1047,25,3,1,1.0,0.333333,0.5,6.0,0.6733,0.4478,0.3036
"D=0.5, white",D05_white,Nyblom,1047,50,3,1,1.0,0.333333,0.5,6.0,0.7585,0.6232,0.3036
"D=0.5, white",D05_white,Nyblom,1047,100,3,1,1.0,0.333333,0.5,6.0,0.842,0.7565,0.3036
"D=0.5, white",D05_white,Nyblom,1048,25,7,1,1.0,0.142857,0.25,1.0,0.5656,0.2883,0.3007
"D=0.5, white",D05_white,Nyblom,1048,50,7,1,1.0,0.142857,0.25,1.0,0.6002,0.3764,0.3007
"D=0.5, white",D05_white,Nyblom,1048,100,7,1,1.0,0.142857,0.25,1.0,0.6711,0.5183,0.3007
"D=0.5, white",D05_white,Nyblom,1049,25,3,1,0.0,0.0,0.0,9999.0,0.3162,0.0244,0.3171
"D=0.5, white",D05_white,Nyblom,1049,50,3,1,0.0,0.0,0.0,9999.0,0.2959,0.04,0.3171
"D=0.5, white",D05_white,Nyblom,1049,100,3,1,0.0,0.0,0.0,9999.0,0.2504,0.069,0.3171
"D=1, white",D10_white,Nyblom,1000,25,39,1,1.0,0.025641,0.05,0.0,0.5195,0.5742,0.3455
"D=1, white",D10_white,Nyblom,1000,50,39,1,1.0,0.025641,0.05,0.0,0.3995,0.7741,0.3455
"D=1, white",D10_white,Nyblom,1000,100,39,1,1.0,0.025641,0.05,0.0,0.2595,0.9748,0.3455
"D=1, white",D10_white,Nyblom,1001,25,35,1,1.0,0.028571,0.055556,1.0,0.6238,0.597,0.3846
"D=1, white",D10_white,Nyblom,1001,50,35,1,1.0,0.028571,0.055556,1.0,0.6263,0.833,0.3846
"D=1, white",D10_white,Nyblom,1001,100,35,1,1.0,0.028571,0.055556,1.0,0.5937,0.9651,0.3846
"D=1, white",D10_white,Nyblom,1002,25,43,1,1.0,0.023256,0.045455,0.0,0.6274,0.649,0.4909
"D=1, white",D10_white,Nyblom,1002,50,43,1,1.0,0.023256,0.045455,0.0,0.6691,0.8553,0.4909
"D=1, white",D10_white,Nyblom,1002,100,43,1,1.0,0.023256,0.045455,0.0,0.6491,0.9797,0.4909
"D=1, white",D10_white,Nyblom,1003,25,43,1,1.0,0.023256,0.045455,13.0,0.3156,0.4109,0.327
"D=1, white",D10_white,Nyblom,1003,50,43,1,1.0,0.023256,0.045455,13.0,0.2253,0.5807,0.327
"D=1, white",D10_white,Nyblom,1003,100,43,1,1.0,0.023256,0.045455,13.0,0.1606,0.7934,0.327
"D=1, white",D10_white,Nyblom,1004,25,45,1,1.0,0.022222,0.043478,1.0,0.5508,0.5501,0.499
"D=1, white",D10_white,Nyblom,1004,50,45,1,1.0,0.022222,0.043478,1.0,0.5484,0.7634,0.499
"D=1, white",D10_white,Nyblom,1004,100,45,1,1.0,0.022222,0.043478,1.0,0.5139,0.9141,0.499
"D=1, white",D10_white,Nyblom,1005,25,37,1,1.0,0.027027,0.052632,3.0,0.5015,0.497,0.3297
"D=1, white",D10_white,Nyblom,1005,50,37,1,1.0,0.027027,0.052632,3.0,0.5267,0.7866,0.3297
"D=1, white",D10_white,Nyblom,1005,100,37,1,1.0,0.027027,0.052632,3.0,0.5529,0.9435,0.3297
"D=1, white",D10_white,Nyblom,1006,25,39,1,1.0,0.025641,0.05,1.0,0.5187,0.4731,0.3307
"D=1, white",D10_white,Nyblom,1006,50,39,1,1.0,0.025641,0.05,1.0,0.4939,0.6669,0.3307
"D=1, white",D10_white,Nyblom,1006,100,39,1,1.0,0.025641,0.05,1.0,0.165,0.867,0.3307
"D=1, white",D10_white,Nyblom,1007,25,21,1,1.0,0.047619,0.090909,3.0,0.3864,0.2802,0.3337
"D=1, white",D10_white,Nyblom,1007,50,21,1,1.0,0.047619,0.090909,3.0,0.3887,0.4308,0.3337
"D=1, white",D10_white,Nyblom,1007,100,21,1,1.0,0.047619,0.090909,3.0,0.3805,0.6276,0.3337
"D=1, white",D10_white,Nyblom,1008,25,57,1,1.0,0.017544,0.034483,6.0,0.5934,0.6992,0.4515
"D=1, white",D10_white,Nyblom,1008,50,57,1,1.0,0.017544,0.034483,6.0,0.7221,0.9362,0.4515
"D=1, white",D10_white,Nyblom,1008,100,57,1,1.0,0.017544,0.034483,6.0,0.7986,0.9953,0.4515
"D=1, white",D10_white,Nyblom,1009,25,45,1,1.0,0.022222,0.043478,1.0,0.3953,0.4631,0.3072
"D=1, white",D10_white,Nyblom,1009,50,45,1,1.0,0.022222,0.043478,1.0,0.4318,0.7098,0.3072
"D=1, white",D10_white,Nyblom,1009,100,45,1,1.0,0.022222,0.043478,1.0,0.6301,0.9839,0.3072
"D=1, white",D10_white,Nyblom,1010,25,37,1,1.0,0.027027,0.052632,0.0,0.4003,0.4126,0.3185
"D=1, white",D10_white,Nyblom,1010,50,37,1,1.0,0.027027,0.052632,0.0,0.3308,0.5641,0.3185
"D=1, white",D10_white,Nyblom,1010,100,37,1,1.0,0.027027,0.052632,0.0,0.3528,0.7687,0.3185
"D=1, white",D10_white,Nyblom,1011,25,43,1,1.0,0.023256,0.045455,0.0,0.6431,0.6739,0.3597
"D=1, white",D10_white,Nyblom,1011,50,43,1,1.0,0.023256,0.045455,0.0,0.6655,0.8513,0.3597
"D=1, white",D10_white,Nyblom,1011,100,43,1,1.0,0.023256,0.045455,0.0,0.7041,0.9563,0.3597
"D=1, white",D10_white,Nyblom,1012,25,41,1,1.0,0.02439,0.047619,1.0,0.5765,0.5304,0.4332
"D=1, white",D10_white,Nyblom,1012,50,41,1,1.0,0.02439,0.047619,1.0,0.6951,0.7979,0.4332
"D=1, white",D10_white,Nyblom,1012,100,41,1,1.0,0.02439,0.047619,1.0,0.8703,0.9747,0.4332
"D=1, white",D10_white,Nyblom,1013,25,49,1,1.0,0.020408,0.04,1.0,0.5229,0.5334,0.5503
"D=1, white",D10_white,Nyblom,1013,50,49,1,1.0,0.020408,0.04,1.0,0.6303,0.7735,0.5503
"D=1, white",D10_white,Nyblom,1013,100,49,1,1.0,0.020408,0.04,1.0,0.8455,0.9744,0.5503
"D=1, white",D10_white,Nyblom,1014,25,35,1,1.0,0.028571,0.055556,1.0,0.531,0.4801,0.3099
"D=1, white",D10_white,Nyblom,1014,50,35,1,1.0,0.028571,0.055556,1.0,0.5187,0.6948,0.3099
"D=1, white",D10_white,Nyblom,1014,100,35,1,1.0,0.028571,0.055556,1.0,0.6339,0.9494,0.3099
"D=1, white",D10_white,Nyblom,1015,25,47,1,1.0,0.021277,0.041667,6.0,0.5043,0.5205,0.4127
"D=1, white",D10_white,Nyblom,1015,50,47,1,1.0,0.021277,0.041667,6.0,0.516,0.811,0.4127
"D=1, white",D10_white,Nyblom,1015,100,47,1,1.0,0.021277,0.041667,6.0,0.3362,0.9984,0.4127
"D=1, white",D10_white,Nyblom,1016,25,33,1,1.0,0.030303,0.058824,2.0,0.4378,0.4024,0.3299
"D=1, white",D10_white,Nyblom,1016,50,33,1,1.0,0.030303,0.058824,2.0,0.4833,0.6371,0.3299
"D=1, white",D10_white,Nyblom,1016,100,33,1,1.0,0.030303,0.058824,2.0,0.5346,0.8164,0.3299
"D=1, white",D10_white,Nyblom,1017,25,43,1,1.0,0.023256,0.045455,2.0,0.4492,0.4984,0.3476
"D=1, white",D10_white,Nyblom,1017,50,43,1,1.0,0.023256,0.045455,2.0,0.481,0.736,0.3476
"D=1, white",D10_white,Nyblom,1017,100,43,1,1.0,0.023256,0.045455,2.0,0.6021,0.9311,0.3476
"D=1, white",D10_white,Nyblom,1018,25,49,1,1.0,0.020408,0.04,1.0,0.5458,0.5702,0.3824
"D=1, white",D10_white,Nyblom,1018,50,49,1,1.0,0.020408,0.04,1.0,0.5879,0.8338,0.3824
"D=1, white",D10_white,Nyblom,1018,100,49,1,1.0,0.020408,0.04,1.0,0.9037,0.9954,0.3824
"D=1, white",D10_white,Nyblom,1019,25,47,1,1.0,0.021277,0.041667,1.0,0.5805,0.6074,0.3515
"D=1, white",D10_white,Nyblom,1019,50,47,1,1.0,0.021277,0.041667,1.0,0.5922,0.7983,0.3515
"D=1, white",D10_white,Nyblom,1019,100,47,1,1.0,0.021277,0.041667,1.0,0.5483,0.9644,0.3515
"D=1, white",D10_white,Nyblom,1020,25,41,1,1.0,0.02439,0.047619,0.0,0.4796,0.4819,0.364
"D=1, white",D10_white,Nyblom,1020,50,41,1,1.0,0.02439,0.047619,0.0,0.4738,0.7132,0.364
"D=1, white",D10_white,Nyblom,1020,100,41,1,1.0,0.02439,0.047619,0.0,0.3685,0.9466,0.364
"D=1, white",D10_white,Nyblom,1021,25,37,1,1.0,0.027027,0.052632,1.0,0.3385,0.4339,0.3128
"D=1, white",D10_white,Nyblom,1021,50,37,1,1.0,0.027027,0.052632,1.0,0.3068,0.6692,0.3128
"D=1, white",D10_white,Nyblom,1021,100,37,1,1.0,0.027027,0.052632,1.0,0.2126,0.8873,0.3128
"D=1, white",D10_white,Nyblom,1022,25,40,1,1.0,0.025,0.04878,1.0,0.5535,0.5631,0.3248
"D=1, white",D10_white,Nyblom,1022,50,40,1,1.0,0.025,0.04878,1.0,0.5895,0.8405,0.3248
"D=1, white",D10_white,Nyblom,1022,100,40,1,1.0,0.025,0.04878,1.0,0.6763,0.968,0.3248
"D=1, white",D10_white,Nyblom,1023,25,37,1,1.0,0.027027,0.052632,3.0,0.5163,0.4446,0.4714
"D=1, white",D10_white,Nyblom,1023,50,37,1,1.0,0.027027,0.052632,3.0,0.5206,0.7064,0.4714
"D=1, white",D10_white,Nyblom,1023,100,37,1,1.0,0.027027,0.052632,3.0,0.5132,0.9477,0.4714
"D=1, white",D10_white,Nyblom,1024,25,45,1,1.0,0.022222,0.043478,3.0,0.4921,0.5441,0.6832
"D=1, white",D10_white,Nyblom,1024,50,45,1,1.0,0.022222,0.043478,3.0,0.4786,0.7747,0.6832
"D=1, white",D10_white,Nyblom,1024,100,45,1,1.0,0.022222,0.043478,3.0,0.9889,0.9998,0.6832
"D=1, white",D10_white,Nyblom,1025,25,29,1,1.0,0.034483,0.066667,2.0,0.4769,0.4311,0.3433
"D=1, white",D10_white,Nyblom,1025,50,29,1,1.0,0.034483,0.066667,2.0,0.4562,0.6554,0.3433
"D=1, white",D10_white,Nyblom,1025,100,29,1,1.0,0.034483,0.066667,2.0,0.4387,0.8563,0.3433
"D=1, white",D10_white,Nyblom,1026,25,41,1,1.0,0.02439,0.047619,2.0,0.4401,0.49,0.3552
"D=1, white",D10_white,Nyblom,1026,50,41,1,1.0,0.02439,0.047619,2.0,0.4262,0.7077,0.3552
"D=1, white",D10_white,Nyblom,1026,100,41,1,1.0,0.02439,0.047619,2.0,0.4704,0.9153,0.3552
"D=1, white",D10_white,Nyblom,1027,25,27,1,1.0,0.037037,0.071429,2.0,0.5759,0.5132,0.3262
"D=1, white",D10_white,Nyblom,1027,50,27,1,1.0,0.037037,0.071429,2.0,0.5602,0.6739,0.3262
"D=1, white",D10_white,Nyblom,1027,100,27,1,1.0,0.037037,0.071429,2.0,0.4553,0.7998,0.3262
"D=1, white",D10_white,Nyblom,1028,25,45,1,1.0,0.022222,0.043478,4.0,0.5378,0.606,0.4383
"D=1, white",D10_white,Nyblom,1028,50,45,1,1.0,0.022222,0.043478,4.0,0.5269,0.8055,0.4383
"D=1, white",D10_white,Nyblom,1028,100,45,1,1.0,0.022222,0.043478,4.0,0.5594,0.9549,0.4383
"D=1, white",D10_white,Nyblom,1029,25,29,1,1.0,0.034483,0.066667,4.0,0.6537,0.6046,0.3122
"D=1, white",D10_white,Nyblom,1029,50,29,1,1.0,0.034483,0.066667,4.0,0.6683,0.7811,0.3122
"D=1, white",D10_white,Nyblom,1029,100,29,1,1.0,0.034483,0.066667,4.0,0.6795,0.9288,0.3122
"D=1, white",D10_white,Nyblom,1030,25,47,1,1.0,0.021277,0.041667,4.0,0.5319,0.6546,0.3353
"D=1, white",D10_white,Nyblom,1030,50,47,1,1.0,0.021277,0.041667,4.0,0.5613,0.8535,0.3353
"D=1, white",D10_white,Nyblom,1030,100,47,1,1.0,0.021277,0.041667,4.0,0.4865,0.977,0.3353
"D=1, white",D10_white,Nyblom,1031,25,45,1,1.0,0.022222,0.043478,1.0,0.415,0.5368,0.3707
"D=1, white",D10_white,Nyblom,1031,50,45,1,1.0,0.022222,0.043478,1.0,0.4262,0.7906,0.3707
"D=1, white",D10_white,Nyblom,1031,100,45,1,1.0,0.022222,0.043478,1.0,0.3405,0.9628,0.3707
"D=1, white",D10_white,Nyblom,1032,25,39,1,1.0,0.025641,0.05,1.0,0.6319,0.6087,0.5731
"D=1, white",D10_white,Nyblom,1032,50,39,1,1.0,0.025641,0.05,1.0,0.6923,0.8494,0.5731
"D=1, white",D10_white,Nyblom,1032,100,39,1,1.0,0.025641,0.05,1.0,0.6311,0.9432,0.5731
"D=1, white",D10_white,Nyblom,1033,25,39,1,1.0,0.025641,0.05,5.0,0.459,0.4627,0.4332
"D=1, white",D10_white,Nyblom,1033,50,39,1,1.0,0.025641,0.05,5.0,0.4474,0.7639,0.4332
"D=1, white",D10_white,Nyblom,1033,100,39,1,1.0,0.025641,0.05,5.0,0.2985,0.9716,0.4332
"D=1, white",D10_white,Nyblom,1034,25,47,1,1.0,0.021277,0.041667,2.0,0.574,0.6349,0.4184
"D=1, white",D10_white,Nyblom,1034,50,47,1,1.0,0.021277,0.041667,2.0,0.6051,0.8137,0.4184
"D=1, white",D10_white,Nyblom,1034,100,47,1,1.0,0.021277,0.041667,2.0,0.7307,0.9341,0.4184
"D=1, white",D10_white,Nyblom,1035,25,39,1,1.0,0.025641,0.05,1.0,0.5553,0.5559,0.3274
"D=1, white",D10_white,Nyblom,1035,50,39,1,1.0,0.025641,0.05,1.0,0.6626,0.8403,0.3274
"D=1, white",D10_white,Nyblom,1035,100,39,1,1.0,0.025641,0.05,1.0,0.7822,0.9719,0.3274
"D=1, white",D10_white,Nyblom,1036,25,33,1,1.0,0.030303,0.058824,2.0,0.5066,0.4563,0.4155
"D=1, white",D10_white,Nyblom,1036,50,33,1,1.0,0.030303,0.058824,2.0,0.4797,0.6278,0.4155
"D=1, white",D10_white,Nyblom,1036,100,33,1,1.0,0.030303,0.058824,2.0,0.5769,0.8584,0.4155
"D=1, white",D10_white,Nyblom,1037,25,43,1,1.0,0.023256,0.045455,2.0,0.5639,0.6192,0.929
"D=1, white",D10_white,Nyblom,1037,50,43,1,1.0,0.023256,0.045455,2.0,0.5177,0.8105,0.929
"D=1, white",D10_white,Nyblom,1037,100,43,1,1.0,0.023256,0.045455,2.0,0.2581,0.9317,0.929
"D=1, white",D10_white,Nyblom,1038,25,49,1,1.0,0.020408,0.04,3.0,0.5333,0.6253,0.778
"D=1, white",D10_white,Nyblom,1038,50,49,1,1.0,0.020408,0.04,3.0,0.6337,0.9049,0.778
"D=1, white",D10_white,Nyblom,1038,100,49,1,1.0,0.020408,0.04,3.0,0.5882,0.9926,0.778
"D=1, white",D10_white,Nyblom,1039,25,41,1,1.0,0.02439,0.047619,0.0,0.4616,0.4869,0.746
"D=1, white",D10_white,Nyblom,1039,50,41,1,1.0,0.02439,0.047619,0.0,0.3958,0.6571,0.746
"D=1, white",D10_white,Nyblom,1039,100,41,1,1.0,0.02439,0.047619,0.0,0.3027,0.7958,0.746
"D=1, white",D10_white,Nyblom,1040,25,39,1,1.0,0.025641,0.05,4.0,0.5342,0.4727,1.0146
"D=1, white",D10_white,Nyblom,1040,50,39,1,1.0,0.025641,0.05,4.0,0.5377,0.6742,1.0146
"D=1, white",D10_white,Nyblom,1040,100,39,1,1.0,0.025641,0.05,4.0,0.4864,0.8824,1.0146
"D=1, white",D10_white,Nyblom,1041,25,47,1,1.0,0.021277,0.041667,1.0,0.5354,0.6123,0.7844
"D=1, white",D10_white,Nyblom,1041,50,47,1,1.0,0.021277,0.041667,1.0,0.5262,0.8425,0.7844
"D=1, white",D10_white,Nyblom,1041,100,47,1,1.0,0.021277,0.041667,1.0,0.853,0.9946,0.7844
"D=1, white",D10_white,Nyblom,1042,25,43,1,1.0,0.023256,0.045455,1.0,0.5515,0.5667,0.6212
"D=1, white",D10_white,Nyblom,1042,50,43,1,1.0,0.023256,0.045455,1.0,0.5668,0.7557,0.6212
"D=1, white",D10_white,Nyblom,1042,100,43,1,1.0,0.023256,0.045455,1.0,0.5515,0.9169,0.6212
"D=1, white",D10_white,Nyblom,1043,25,39,1,1.0,0.025641,0.05,1.0,0.5591,0.5879,0.4182
"D=1, white",D10_white,Nyblom,1043,50,39,1,1.0,0.025641,0.05,1.0,0.5863,0.761,0.4182
"D=1, white",D10_white,Nyblom,1043,100,39,1,1.0,0.025641,0.05,1.0,0.6737,0.9408,0.4182
"D=1, white",D10_white,Nyblom,1044,25,36,1,1.0,0.027778,0.054054,7.0,0.6512,0.6423,0.3945
"D=1, white",D10_white,Nyblom,1044,50,36,1,1.0,0.027778,0.054054,7.0,0.6774,0.8551,0.3945
"D=1, white",D10_white,Nyblom,1044,100,36,1,1.0,0.027778,0.054054,7.0,0.5892,0.9694,0.3945
"D=1, white",D10_white,Nyblom,1045,25,51,1,1.0,0.019608,0.038462,2.0,0.6394,0.7322,0.2708
"D=1, white",D10_white,Nyblom,1045,50,51,1,1.0,0.019608,0.038462,2.0,0.7407,0.9198,0.2708
"D=1, white",D10_white,Nyblom,1045,100,51,1,1.0,0.019608,0.038462,2.0,0.9491,0.9955,0.2708
"D=1, white",D10_white,Nyblom,1046,25,55,1,1.0,0.018182,0.035714,3.0,0.6139,0.6985,0.276
"D=1, white",D10_white,Nyblom,1046,50,55,1,1.0,0.018182,0.035714,3.0,0.6782,0.8992,0.276
"D=1, white",D10_white,Nyblom,1046,100,55,1,1.0,0.018182,0.035714,3.0,0.8871,0.9917,0.276
"D=1, white",D10_white,Nyblom,1047,25,43,1,1.0,0.023256,0.045455,1.0,0.5772,0.5684,0.3495
"D=1, white",D10_white,Nyblom,1047,50,43,1,1.0,0.023256,0.045455,1.0,0.5685,0.754,0.3495
"D=1, white",D10_white,Nyblom,1047,100,43,1,1.0,0.023256,0.045455,1.0,0.7645,0.9687,0.3495
"D=1, white",D10_white,Nyblom,1048,25,51,1,1.0,0.019608,0.038462,3.0,0.5333,0.6448,0.3329
"D=1, white",D10_white,Nyblom,1048,50,51,1,1.0,0.019608,0.038462,3.0,0.5145,0.7465,0.3329
"D=1, white",D10_white,Nyblom,1048,100,51,1,1.0,0.019608,0.038462,3.0,0.4547,0.8485,0.3329
"D=1, white",D10_white,Nyblom,1049,25,33,1,1.0,0.030303,0.058824,3.0,0.437,0.3989,0.3322
"D=1, white",D10_white,Nyblom,1049,50,33,1,1.0,0.030303,0.058824,3.0,0.3982,0.5963,0.3322
"D=1, white",D10_white,Nyblom,1049,100,33,1,1.0,0.030303,0.058824,3.0,0.3314,0.8135,0.3322
"D=1, pink",D10_pink,Nyblom,1000,25,192,1,1.0,0.005208,0.010363,1.0,0.5318,0.8316,0.4559
"D=1, pink",D10_pink,Nyblom,1000,50,192,1,1.0,0.005208,0.010363,1.0,0.3956,0.9593,0.4559
"D=1, pink",D10_pink,Nyblom,1000,100,192,1,1.0,0.005208,0.010363,1.0,,,0.4559
"D=1, pink",D10_pink,Nyblom,1001,25,199,1,1.0,0.005025,0.01,1.0,0.5581,0.741,0.4749
"D=1, pink",D10_pink,Nyblom,1001,50,199,1,1.0,0.005025,0.01,1.0,0.5268,0.8934,0.4749
"D=1, pink",D10_pink,Nyblom,1001,100,199,1,1.0,0.005025,0.01,1.0,,,0.4749
"D=1, pink",D10_pink,Nyblom,1002,25,205,1,1.0,0.004878,0.009709,0.0,0.6073,0.903,0.4639
"D=1, pink",D10_pink,Nyblom,1002,50,205,1,1.0,0.004878,0.009709,0.0,0.6973,0.9797,0.4639
"D=1, pink",D10_pink,Nyblom,1002,100,205,1,1.0,0.004878,0.009709,0.0,,,0.4639
"D=1, pink",D10_pink,Nyblom,1003,25,186,1,1.0,0.005376,0.010695,0.0,0.4633,0.843,1.2401
"D=1, pink",D10_pink,Nyblom,1003,50,186,1,1.0,0.005376,0.010695,0.0,0.1842,0.9908,1.2401
"D=1, pink",D10_pink,Nyblom,1003,100,186,1,1.0,0.005376,0.010695,0.0,,,1.2401
"D=1, pink",D10_pink,Nyblom,1004,25,198,1,1.0,0.005051,0.01005,1.0,0.6377,0.8499,0.278
"D=1, pink",D10_pink,Nyblom,1004,50,198,1,1.0,0.005051,0.01005,1.0,0.512,0.9479,0.278
"D=1, pink",D10_pink,Nyblom,1004,100,198,1,1.0,0.005051,0.01005,1.0,,,0.278
"D=1, pink",D10_pink,Nyblom,1005,25,179,1,1.0,0.005587,0.011111,0.0,0.5164,0.8882,0.2333
"D=1, pink",D10_pink,Nyblom,1005,50,179,1,1.0,0.005587,0.011111,0.0,0.5305,0.9836,0.2333
"D=1, pink",D10_pink,Nyblom,1005,100,179,1,1.0,0.005587,0.011111,0.0,,,0.2333
"D=1, pink",D10_pink,Nyblom,1006,25,193,1,1.0,0.005181,0.010309,3.0,0.4594,0.8107,0.2122
"D=1, pink",D10_pink,Nyblom,1006,50,193,1,1.0,0.005181,0.010309,3.0,0.3803,0.9554,0.2122
"D=1, pink",D10_pink,Nyblom,1006,100,193,1,1.0,0.005181,0.010309,3.0,,,0.2122
"D=1, pink",D10_pink,Nyblom,1007,25,167,1,1.0,0.005988,0.011905,1.0,0.5125,0.8964,0.3624
"D=1, pink",D10_pink,Nyblom,1007,50,167,1,1.0,0.005988,0.011905,1.0,0.4393,0.9661,0.3624
"D=1, pink",D10_pink,Nyblom,1007,100,167,1,1.0,0.005988,0.011905,1.0,,,0.3624
"D=1, pink",D10_pink,Nyblom,1008,25,211,1,1.0,0.004739,0.009434,3.0,0.5701,0.8185,0.3706
"D=1, pink",D10_pink,Nyblom,1008,50,211,1,1.0,0.004739,0.009434,3.0,0.5604,0.9155,0.3706
"D=1, pink",D10_pink,Nyblom,1008,100,211,1,1.0,0.004739,0.009434,3.0,0.5123,0.9818,0.3706
"D=1, pink",D10_pink,Nyblom,1009,25,178,1,1.0,0.005618,0.011173,1.0,0.6575,0.9092,0.3799
"D=1, pink",D10_pink,Nyblom,1009,50,178,1,1.0,0.005618,0.011173,1.0,0.6835,0.9737,0.3799
"D=1, pink",D10_pink,Nyblom,1009,100,178,1,1.0,0.005618,0.011173,1.0,,,0.3799
"D=1, pink",D10_pink,Nyblom,1010,25,182,1,1.0,0.005495,0.010929,0.0,0.4308,0.7541,0.341
"D=1, pink",D10_pink,Nyblom,1010,50,182,1,1.0,0.005495,0.010929,0.0,0.2238,0.9235,0.341
"D=1, pink",D10_pink,Nyblom,1010,100,182,1,1.0,0.005495,0.010929,0.0,,,0.341
"D=1, pink",D10_pink,Nyblom,1011,25,176,1,1.0,0.005682,0.011299,0.0,0.4982,0.8004,0.4849
"D=1, pink",D10_pink,Nyblom,1011,50,176,1,1.0,0.005682,0.011299,0.0,0.3111,0.9409,0.4849
"D=1, pink",D10_pink,Nyblom,1011,100,176,1,1.0,0.005682,0.011299,0.0,,,0.4849
"D=1, pink",D10_pink,Nyblom,1012,25,207,1,1.0,0.004831,0.009615,0.0,0.4264,0.7833,0.4027
"D=1, pink",D10_pink,Nyblom,1012,50,207,1,1.0,0.004831,0.009615,0.0,0.3039,0.9433,0.4027
"D=1, pink",D10_pink,Nyblom,1012,100,207,1,1.0,0.004831,0.009615,0.0,,,0.4027
"D=1, pink",D10_pink,Nyblom,1013,25,172,1,1.0,0.005814,0.011561,14.0,0.4416,0.8189,0.3583
"D=1, pink",D10_pink,Nyblom,1013,50,172,1,1.0,0.005814,0.011561,14.0,0.3638,0.9604,0.3583
"D=1, pink",D10_pink,Nyblom,1013,100,172,1,1.0,0.005814,0.011561,14.0,,,0.3583
"D=1, pink",D10_pink,Nyblom,1014,25,184,1,1.0,0.005435,0.010811,1.0,0.5379,0.7338,0.3697
"D=1, pink",D10_pink,Nyblom,1014,50,184,1,1.0,0.005435,0.010811,1.0,0.5282,0.916,0.3697
"D=1, pink",D10_pink,Nyblom,1014,100,184,1,1.0,0.005435,0.010811,1.0,,,0.3697
"D=1, pink",D10_pink,Nyblom,1015,25,169,1,1.0,0.005917,0.011765,1.0,0.4865,0.8308,0.3825
"D=1, pink",D10_pink,Nyblom,1015,50,169,1,1.0,0.005917,0.011765,1.0,0.4429,0.948,0.3825
"D=1, pink",D10_pink,Nyblom,1015,100,169,1,1.0,0.005917,0.011765,1.0,,,0.3825
"D=1, pink",D10_pink,Nyblom,1016,25,181,1,1.0,0.005525,0.010989,0.0,0.6347,0.8971,0.3369
"D=1, pink",D10_pink,Nyblom,1016,50,181,1,1.0,0.005525,0.010989,0.0,0.6649,0.9812,0.3369
"D=1, pink",D10_pink,Nyblom,1016,100,181,1,1.0,0.005525,0.010989,0.0,,,0.3369
"D=1, pink",D10_pink,Nyblom,1017,25,175,1,1.0,0.005714,0.011364,0.0,0.7015,0.945,0.3131
"D=1, pink",D10_pink,Nyblom,1017,50,175,1,1.0,0.005714,0.011364,0.0,,,0.3131
"D=1, pink",D10_pink,Nyblom,1017,100,175,1,1.0,0.005714,0.011364,0.0,,,0.3131
"D=1, pink",D10_pink,Nyblom,1018,25,197,1,1.0,0.005076,0.010101,3.0,0.5637,0.8754,0.3331
"D=1, pink",D10_pink,Nyblom,1018,50,197,1,1.0,0.005076,0.010101,3.0,0.8845,0.9928,0.3331
"D=1, pink",D10_pink,Nyblom,1018,100,197,1,1.0,0.005076,0.010101,3.0,0.912,0.9969,0.3331
"D=1, pink",D10_pink,Nyblom,1019,25,188,1,1.0,0.005319,0.010582,0.0,0.5815,0.8973,0.303
"D=1, pink",D10_pink,Nyblom,1019,50,188,1,1.0,0.005319,0.010582,0.0,0.7953,0.9883,0.303
"D=1, pink",D10_pink,Nyblom,1019,100,188,1,1.0,0.005319,0.010582,0.0,0.9979,1.0,0.303
"D=1, pink",D10_pink,Nyblom,1020,25,177,1,1.0,0.00565,0.011236,1.0,0.4999,0.8234,0.3206
"D=1, pink",D10_pink,Nyblom,1020,50,177,1,1.0,0.00565,0.011236,1.0,0.4387,0.96,0.3206
"D=1, pink",D10_pink,Nyblom,1020,100,177,1,1.0,0.00565,0.011236,1.0,,,0.3206
"D=1, pink",D10_pink,Nyblom,1021,25,208,1,1.0,0.004808,0.009569,0.0,0.6023,0.849,0.5091
"D=1, pink",D10_pink,Nyblom,1021,50,208,1,1.0,0.004808,0.009569,0.0,0.5762,0.9486,0.5091
"D=1, pink",D10_pink,Nyblom,1021,100,208,1,1.0,0.004808,0.009569,0.0,,,0.5091
"D=1, pink",D10_pink,Nyblom,1022,25,179,1,1.0,0.005587,0.011111,0.0,0.6254,0.8502,0.4003
"D=1, pink",D10_pink,Nyblom,1022,50,179,1,1.0,0.005587,0.011111,0.0,0.8062,0.9881,0.4003
"D=1, pink",D10_pink,Nyblom,1022,100,179,1,1.0,0.005587,0.011111,0.0,,,0.4003
"D=1, pink",D10_pink,Nyblom,1023,25,185,1,1.0,0.005405,0.010753,1.0,0.4868,0.8022,0.3853
"D=1, pink",D10_pink,Nyblom,1023,50,185,1,1.0,0.005405,0.010753,1.0,0.3899,0.9242,0.3853
"D=1, pink",D10_pink,Nyblom,1023,100,185,1,1.0,0.005405,0.010753,1.0,,,0.3853
"D=1, pink",D10_pink,Nyblom,1024,25,192,1,1.0,0.005208,0.010363,0.0,0.4294,0.8003,0.4105
"D=1, pink",D10_pink,Nyblom,1024,50,192,1,1.0,0.005208,0.010363,0.0,0.1883,0.8905,0.4105
"D=1, pink",D10_pink,Nyblom,1024,100,192,1,1.0,0.005208,0.010363,0.0,0.1715,0.9768,0.4105
"D=1, pink",D10_pink,Nyblom,1025,25,186,1,1.0,0.005376,0.010695,1.0,0.4434,0.8145,0.3241
"D=1, pink",D10_pink,Nyblom,1025,50,186,1,1.0,0.005376,0.010695,1.0,0.3633,0.9306,0.3241
"D=1, pink",D10_pink,Nyblom,1025,100,186,1,1.0,0.005376,0.010695,1.0,,,0.3241
"D=1, pink",D10_pink,Nyblom,1026,25,199,1,1.0,0.005025,0.01,0.0,0.4547,0.7874,0.3134
"D=1, pink",D10_pink,Nyblom,1026,50,199,1,1.0,0.005025,0.01,0.0,0.3998,0.9049,0.3134
"D=1, pink",D10_pink,Nyblom,1026,100,199,1,1.0,0.005025,0.01,0.0,0.2883,0.9895,0.3134
"D=1, pink",D10_pink,Nyblom,1027,25,207,1,1.0,0.004831,0.009615,0.0,0.5172,0.8927,0.3194
"D=1, pink",D10_pink,Nyblom,1027,50,207,1,1.0,0.004831,0.009615,0.0,0.6814,0.9898,0.3194
"D=1, pink",D10_pink,Nyblom,1027,100,207,1,1.0,0.004831,0.009615,0.0,,,0.3194
"D=1, pink",D10_pink,Nyblom,1028,25,225,1,1.0,0.004444,0.00885,1.0,0.6335,0.8221,0.436
"D=1, pink",D10_pink,Nyblom,1028,50,225,1,1.0,0.004444,0.00885,1.0,0.6684,0.9025,0.436
"D=1, pink",D10_pink,Nyblom,1028,100,225,1,1.0,0.004444,0.00885,1.0,0.9371,0.997,0.436
"D=1, pink",D10_pink,Nyblom,1029,25,187,1,1.0,0.005348,0.010638,1.0,0.4555,0.8731,0.3115
"D=1, pink",D10_pink,Nyblom,1029,50,187,1,1.0,0.005348,0.010638,1.0,0.2601,0.9893,0.3115
"D=1, pink",D10_pink,Nyblom,1029,100,187,1,1.0,0.005348,0.010638,1.0,,,0.3115
"D=1, pink",D10_pink,Nyblom,1030,25,194,1,1.0,0.005155,0.010256,0.0,0.4057,0.807,0.3123
"D=1, pink",D10_pink,Nyblom,1030,50,194,1,1.0,0.005155,0.010256,0.0,0.0349,0.9886,0.3123
"D=1, pink",D10_pink,Nyblom,1030,100,194,1,1.0,0.005155,0.010256,0.0,,,0.3123
"D=1, pink",D10_pink,Nyblom,1031,25,223,1,1.0,0.004484,0.008929,0.0,0.4597,0.9088,0.3325
"D=1, pink",D10_pink,Nyblom,1031,50,223,1,1.0,0.004484,0.008929,0.0,0.2685,0.9768,0.3325
"D=1, pink",D10_pink,Nyblom,1031,100,223,1,1.0,0.004484,0.008929,0.0,,,0.3325
"D=1, pink",D10_pink,Nyblom,1032,25,199,1,1.0,0.005025,0.01,0.0,0.5376,0.788,0.4103
"D=1, pink",D10_pink,Nyblom,1032,50,199,1,1.0,0.005025,0.01,0.0,0.8134,0.9861,0.4103
"D=1, pink",D10_pink,Nyblom,1032,100,199,1,1.0,0.005025,0.01,0.0,0.9815,0.9997,0.4103
"D=1, pink",D10_pink,Nyblom,1033,25,173,1,1.0,0.00578,0.011494,1.0,0.5285,0.9048,0.3152
"D=1, pink",D10_pink,Nyblom,1033,50,173,1,1.0,0.00578,0.011494,1.0,0.7369,0.9947,0.3152
"D=1, pink",D10_pink,Nyblom,1033,100,173,1,1.0,0.00578,0.011494,1.0,,,0.3152
"D=1, pink",D10_pink,Nyblom,1034,25,187,1,1.0,0.005348,0.010638,0.0,0.4041,0.8404,0.2889
"D=1, pink",D10_pink,Nyblom,1034,50,187,1,1.0,0.005348,0.010638,0.0,0.3959,0.9719,0.2889
"D=1, pink",D10_pink,Nyblom,1034,100,187,1,1.0,0.005348,0.010638,0.0,,,0.2889
"D=1, pink",D10_pink,Nyblom,1035,25,193,1,1.0,0.005181,0.010309,0.0,0.6188,0.911,0.3152
"D=1, pink",D10_pink,Nyblom,1035,50,193,1,1.0,0.005181,0.010309,0.0,0.6183,0.9913,0.3152
"D=1, pink",D10_pink,Nyblom,1035,100,193,1,1.0,0.005181,0.010309,0.0,,,0.3152
"D=1, pink",D10_pink,Nyblom,1036,25,208,1,1.0,0.004808,0.009569,0.0,0.6333,0.8772,0.3555
"D=1, pink",D10_pink,Nyblom,1036,50,208,1,1.0,0.004808,0.009569,0.0,0.9289,0.9963,0.3555
"D=1, pink",D10_pink,Nyblom,1036,100,208,1,1.0,0.004808,0.009569,0.0,0.976,0.9996,0.3555
"D=1, pink",D10_pink,Nyblom,1037,25,172,1,1.0,0.005814,0.011561,3.0,0.5754,0.8283,0.4071
"D=1, pink",D10_pink,Nyblom,1037,50,172,1,1.0,0.005814,0.011561,3.0,0.5821,0.9589,0.4071
"D=1, pink",D10_pink,Nyblom,1037,100,172,1,1.0,0.005814,0.011561,3.0,,,0.4071
"D=1, pink",D10_pink,Nyblom,1038,25,184,1,1.0,0.005435,0.010811,0.0,0.5522,0.8295,0.3391
"D=1, pink",D10_pink,Nyblom,1038,50,184,1,1.0,0.005435,0.010811,0.0,0.7146,0.9878,0.3391
"D=1, pink",D10_pink,Nyblom,1038,100,184,1,1.0,0.005435,0.010811,0.0,,,0.3391
"D=1, pink",D10_pink,Nyblom,1039,25,183,1,1.0,0.005464,0.01087,0.0,0.6276,0.8664,0.419
"D=1, pink",D10_pink,Nyblom,1039,50,183,1,1.0,0.005464,0.01087,0.0,0.6966,0.9471,0.419
"D=1, pink",D10_pink,Nyblom,1039,100,183,1,1.0,0.005464,0.01087,0.0,0.7444,0.9905,0.419
"D=1, pink",D10_pink,Nyblom,1040,25,176,1,1.0,0.005682,0.011299,0.0,0.5314,0.6691,0.5041
"D=1, pink",D10_pink,Nyblom,1040,50,176,1,1.0,0.005682,0.011299,0.0,0.5845,0.895,0.5041
"D=1, pink",D10_pink,Nyblom,1040,100,176,1,1.0,0.005682,0.011299,0.0,0.8519,0.9996,0.5041
"D=1, pink",D10_pink,Nyblom,1041,25,184,1,1.0,0.005435,0.010811,1.0,0.5385,0.8057,0.4015
"D=1, pink",D10_pink,Nyblom,1041,50,184,1,1.0,0.005435,0.010811,1.0,0.6152,0.9194,0.4015
"D=1, pink",D10_pink,Nyblom,1041,100,184,1,1.0,0.005435,0.010811,1.0,0.8668,0.9972,0.4015
"D=1, pink",D10_pink,Nyblom,1042,25,190,1,1.0,0.005263,0.010471,1.0,0.6193,0.8815,0.3366
"D=1, pink",D10_pink,Nyblom,1042,50,190,1,1.0,0.005263,0.010471,1.0,0.6566,0.9635,0.3366
"D=1, pink",D10_pink,Nyblom,1042,100,190,1,1.0,0.005263,0.010471,1.0,0.5884,0.9892,0.3366
"D=1, pink",D10_pink,Nyblom,1043,25,200,1,1.0,0.005,0.00995,0.0,0.5722,0.8852,0.3556
"D=1, pink",D10_pink,Nyblom,1043,50,200,1,1.0,0.005,0.00995,0.0,0.3339,0.9458,0.3556
"D=1, pink",D10_pink,Nyblom,1043,100,200,1,1.0,0.005,0.00995,0.0,0.3355,0.9995,0.3556
"D=1, pink",D10_pink,Nyblom,1044,25,204,1,1.0,0.004902,0.009756,1.0,0.6121,0.8673,0.3413
"D=1, pink",D10_pink,Nyblom,1044,50,204,1,1.0,0.004902,0.009756,1.0,0.6253,0.9339,0.3413
"D=1, pink",D10_pink,Nyblom,1044,100,204,1,1.0,0.004902,0.009756,1.0,0.8726,0.9935,0.3413
"D=1, pink",D10_pink,Nyblom,1045,25,180,1,1.0,0.005556,0.01105,0.0,0.687,0.8881,0.4123
"D=1, pink",D10_pink,Nyblom,1045,50,180,1,1.0,0.005556,0.01105,0.0,0.8791,0.9931,0.4123
"D=1, pink",D10_pink,Nyblom,1045,100,180,1,1.0,0.005556,0.01105,0.0,0.9305,0.998,0.4123
"D=1, pink",D10_pink,Nyblom,1046,25,215,1,1.0,0.004651,0.009259,1.0,0.4147,0.7467,0.3064
"D=1, pink",D10_pink,Nyblom,1046,50,215,1,1.0,0.004651,0.009259,1.0,0.3705,0.9175,0.3064
"D=1, pink",D10_pink,Nyblom,1046,100,215,1,1.0,0.004651,0.009259,1.0,,,0.3064
"D=1, pink",D10_pink,Nyblom,1047,25,199,1,1.0,0.005025,0.01,1.0,0.4868,0.7641,0.4271
"D=1, pink",D10_pink,Nyblom,1047,50,199,1,1.0,0.005025,0.01,1.0,0.4534,0.9194,0.4271
"D=1, pink",D10_pink,Nyblom,1047,100,199,1,1.0,0.005025,0.01,1.0,,,0.4271
"D=1, pink",D10_pink,Nyblom,1048,25,215,1,1.0,0.004651,0.009259,2.0,0.33,0.7629,0.3504
"D=1, pink",D10_pink,Nyblom,1048,50,215,1,1.0,0.004651,0.009259,2.0,0.3556,0.9112,0.3504
"D=1, pink",D10_pink,Nyblom,1048,100,215,1,1.0,0.004651,0.009259,2.0,,,0.3504
"D=1, pink",D10_pink,Nyblom,1049,25,203,1,1.0,0.004926,0.009804,0.0,0.5907,0.8874,0.3246
"D=1, pink",D10_pink,Nyblom,1049,50,203,1,1.0,0.004926,0.009804,0.0,0.5323,0.9742,0.3246
"D=1, pink",D10_pink,Nyblom,1049,100,203,1,1.0,0.004926,0.009804,0.0,,,0.3246
"D=1.5, white",D15_white,Nyblom,1000,25,121,1,1.0,0.008264,0.016393,2.0,0.3619,0.8069,0.3306
"D=1.5, white",D15_white,Nyblom,1000,50,121,1,1.0,0.008264,0.016393,2.0,0.3246,0.941,0.3306
"D=1.5, white",D15_white,Nyblom,1000,100,121,1,1.0,0.008264,0.016393,2.0,,,0.3306
"D=1.5, white",D15_white,Nyblom,1001,25,116,1,1.0,0.008621,0.017094,1.0,0.5057,0.8545,0.3169
"D=1.5, white",D15_white,Nyblom,1001,50,116,1,1.0,0.008621,0.017094,1.0,0.0807,0.9852,0.3169
"D=1.5, white",D15_white,Nyblom,1001,100,116,1,1.0,0.008621,0.017094,1.0,,,0.3169
"D=1.5, white",D15_white,Nyblom,1002,25,106,1,1.0,0.009434,0.018692,2.0,0.5023,0.8864,0.3046
"D=1.5, white",D15_white,Nyblom,1002,50,106,1,1.0,0.009434,0.018692,2.0,0.4641,0.9805,0.3046
"D=1.5, white",D15_white,Nyblom,1002,100,106,1,1.0,0.009434,0.018692,2.0,,,0.3046
"D=1.5, white",D15_white,Nyblom,1003,25,107,1,1.0,0.009346,0.018519,8.0,0.4585,0.8661,0.309
"D=1.5, white",D15_white,Nyblom,1003,50,107,1,1.0,0.009346,0.018519,8.0,0.4133,0.9886,0.309
"D=1.5, white",D15_white,Nyblom,1003,100,107,1,1.0,0.009346,0.018519,8.0,,,0.309
"D=1.5, white",D15_white,Nyblom,1004,25,133,1,1.0,0.007519,0.014925,3.0,0.4117,0.9117,0.315
"D=1.5, white",D15_white,Nyblom,1004,50,133,1,1.0,0.007519,0.014925,3.0,,,0.315
"D=1.5, white",D15_white,Nyblom,1004,100,133,1,1.0,0.007519,0.014925,3.0,,,0.315
"D=1.5, white",D15_white,Nyblom,1005,25,93,1,1.0,0.010753,0.021277,1.0,0.5699,0.8476,0.3513
"D=1.5, white",D15_white,Nyblom,1005,50,93,1,1.0,0.010753,0.021277,1.0,0.9932,0.9999,0.3513
"D=1.5, white",D15_white,Nyblom,1005,100,93,1,1.0,0.010753,0.021277,1.0,,,0.3513
"D=1.5, white",D15_white,Nyblom,1006,25,121,1,1.0,0.008264,0.016393,0.0,0.5406,0.8714,0.2954
"D=1.5, white",D15_white,Nyblom,1006,50,121,1,1.0,0.008264,0.016393,0.0,0.5262,0.993,0.2954
"D=1.5, white",D15_white,Nyblom,1006,100,121,1,1.0,0.008264,0.016393,0.0,,,0.2954
"D=1.5, white",D15_white,Nyblom,1007,25,102,1,1.0,0.009804,0.019417,1.0,0.357,0.7562,0.3108
"D=1.5, white",D15_white,Nyblom,1007,50,102,1,1.0,0.009804,0.019417,1.0,0.2128,0.9753,0.3108
"D=1.5, white",D15_white,Nyblom,1007,100,102,1,1.0,0.009804,0.019417,1.0,,,0.3108
"D=1.5, white",D15_white,Nyblom,1008,25,117,1,1.0,0.008547,0.016949,2.0,0.6539,0.9102,0.3438
"D=1.5, white",D15_white,Nyblom,1008,50,117,1,1.0,0.008547,0.016949,2.0,0.7221,0.9741,0.3438
"D=1.5, white",D15_white,Nyblom,1008,100,117,1,1.0,0.008547,0.016949,2.0,0.7682,0.997,0.3438
"D=1.5, white",D15_white,Nyblom,1009,25,112,1,1.0,0.008929,0.017699,6.0,0.574,0.9261,0.4293
"D=1.5, white",D15_white,Nyblom,1009,50,112,1,1.0,0.008929,0.017699,6.0,0.6315,0.988,0.4293
"D=1.5, white",D15_white,Nyblom,1009,100,112,1,1.0,0.008929,0.017699,6.0,,,0.4293
"D=1.5, white",D15_white,Nyblom,1010,25,123,1,1.0,0.00813,0.016129,1.0,0.2865,0.7783,0.3353
"D=1.5, white",D15_white,Nyblom,1010,50,123,1,1.0,0.00813,0.016129,1.0,0.1645,0.9415,0.3353
"D=1.5, white",D15_white,Nyblom,1010,100,123,1,1.0,0.00813,0.016129,1.0,,,0.3353
"D=1.5, white",D15_white,Nyblom,1011,25,121,1,1.0,0.008264,0.016393,1.0,0.4499,0.8966,0.3699
"D=1.5, white",D15_white,Nyblom,1011,50,121,1,1.0,0.008264,0.016393,1.0,0.3169,0.9747,0.3699
"D=1.5, white",D15_white,Nyblom,1011,100,121,1,1.0,0.008264,0.016393,1.0,,,0.3699
"D=1.5, white",D15_white,Nyblom,1012,25,107,1,1.0,0.009346,0.018519,1.0,0.5443,0.8275,0.2719
"D=1.5, white",D15_white,Nyblom,1012,50,107,1,1.0,0.009346,0.018519,1.0,0.6775,0.971,0.2719
"D=1.5, white",D15_white,Nyblom,1012,100,107,1,1.0,0.009346,0.018519,1.0,,,0.2719
"D=1.5, white",D15_white,Nyblom,1013,25,106,1,1.0,0.009434,0.018692,4.0,0.4645,0.7782,0.3
"D=1.5, white",D15_white,Nyblom,1013,50,106,1,1.0,0.009434,0.018692,4.0,0.5327,0.9739,0.3
"D=1.5, white",D15_white,Nyblom,1013,100,106,1,1.0,0.009434,0.018692,4.0,,,0.3
"D=1.5, white",D15_white,Nyblom,1014,25,101,1,1.0,0.009901,0.019608,1.0,0.3884,0.812,0.3139
"D=1.5, white",D15_white,Nyblom,1014,50,101,1,1.0,0.009901,0.019608,1.0,0.4909,0.9768,0.3139
"D=1.5, white",D15_white,Nyblom,1014,100,101,1,1.0,0.009901,0.019608,1.0,,,0.3139
"D=1.5, white",D15_white,Nyblom,1015,25,110,1,1.0,0.009091,0.018018,1.0,0.497,0.8518,0.318
"D=1.5, white",D15_white,Nyblom,1015,50,110,1,1.0,0.009091,0.018018,1.0,0.7368,0.995,0.318
"D=1.5, white",D15_white,Nyblom,1015,100,110,1,1.0,0.009091,0.018018,1.0,,,0.318
"D=1.5, white",D15_white,Nyblom,1016,25,111,1,1.0,0.009009,0.017857,0.0,0.5577,0.8874,0.3404
"D=1.5, white",D15_white,Nyblom,1016,50,111,1,1.0,0.009009,0.017857,0.0,0.4896,0.9622,0.3404
"D=1.5, white",D15_white,Nyblom,1016,100,111,1,1.0,0.009009,0.017857,0.0,,,0.3404
"D=1.5, white",D15_white,Nyblom,1017,25,110,1,1.0,0.009091,0.018018,1.0,0.622,0.9118,0.3248
"D=1.5, white",D15_white,Nyblom,1017,50,110,1,1.0,0.009091,0.018018,1.0,0.7514,0.995,0.3248
"D=1.5, white",D15_white,Nyblom,1017,100,110,1,1.0,0.009091,0.018018,1.0,,,0.3248
"D=1.5, white",D15_white,Nyblom,1018,25,117,1,1.0,0.008547,0.016949,0.0,0.4735,0.9076,0.3189
"D=1.5, white",D15_white,Nyblom,1018,50,117,1,1.0,0.008547,0.016949,0.0,0.3192,0.9977,0.3189
"D=1.5, white",D15_white,Nyblom,1018,100,117,1,1.0,0.008547,0.016949,0.0,,,0.3189
"D=1.5, white",D15_white,Nyblom,1019,25,111,1,1.0,0.009009,0.017857,5.0,0.5539,0.8382,0.3342
"D=1.5, white",D15_white,Nyblom,1019,50,111,1,1.0,0.009009,0.017857,5.0,0.6735,0.9702,0.3342
"D=1.5, white",D15_white,Nyblom,1019,100,111,1,1.0,0.009009,0.017857,5.0,0.9998,1.0,0.3342
"D=1.5, white",D15_white,Nyblom,1020,25,119,1,1.0,0.008403,0.016667,3.0,0.4804,0.8459,0.4861
"D=1.5, white",D15_white,Nyblom,1020,50,119,1,1.0,0.008403,0.016667,3.0,0.5494,0.9661,0.4861
"D=1.5, white",D15_white,Nyblom,1020,100,119,1,1.0,0.008403,0.016667,3.0,,,0.4861
"D=1.5, white",D15_white,Nyblom,1021,25,117,1,1.0,0.008547,0.016949,1.0,0.3943,0.8297,0.2915
"D=1.5, white",D15_white,Nyblom,1021,50,117,1,1.0,0.008547,0.016949,1.0,0.319,0.9548,0.2915
"D=1.5, white",D15_white,Nyblom,1021,100,117,1,1.0,0.008547,0.016949,1.0,,,0.2915
"D=1.5, white",D15_white,Nyblom,1022,25,124,1,1.0,0.008065,0.016,4.0,0.5564,0.8892,0.2925
"D=1.5, white",D15_white,Nyblom,1022,50,124,1,1.0,0.008065,0.016,4.0,0.9425,1.0,0.2925
"D=1.5, white",D15_white,Nyblom,1022,100,124,1,1.0,0.008065,0.016,4.0,,,0.2925
"D=1.5, white",D15_white,Nyblom,1023,25,115,1,1.0,0.008696,0.017241,1.0,0.6305,0.883,0.2973
"D=1.5, white",D15_white,Nyblom,1023,50,115,1,1.0,0.008696,0.017241,1.0,0.5326,0.9528,0.2973
"D=1.5, white",D15_white,Nyblom,1023,100,115,1,1.0,0.008696,0.017241,1.0,0.4336,0.9963,0.2973
"D=1.5, white",D15_white,Nyblom,1024,25,101,1,1.0,0.009901,0.019608,1.0,0.428,0.8107,0.3352
"D=1.5, white",D15_white,Nyblom,1024,50,101,1,1.0,0.009901,0.019608,1.0,0.4744,0.9948,0.3352
"D=1.5, white",D15_white,Nyblom,1024,100,101,1,1.0,0.009901,0.019608,1.0,,,0.3352
"D=1.5, white",D15_white,Nyblom,1025,25,103,1,1.0,0.009709,0.019231,1.0,0.5828,0.8662,0.2945
"D=1.5, white",D15_white,Nyblom,1025,50,103,1,1.0,0.009709,0.019231,1.0,0.9601,0.9974,0.2945
"D=1.5, white",D15_white,Nyblom,1025,100,103,1,1.0,0.009709,0.019231,1.0,0.9973,1.0,0.2945
"D=1.5, white",D15_white,Nyblom,1026,25,100,1,1.0,0.01,0.019802,3.0,0.3834,0.8099,0.2973
"D=1.5, white",D15_white,Nyblom,1026,50,100,1,1.0,0.01,0.019802,3.0,0.2867,0.9852,0.2973
"D=1.5, white",D15_white,Nyblom,1026,100,100,1,1.0,0.01,0.019802,3.0,,,0.2973
"D=1.5, white",D15_white,Nyblom,1027,25,106,1,1.0,0.009434,0.018692,1.0,0.5267,0.8514,0.3931
"D=1.5, white",D15_white,Nyblom,1027,50,106,1,1.0,0.009434,0.018692,1.0,0.4667,0.9575,0.3931
"D=1.5, white",D15_white,Nyblom,1027,100,106,1,1.0,0.009434,0.018692,1.0,,,0.3931
"D=1.5, white",D15_white,Nyblom,1028,25,122,1,1.0,0.008197,0.01626,6.0,0.5691,0.8541,0.3098
"D=1.5, white",D15_white,Nyblom,1028,50,122,1,1.0,0.008197,0.01626,6.0,0.5333,0.9751,0.3098
"D=1.5, white",D15_white,Nyblom,1028,100,122,1,1.0,0.008197,0.01626,6.0,,,0.3098
"D=1.5, white",D15_white,Nyblom,1029,25,111,1,1.0,0.009009,0.017857,11.0,0.53,0.8135,0.3068
"D=1.5, white",D15_white,Nyblom,1029,50,111,1,1.0,0.009009,0.017857,11.0,0.5711,0.9903,0.3068
"D=1.5, white",D15_white,Nyblom,1029,100,111,1,1.0,0.009009,0.017857,11.0,,,0.3068
"D=1.5, white",D15_white,Nyblom,1030,25,127,1,1.0,0.007874,0.015625,1.0,0.5438,0.9247,0.3293
"D=1.5, white",D15_white,Nyblom,1030,50,127,1,1.0,0.007874,0.015625,1.0,,,0.3293
"D=1.5, white",D15_white,Nyblom,1030,100,127,1,1.0,0.007874,0.015625,1.0,,,0.3293
"D=1.5, white",D15_white,Nyblom,1031,25,154,1,1.0,0.006494,0.012903,1.0,0.3649,0.9115,0.3367
"D=1.5, white",D15_white,Nyblom,1031,50,154,1,1.0,0.006494,0.012903,1.0,,,0.3367
"D=1.5, white",D15_white,Nyblom,1031,100,154,1,1.0,0.006494,0.012903,1.0,,,0.3367
"D=1.5, white",D15_white,Nyblom,1032,25,112,1,1.0,0.008929,0.017699,2.0,0.4659,0.8994,0.342
"D=1.5, white",D15_white,Nyblom,1032,50,112,1,1.0,0.008929,0.017699,2.0,,,0.342
"D=1.5, white",D15_white,Nyblom,1032,100,112,1,1.0,0.008929,0.017699,2.0,,,0.342
"D=1.5, white",D15_white,Nyblom,1033,25,101,1,1.0,0.009901,0.019608,3.0,0.6851,0.8626,0.3425
"D=1.5, white",D15_white,Nyblom,1033,50,101,1,1.0,0.009901,0.019608,3.0,0.8359,0.9925,0.3425
"D=1.5, white",D15_white,Nyblom,1033,100,101,1,1.0,0.009901,0.019608,3.0,,,0.3425
"D=1.5, white",D15_white,Nyblom,1034,25,125,1,1.0,0.008,0.015873,1.0,0.5437,0.9138,0.6119
"D=1.5, white",D15_white,Nyblom,1034,50,125,1,1.0,0.008,0.015873,1.0,0.42,0.9829,0.6119
"D=1.5, white",D15_white,Nyblom,1034,100,125,1,1.0,0.008,0.015873,1.0,,,0.6119
"D=1.5, white",D15_white,Nyblom,1035,25,107,1,1.0,0.009346,0.018519,4.0,0.5779,0.8804,0.4517
"D=1.5, white",D15_white,Nyblom,1035,50,107,1,1.0,0.009346,0.018519,4.0,0.7881,0.9987,0.4517
"D=1.5, white",D15_white,Nyblom,1035,100,107,1,1.0,0.009346,0.018519,4.0,,,0.4517
"D=1.5, white",D15_white,Nyblom,1036,25,116,1,1.0,0.008621,0.017094,1.0,0.3648,0.8124,0.3001
"D=1.5, white",D15_white,Nyblom,1036,50,116,1,1.0,0.008621,0.017094,1.0,0.5433,0.9826,0.3001
"D=1.5, white",D15_white,Nyblom,1036,100,116,1,1.0,0.008621,0.017094,1.0,,,0.3001
"D=1.5, white",D15_white,Nyblom,1037,25,112,1,1.0,0.008929,0.017699,2.0,0.5384,0.8476,0.3188
"D=1.5, white",D15_white,Nyblom,1037,50,112,1,1.0,0.008929,0.017699,2.0,0.8,0.9934,0.3188
"D=1.5, white",D15_white,Nyblom,1037,100,112,1,1.0,0.008929,0.017699,2.0,,,0.3188
"D=1.5, white",D15_white,Nyblom,1038,25,130,1,1.0,0.007692,0.015267,1.0,0.4336,0.8502,0.3073
"D=1.5, white",D15_white,Nyblom,1038,50,130,1,1.0,0.007692,0.015267,1.0,0.1377,0.9902,0.3073
"D=1.5, white",D15_white,Nyblom,1038,100,130,1,1.0,0.007692,0.015267,1.0,,,0.3073
"D=1.5, white",D15_white,Nyblom,1039,25,105,1,1.0,0.009524,0.018868,12.0,0.6503,0.8961,0.2935
"D=1.5, white",D15_white,Nyblom,1039,50,105,1,1.0,0.009524,0.018868,12.0,0.6068,0.9794,0.2935
"D=1.5, white",D15_white,Nyblom,1039,100,105,1,1.0,0.009524,0.018868,12.0,,,0.2935
"D=1.5, white",D15_white,Nyblom,1040,25,113,1,1.0,0.00885,0.017544,1.0,0.4885,0.7872,0.3406
"D=1.5, white",D15_white,Nyblom,1040,50,113,1,1.0,0.00885,0.017544,1.0,0.3325,0.9641,0.3406
"D=1.5, white",D15_white,Nyblom,1040,100,113,1,1.0,0.00885,0.017544,1.0,,,0.3406
"D=1.5, white",D15_white,Nyblom,1041,25,133,1,1.0,0.007519,0.014925,0.0,0.5714,0.9287,0.3665
"D=1.5, white",D15_white,Nyblom,1041,50,133,1,1.0,0.007519,0.014925,0.0,0.7565,0.9977,0.3665
"D=1.5, white",D15_white,Nyblom,1041,100,133,1,1.0,0.007519,0.014925,0.0,,,0.3665
"D=1.5, white",D15_white,Nyblom,1042,25,127,1,1.0,0.007874,0.015625,2.0,0.3198,0.8534,0.3196
"D=1.5, white",D15_white,Nyblom,1042,50,127,1,1.0,0.007874,0.015625,2.0,0.1349,0.9242,0.3196
"D=1.5, white",D15_white,Nyblom,1042,100,127,1,1.0,0.007874,0.015625,2.0,,,0.3196
"D=1.5, white",D15_white,Nyblom,1043,25,123,1,1.0,0.00813,0.016129,15.0,0.3157,0.7665,0.3
"D=1.5, white",D15_white,Nyblom,1043,50,123,1,1.0,0.00813,0.016129,15.0,0.0241,0.9516,0.3
"D=1.5, white",D15_white,Nyblom,1043,100,123,1,1.0,0.00813,0.016129,15.0,,,0.3
"D=1.5, white",D15_white,Nyblom,1044,25,101,1,1.0,0.009901,0.019608,3.0,0.4991,0.8529,0.3055
"D=1.5, white",D15_white,Nyblom,1044,50,101,1,1.0,0.009901,0.019608,3.0,0.6521,0.9977,0.3055
"D=1.5, white",D15_white,Nyblom,1044,100,101,1,1.0,0.009901,0.019608,3.0,,,0.3055
"D=1.5, white",D15_white,Nyblom,1045,25,113,1,1.0,0.00885,0.017544,1.0,0.6024,0.8867,0.317
"D=1.5, white",D15_white,Nyblom,1045,50,113,1,1.0,0.00885,0.017544,1.0,0.7788,0.9896,0.317
"D=1.5, white",D15_white,Nyblom,1045,100,113,1,1.0,0.00885,0.017544,1.0,,,0.317
"D=1.5, white",D15_white,Nyblom,1046,25,124,1,1.0,0.008065,0.016,1.0,0.6338,0.9518,0.3891
"D=1.5, white",D15_white,Nyblom,1046,50,124,1,1.0,0.008065,0.016,1.0,,,0.3891
"D=1.5, white",D15_white,Nyblom,1046,100,124,1,1.0,0.008065,0.016,1.0,,,0.3891
"D=1.5, white",D15_white,Nyblom,1047,25,111,1,1.0,0.009009,0.017857,11.0,0.5378,0.8425,0.5031
"D=1.5, white",D15_white,Nyblom,1047,50,111,1,1.0,0.009009,0.017857,11.0,0.5557,0.9902,0.5031
"D=1.5, white",D15_white,Nyblom,1047,100,111,1,1.0,0.009009,0.017857,11.0,,,0.5031
"D=1.5, white",D15_white,Nyblom,1048,25,134,1,1.0,0.007463,0.014815,0.0,0.5493,0.8857,0.3386
"D=1.5, white",D15_white,Nyblom,1048,50,134,1,1.0,0.007463,0.014815,0.0,0.7177,0.9969,0.3386
"D=1.5, white",D15_white,Nyblom,1048,100,134,1,1.0,0.007463,0.014815,0.0,,,0.3386
"D=1.5, white",D15_white,Nyblom,1049,25,123,1,1.0,0.00813,0.016129,1.0,0.6067,0.9109,0.3229
"D=1.5, white",D15_white,Nyblom,1049,50,123,1,1.0,0.00813,0.016129,1.0,0.394,0.9762,0.3229
"D=1.5, white",D15_white,Nyblom,1049,100,123,1,1.0,0.00813,0.016129,1.0,,,0.3229
"D=0.5, white",D05_white,GRU,1000,25,5,2,1.0,0.4,0.571429,1.0,0.5815,0.2515,8.8082
"D=0.5, white",D05_white,GRU,1000,50,5,2,1.0,0.4,0.571429,1.0,0.4976,0.2049,8.8082
"D=0.5, white",D05_white,GRU,1000,100,5,2,1.0,0.4,0.571429,1.0,0.4859,0.2911,8.8082
"D=0.5, white",D05_white,GRU,1001,25,1,0,0.0,0.0,0.0,9999.0,0.6505,0.0035,0.4337
"D=0.5, white",D05_white,GRU,1001,50,1,0,0.0,0.0,0.0,9999.0,0.7967,0.0339,0.4337
"D=0.5, white",D05_white,GRU,1001,100,1,0,0.0,0.0,0.0,9999.0,0.5186,0.0414,0.4337
"D=0.5, white",D05_white,GRU,1002,25,1,2,0.0,0.0,0.0,9999.0,0.5974,0.0062,0.658
"D=0.5, white",D05_white,GRU,1002,50,1,2,0.0,0.0,0.0,9999.0,0.5836,0.0207,0.658
"D=0.5, white",D05_white,GRU,1002,100,1,2,0.0,0.0,0.0,9999.0,0.6834,0.0657,0.658
"D=0.5, white",D05_white,GRU,1003,25,3,1,0.0,0.0,0.0,9999.0,0.5929,0.1697,0.5871
"D=0.5, white",D05_white,GRU,1003,50,3,1,0.0,0.0,0.0,9999.0,0.4408,0.1229,0.5871
"D=0.5, white",D05_white,GRU,1003,100,3,1,0.0,0.0,0.0,9999.0,0.476,0.1687,0.5871
"D=0.5, white",D05_white,GRU,1004,25,3,2,0.5,0.333333,0.4,15.0,0.7481,0.135,0.6871
"D=0.5, white",D05_white,GRU,1004,50,3,2,0.5,0.333333,0.4,15.0,0.5755,0.1388,0.6871
"D=0.5, white",D05_white,GRU,1004,100,3,2,1.0,0.666667,0.8,55.0,0.6003,0.2985,0.6871
"D=0.5, white",D05_white,GRU,1005,25,3,2,0.0,0.0,0.0,9999.0,0.6104,0.0527,0.7615
"D=0.5, white",D05_white,GRU,1005,50,3,2,0.0,0.0,0.0,9999.0,0.4756,0.067,0.7615
"D=0.5, white",D05_white,GRU,1005,100,3,2,0.0,0.0,0.0,9999.0,0.4754,0.1398,0.7615
"D=0.5, white",D05_white,GRU,1006,25,1,1,0.0,0.0,0.0,9999.0,0.9201,0.0453,0.9587
"D=0.5, white",D05_white,GRU,1006,50,1,1,0.0,0.0,0.0,9999.0,0.6983,0.0718,0.9587
"D=0.5, white",D05_white,GRU,1006,100,1,1,0.0,0.0,0.0,9999.0,0.4125,0.0518,0.9587
"D=0.5, white",D05_white,GRU,1007,25,1,1,0.0,0.0,0.0,9999.0,0.7168,0.0059,0.9375
"D=0.5, white",D05_white,GRU,1007,50,1,1,0.0,0.0,0.0,9999.0,0.6497,0.0451,0.9375
"D=0.5, white",D05_white,GRU,1007,100,1,1,1.0,1.0,1.0,61.0,0.6878,0.2871,0.9375
"D=0.5, white",D05_white,GRU,1008,25,3,3,0.333333,0.333333,0.333333,1.0,0.631,0.1969,1.0307
"D=0.5, white",D05_white,GRU,1008,50,3,3,0.333333,0.333333,0.333333,1.0,0.5275,0.1541,1.0307
"D=0.5, white",D05_white,GRU,1008,100,3,3,0.666667,0.666667,0.666667,27.0,0.5366,0.2471,1.0307
"D=0.5, white",D05_white,GRU,1009,25,3,2,0.5,0.333333,0.4,1.0,0.4523,0.1961,0.9676
"D=0.5, white",D05_white,GRU,1009,50,3,2,0.5,0.333333,0.4,1.0,0.5396,0.1637,0.9676
"D=0.5, white",D05_white,GRU,1009,100,3,2,0.5,0.333333,0.4,1.0,0.6372,0.1957,0.9676
"D=0.5, white",D05_white,GRU,1010,25,3,2,0.5,0.333333,0.4,1.0,0.677,0.1018,0.8677
"D=0.5, white",D05_white,GRU,1010,50,3,2,0.5,0.333333,0.4,1.0,0.6081,0.1242,0.8677
"D=0.5, white",D05_white,GRU,1010,100,3,2,0.5,0.333333,0.4,1.0,0.5268,0.1853,0.8677
"D=0.5, white",D05_white,GRU,1011,25,3,3,0.333333,0.333333,0.333333,1.0,0.5961,0.1823,0.4777
"D=0.5, white",D05_white,GRU,1011,50,3,3,0.333333,0.333333,0.333333,1.0,0.6275,0.1603,0.4777
"D=0.5, white",D05_white,GRU,1011,100,3,3,0.333333,0.333333,0.333333,1.0,0.4952,0.1775,0.4777
"D=0.5, white",D05_white,GRU,1012,25,1,3,0.0,0.0,0.0,9999.0,0.0323,0.0021,0.5388
"D=0.5, white",D05_white,GRU,1012,50,1,3,0.0,0.0,0.0,9999.0,0.4104,0.0208,0.5388
"D=0.5, white",D05_white,GRU,1012,100,1,3,0.0,0.0,0.0,9999.0,0.516,0.0438,0.5388
"D=0.5, white",D05_white,GRU,1013,25,3,1,0.0,0.0,0.0,9999.0,0.6468,0.0879,0.4564
"D=0.5, white",D05_white,GRU,1013,50,3,1,0.0,0.0,0.0,9999.0,0.558,0.1044,0.4564
"D=0.5, white",D05_white,GRU,1013,100,3,1,0.0,0.0,0.0,9999.0,0.4914,0.162,0.4564
"D=0.5, white",D05_white,GRU,1014,25,3,1,1.0,0.333333,0.5,2.0,0.4859,0.2364,0.7924
"D=0.5, white",D05_white,GRU,1014,50,3,1,1.0,0.333333,0.5,2.0,0.5245,0.1651,0.7924
"D=0.5, white",D05_white,GRU,1014,100,3,1,1.0,0.333333,0.5,2.0,0.6046,0.2229,0.7924
"D=0.5, white",D05_white,GRU,1015,25,1,1,0.0,0.0,0.0,9999.0,0.9257,0.0295,1.0006
"D=0.5, white",D05_white,GRU,1015,50,1,1,0.0,0.0,0.0,9999.0,0.7455,0.0403,1.0006
"D=0.5, white",D05_white,GRU,1015,100,1,1,0.0,0.0,0.0,9999.0,0.6082,0.0556,1.0006
"D=0.5, white",D05_white,GRU,1016,25,3,3,0.333333,0.333333,0.333333,2.0,0.6237,0.1869,0.8609
"D=0.5, white",D05_white,GRU,1016,50,3,3,0.333333,0.333333,0.333333,2.0,0.5353,0.1368,0.8609
"D=0.5, white",D05_white,GRU,1016,100,3,3,0.333333,0.333333,0.333333,2.0,0.5191,0.1424,0.8609
"D=0.5, white",D05_white,GRU,1017,25,1,1,0.0,0.0,0.0,9999.0,0.0238,0.0016,0.8387
"D=0.5, white",D05_white,GRU,1017,50,1,1,0.0,0.0,0.0,9999.0,0.2752,0.0101,0.8387
"D=0.5, white",D05_white,GRU,1017,100,1,1,1.0,1.0,1.0,65.0,0.5812,0.2105,0.8387
"D=0.5, white",D05_white,GRU,1018,25,1,1,0.0,0.0,0.0,9999.0,0.0361,0.0018,1.2158
"D=0.5, white",D05_white,GRU,1018,50,1,1,0.0,0.0,0.0,9999.0,0.3964,0.0126,1.2158
"D=0.5, white",D05_white,GRU,1018,100,1,1,0.0,0.0,0.0,9999.0,0.53,0.0439,1.2158
"D=0.5, white",D05_white,GRU,1019,25,1,2,0.0,0.0,0.0,9999.0,0.2428,0.0023,0.7209
"D=0.5, white",D05_white,GRU,1019,50,1,2,0.0,0.0,0.0,9999.0,0.4512,0.0136,0.7209
"D=0.5, white",D05_white,GRU,1019,100,1,2,0.0,0.0,0.0,9999.0,0.4874,0.0377,0.7209
"D=0.5, white",D05_white,GRU,1020,25,1,2,0.0,0.0,0.0,9999.0,0.2188,0.0025,0.6148
"D=0.5, white",D05_white,GRU,1020,50,1,2,0.0,0.0,0.0,9999.0,0.3708,0.0123,0.6148
"D=0.5, white",D05_white,GRU,1020,100,1,2,0.0,0.0,0.0,9999.0,0.1697,0.0238,0.6148
"D=0.5, white",D05_white,GRU,1021,25,1,2,0.0,0.0,0.0,9999.0,0.5423,0.0032,0.719
"D=0.5, white",D05_white,GRU,1021,50,1,2,0.0,0.0,0.0,9999.0,0.4389,0.0129,0.719
"D=0.5, white",D05_white,GRU,1021,100,1,2,0.0,0.0,0.0,9999.0,0.3539,0.0292,0.719
"D=0.5, white",D05_white,GRU,1022,25,3,3,0.333333,0.333333,0.333333,1.0,0.6495,0.2116,0.5147
"D=0.5, white",D05_white,GRU,1022,50,3,3,0.333333,0.333333,0.333333,1.0,0.495,0.1424,0.5147
"D=0.5, white",D05_white,GRU,1022,100,3,3,0.333333,0.333333,0.333333,1.0,0.5594,0.2105,0.5147
"D=0.5, white",D05_white,GRU,1023,25,3,2,0.5,0.333333,0.4,2.0,0.5419,0.1577,0.5564
"D=0.5, white",D05_white,GRU,1023,50,3,2,0.5,0.333333,0.4,2.0,0.4903,0.1306,0.5564
"D=0.5, white",D05_white,GRU,1023,100,3,2,0.5,0.333333,0.4,2.0,0.5063,0.1736,0.5564
"D=0.5, white",D05_white,GRU,1024,25,5,3,0.666667,0.4,0.5,1.0,0.5321,0.2827,0.8039
"D=0.5, white",D05_white,GRU,1024,50,5,3,0.666667,0.4,0.5,1.0,0.409,0.2012,0.8039
"D=0.5, white",D05_white,GRU,1024,100,5,3,0.666667,0.4,0.5,1.0,0.4208,0.2722,0.8039
"D=0.5, white",D05_white,GRU,1025,25,1,0,0.0,0.0,0.0,9999.0,0.5437,0.0037,0.964
"D=0.5, white",D05_white,GRU,1025,50,1,0,0.0,0.0,0.0,9999.0,0.2928,0.0106,0.964
"D=0.5, white",D05_white,GRU,1025,100,1,0,0.0,0.0,0.0,9999.0,0.4413,0.0651,0.964
"D=0.5, white",D05_white,GRU,1026,25,1,2,0.0,0.0,0.0,9999.0,0.7128,0.0091,0.9832
"D=0.5, white",D05_white,GRU,1026,50,1,2,0.0,0.0,0.0,9999.0,0.624,0.0226,0.9832
"D=0.5, white",D05_white,GRU,1026,100,1,2,0.0,0.0,0.0,9999.0,0.4686,0.0405,0.9832
"D=0.5, white",D05_white,GRU,1027,25,3,1,1.0,0.333333,0.5,6.0,0.5908,0.266,0.7143
"D=0.5, white",D05_white,GRU,1027,50,3,1,1.0,0.333333,0.5,6.0,0.4907,0.1786,0.7143
"D=0.5, white",D05_white,GRU,1027,100,3,1,1.0,0.333333,0.5,6.0,0.5209,0.1941,0.7143
"D=0.5, white",D05_white,GRU,1028,25,5,2,1.0,0.4,0.571429,1.5,0.5421,0.2686,1.16
"D=0.5, white",D05_white,GRU,1028,50,5,2,1.0,0.4,0.571429,1.5,0.5459,0.2449,1.16
"D=0.5, white",D05_white,GRU,1028,100,5,2,1.0,0.4,0.571429,1.5,0.5497,0.3166,1.16
"D=0.5, white",D05_white,GRU,1029,25,3,3,0.333333,0.333333,0.333333,1.0,0.5315,0.1366,0.8934
"D=0.5, white",D05_white,GRU,1029,50,3,3,0.333333,0.333333,0.333333,1.0,0.5945,0.1606,0.8934
"D=0.5, white",D05_white,GRU,1029,100,3,3,0.666667,0.666667,0.666667,29.0,0.5756,0.2927,0.8934
"D=0.5, white",D05_white,GRU,1030,25,3,2,0.5,0.333333,0.4,2.0,0.6491,0.2604,0.5999
"D=0.5, white",D05_white,GRU,1030,50,3,2,0.5,0.333333,0.4,2.0,0.589,0.222,0.5999
"D=0.5, white",D05_white,GRU,1030,100,3,2,0.5,0.333333,0.4,2.0,0.6696,0.2468,0.5999
"D=0.5, white",D05_white,GRU,1031,25,1,3,0.0,0.0,0.0,9999.0,0.3168,0.0022,0.5674
"D=0.5, white",D05_white,GRU,1031,50,1,3,0.0,0.0,0.0,9999.0,0.2303,0.0098,0.5674
"D=0.5, white",D05_white,GRU,1031,100,1,3,0.0,0.0,0.0,9999.0,0.4129,0.0346,0.5674
"D=0.5, white",D05_white,GRU,1032,25,1,0,0.0,0.0,0.0,9999.0,0.7939,0.0131,0.7977
"D=0.5, white",D05_white,GRU,1032,50,1,0,0.0,0.0,0.0,9999.0,0.3762,0.0134,0.7977
"D=0.5, white",D05_white,GRU,1032,100,1,0,0.0,0.0,0.0,9999.0,0.3452,0.0297,0.7977
"D=0.5, white",D05_white,GRU,1033,25,1,1,0.0,0.0,0.0,9999.0,0.4486,0.0023,0.7369
"D=0.5, white",D05_white,GRU,1033,50,1,1,0.0,0.0,0.0,9999.0,0.15,0.0085,0.7369
"D=0.5, white",D05_white,GRU,1033,100,1,1,0.0,0.0,0.0,9999.0,0.3961,0.0506,0.7369
"D=0.5, white",D05_white,GRU,1034,25,1,1,0.0,0.0,0.0,9999.0,0.7337,0.008,0.9327
"D=0.5, white",D05_white,GRU,1034,50,1,1,0.0,0.0,0.0,9999.0,0.3504,0.0123,0.9327
"D=0.5, white",D05_white,GRU,1034,100,1,1,0.0,0.0,0.0,9999.0,0.43,0.0364,0.9327
"D=0.5, white",D05_white,GRU,1035,25,3,1,0.0,0.0,0.0,9999.0,0.8836,0.1619,1.155
"D=0.5, white",D05_white,GRU,1035,50,3,1,0.0,0.0,0.0,9999.0,0.6435,0.1287,1.155
"D=0.5, white",D05_white,GRU,1035,100,3,1,0.0,0.0,0.0,9999.0,0.5095,0.1535,1.155
"D=0.5, white",D05_white,GRU,1036,25,3,1,0.0,0.0,0.0,9999.0,0.5819,0.0574,0.9677
"D=0.5, white",D05_white,GRU,1036,50,3,1,0.0,0.0,0.0,9999.0,0.4533,0.0688,0.9677
"D=0.5, white",D05_white,GRU,1036,100,3,1,0.0,0.0,0.0,9999.0,0.4528,0.1514,0.9677
"D=0.5, white",D05_white,GRU,1037,25,3,3,0.333333,0.333333,0.333333,1.0,0.4326,0.2209,1.0649
"D=0.5, white",D05_white,GRU,1037,50,3,3,0.333333,0.333333,0.333333,1.0,0.5824,0.2225,1.0649
"D=0.5, white",D05_white,GRU,1037,100,3,3,0.333333,0.333333,0.333333,1.0,0.6276,0.2601,1.0649
"D=0.5, white",D05_white,GRU,1038,25,1,1,0.0,0.0,0.0,9999.0,0.043,0.0016,0.6736
"D=0.5, white",D05_white,GRU,1038,50,1,1,0.0,0.0,0.0,9999.0,0.4259,0.0132,0.6736
"D=0.5, white",D05_white,GRU,1038,100,1,1,0.0,0.0,0.0,9999.0,0.4066,0.0317,0.6736
"D=0.5, white",D05_white,GRU,1039,25,1,0,0.0,0.0,0.0,9999.0,0.6477,0.0048,0.6075
"D=0.5, white",D05_white,GRU,1039,50,1,0,0.0,0.0,0.0,9999.0,0.6299,0.0252,0.6075
"D=0.5, white",D05_white,GRU,1039,100,1,0,0.0,0.0,0.0,9999.0,0.4143,0.0343,0.6075
"D=0.5, white",D05_white,GRU,1040,25,1,3,0.0,0.0,0.0,9999.0,0.8245,0.0167,0.4948
"D=0.5, white",D05_white,GRU,1040,50,1,3,0.0,0.0,0.0,9999.0,0.6182,0.0216,0.4948
"D=0.5, white",D05_white,GRU,1040,100,1,3,0.333333,1.0,0.5,64.0,0.6716,0.1762,0.4948
"D=0.5, white",D05_white,GRU,1041,25,1,1,0.0,0.0,0.0,9999.0,0.4162,0.0057,0.828
"D=0.5, white",D05_white,GRU,1041,50,1,1,0.0,0.0,0.0,9999.0,0.7069,0.0411,0.828
"D=0.5, white",D05_white,GRU,1041,100,1,1,1.0,1.0,1.0,90.0,0.7232,0.2038,0.828
"D=0.5, white",D05_white,GRU,1042,25,1,2,0.0,0.0,0.0,9999.0,0.6998,0.0059,0.606
"D=0.5, white",D05_white,GRU,1042,50,1,2,0.0,0.0,0.0,9999.0,0.5648,0.0175,0.606
"D=0.5, white",D05_white,GRU,1042,100,1,2,0.0,0.0,0.0,9999.0,0.5669,0.0435,0.606
"D=0.5, white",D05_white,GRU,1043,25,3,1,1.0,0.333333,0.5,0.0,0.9146,0.449,2.0743
"D=0.5, white",D05_white,GRU,1043,50,3,1,1.0,0.333333,0.5,0.0,0.7049,0.3008,2.0743
"D=0.5, white",D05_white,GRU,1043,100,3,1,1.0,0.333333,0.5,0.0,0.5106,0.2139,2.0743
"D=0.5, white",D05_white,GRU,1044,25,3,1,1.0,0.333333,0.5,0.0,0.5551,0.224,1.7482
"D=0.5, white",D05_white,GRU,1044,50,3,1,1.0,0.333333,0.5,0.0,0.6102,0.1835,1.7482
"D=0.5, white",D05_white,GRU,1044,100,3,1,1.0,0.333333,0.5,0.0,0.535,0.2149,1.7482
"D=0.5, white",D05_white,GRU,1045,25,1,1,0.0,0.0,0.0,9999.0,0.1877,0.0015,0.7308
"D=0.5, white",D05_white,GRU,1045,50,1,1,0.0,0.0,0.0,9999.0,0.2827,0.0098,0.7308
"D=0.5, white",D05_white,GRU,1045,100,1,1,0.0,0.0,0.0,9999.0,0.362,0.0292,0.7308
"D=0.5, white",D05_white,GRU,1046,25,1,2,0.0,0.0,0.0,9999.0,0.5393,0.0052,1.0656
"D=0.5, white",D05_white,GRU,1046,50,1,2,0.0,0.0,0.0,9999.0,0.7062,0.0286,1.0656
"D=0.5, white",D05_white,GRU,1046,100,1,2,0.0,0.0,0.0,9999.0,0.5314,0.0449,1.0656
"D=0.5, white",D05_white,GRU,1047,25,3,2,0.0,0.0,0.0,9999.0,0.8829,0.1904,0.9105
"D=0.5, white",D05_white,GRU,1047,50,3,2,0.0,0.0,0.0,9999.0,0.771,0.1502,0.9105
"D=0.5, white",D05_white,GRU,1047,100,3,2,0.0,0.0,0.0,9999.0,0.751,0.1746,0.9105
"D=0.5, white",D05_white,GRU,1048,25,7,4,0.75,0.428571,0.545455,2.0,0.6865,0.3318,1.0781
"D=0.5, white",D05_white,GRU,1048,50,7,4,0.75,0.428571,0.545455,2.0,0.6955,0.3382,1.0781
"D=0.5, white",D05_white,GRU,1048,100,7,4,0.75,0.428571,0.545455,2.0,0.6817,0.3426,1.0781
"D=0.5, white",D05_white,GRU,1049,25,3,4,0.0,0.0,0.0,9999.0,0.4696,0.0093,1.019
"D=0.5, white",D05_white,GRU,1049,50,3,4,0.0,0.0,0.0,9999.0,0.4301,0.0306,1.019
"D=0.5, white",D05_white,GRU,1049,100,3,4,0.0,0.0,0.0,9999.0,0.4967,0.0806,1.019
"D=1, white",D10_white,GRU,1000,25,39,10,0.8,0.205128,0.326531,1.0,0.645,0.6622,0.6081
"D=1, white",D10_white,GRU,1000,50,39,10,1.0,0.25641,0.408163,6.6,0.6471,0.874,0.6081
"D=1, white",D10_white,GRU,1000,100,39,10,1.0,0.25641,0.408163,6.6,0.6353,0.9904,0.6081
"D=1, white",D10_white,GRU,1001,25,35,8,1.0,0.228571,0.372093,1.875,0.6718,0.6474,1.0934
"D=1, white",D10_white,GRU,1001,50,35,8,1.0,0.228571,0.372093,1.875,0.6628,0.8161,1.0934
"D=1, white",D10_white,GRU,1001,100,35,8,1.0,0.228571,0.372093,1.875,0.7073,0.9673,1.0934
"D=1, white",D10_white,GRU,1002,25,43,14,0.928571,0.302326,0.45614,3.3846,0.6421,0.6784,0.8246
"D=1, white",D10_white,GRU,1002,50,43,14,0.928571,0.302326,0.45614,3.3846,0.5757,0.7934,0.8246
"D=1, white",D10_white,GRU,1002,100,43,14,0.928571,0.302326,0.45614,3.3846,0.2529,0.9382,0.8246
"D=1, white",D10_white,GRU,1003,25,43,11,0.818182,0.209302,0.333333,1.2222,0.5561,0.5635,0.8328
"D=1, white",D10_white,GRU,1003,50,43,11,0.818182,0.209302,0.333333,1.2222,0.5593,0.7214,0.8328
"D=1, white",D10_white,GRU,1003,100,43,11,1.0,0.255814,0.407407,14.4545,0.6108,0.9083,0.8328
"D=1, white",D10_white,GRU,1004,25,45,8,0.875,0.155556,0.264151,0.8571,0.5503,0.6106,0.5544
"D=1, white",D10_white,GRU,1004,50,45,8,0.875,0.155556,0.264151,0.8571,0.5048,0.7693,0.5544
"D=1, white",D10_white,GRU,1004,100,45,8,1.0,0.177778,0.301887,8.625,0.5536,0.941,0.5544
"D=1, white",D10_white,GRU,1005,25,37,10,0.8,0.216216,0.340426,3.5,0.6216,0.6085,0.7208
"D=1, white",D10_white,GRU,1005,50,37,10,0.9,0.243243,0.382979,7.1111,0.5327,0.773,0.7208
"D=1, white",D10_white,GRU,1005,100,37,10,1.0,0.27027,0.425532,12.5,0.5403,0.9233,0.7208
"D=1, white",D10_white,GRU,1006,25,39,12,0.916667,0.282051,0.431373,2.7273,0.6968,0.6862,0.569
"D=1, white",D10_white,GRU,1006,50,39,12,0.916667,0.282051,0.431373,2.7273,0.6659,0.8182,0.569
"D=1, white",D10_white,GRU,1006,100,39,12,1.0,0.307692,0.470588,6.9167,0.5928,0.9534,0.569
"D=1, white",D10_white,GRU,1007,25,21,6,0.666667,0.190476,0.296296,0.5,0.6436,0.4325,0.8367
"D=1, white",D10_white,GRU,1007,50,21,6,0.833333,0.238095,0.37037,8.8,0.5551,0.5448,0.8367
"D=1, white",D10_white,GRU,1007,100,21,6,0.833333,0.238095,0.37037,8.8,0.5071,0.6836,0.8367
"D=1, white",D10_white,GRU,1008,25,57,14,1.0,0.245614,0.394366,1.8571,0.6925,0.7877,0.6761
"D=1, white",D10_white,GRU,1008,50,57,14,1.0,0.245614,0.394366,1.8571,0.6557,0.9113,0.6761
"D=1, white",D10_white,GRU,1008,100,57,14,1.0,0.245614,0.394366,1.8571,0.8667,0.9968,0.6761
"D=1, white",D10_white,GRU,1009,25,45,11,0.909091,0.222222,0.357143,1.1,0.6376,0.6873,1.1551
"D=1, white",D10_white,GRU,1009,50,45,11,1.0,0.244444,0.392857,4.6364,0.5668,0.8016,1.1551
"D=1, white",D10_white,GRU,1009,100,45,11,1.0,0.244444,0.392857,4.6364,0.5721,0.9769,1.1551
"D=1, white",D10_white,GRU,1010,25,37,10,0.9,0.243243,0.382979,1.2222,0.685,0.6596,1.1925
"D=1, white",D10_white,GRU,1010,50,37,10,1.0,0.27027,0.425532,5.8,0.6462,0.7606,1.1925
"D=1, white",D10_white,GRU,1010,100,37,10,1.0,0.27027,0.425532,5.8,0.6441,0.8786,1.1925
"D=1, white",D10_white,GRU,1011,25,43,12,0.916667,0.255814,0.4,0.6364,0.6291,0.6867,0.9448
"D=1, white",D10_white,GRU,1011,50,43,12,0.916667,0.255814,0.4,0.6364,0.5535,0.7867,0.9448
"D=1, white",D10_white,GRU,1011,100,43,12,1.0,0.27907,0.436364,5.75,0.5109,0.9214,0.9448
"D=1, white",D10_white,GRU,1012,25,41,11,0.909091,0.243902,0.384615,0.8,0.6618,0.6629,0.5518
"D=1, white",D10_white,GRU,1012,50,41,11,1.0,0.268293,0.423077,5.0909,0.6397,0.7924,0.5518
"D=1, white",D10_white,GRU,1012,100,41,11,1.0,0.268293,0.423077,5.0909,0.6434,0.9078,0.5518
"D=1, white",D10_white,GRU,1013,25,49,12,0.916667,0.22449,0.360656,1.0909,0.6753,0.7014,0.7708
"D=1, white",D10_white,GRU,1013,50,49,12,1.0,0.244898,0.393443,4.4167,0.6105,0.8042,0.7708
"D=1, white",D10_white,GRU,1013,100,49,12,1.0,0.244898,0.393443,4.4167,0.6462,0.9408,0.7708
"D=1, white",D10_white,GRU,1014,25,35,12,0.833333,0.285714,0.425532,1.0,0.6265,0.6036,0.7076
"D=1, white",D10_white,GRU,1014,50,35,12,0.833333,0.285714,0.425532,1.0,0.5917,0.7258,0.7076
"D=1, white",D10_white,GRU,1014,100,35,12,1.0,0.342857,0.510638,13.25,0.5539,0.9175,0.7076
"D=1, white",D10_white,GRU,1015,25,47,14,0.928571,0.276596,0.42623,1.0769,0.7398,0.7643,0.5679
"D=1, white",D10_white,GRU,1015,50,47,14,0.928571,0.276596,0.42623,1.0769,0.6885,0.8985,0.5679
"D=1, white",D10_white,GRU,1015,100,47,14,1.0,0.297872,0.459016,5.2143,0.8532,0.9998,0.5679
"D=1, white",D10_white,GRU,1016,25,33,13,1.0,0.393939,0.565217,0.6154,0.6498,0.6602,0.8553
"D=1, white",D10_white,GRU,1016,50,33,13,1.0,0.393939,0.565217,0.6154,0.5653,0.7319,0.8553
"D=1, white",D10_white,GRU,1016,100,33,13,1.0,0.393939,0.565217,0.6154,0.5602,0.8415,0.8553
"D=1, white",D10_white,GRU,1017,25,43,13,0.923077,0.27907,0.428571,1.0833,0.5765,0.6414,0.849
"D=1, white",D10_white,GRU,1017,50,43,13,0.923077,0.27907,0.428571,1.0833,0.4804,0.7376,0.849
"D=1, white",D10_white,GRU,1017,100,43,13,1.0,0.302326,0.464286,6.0769,0.4886,0.8979,0.849
"D=1, white",D10_white,GRU,1018,25,49,10,0.9,0.183673,0.305085,3.0,0.6261,0.7101,0.9994
"D=1, white",D10_white,GRU,1018,50,49,10,1.0,0.204082,0.338983,7.5,0.5118,0.8407,0.9994
"D=1, white",D10_white,GRU,1018,100,49,10,1.0,0.204082,0.338983,7.5,0.4759,0.9822,0.9994
"D=1, white",D10_white,GRU,1019,25,47,10,1.0,0.212766,0.350877,1.4,0.6925,0.7258,0.9522
"D=1, white",D10_white,GRU,1019,50,47,10,1.0,0.212766,0.350877,1.4,0.6346,0.8397,0.9522
"D=1, white",D10_white,GRU,1019,100,47,10,1.0,0.212766,0.350877,1.4,0.4547,0.9459,0.9522
"D=1, white",D10_white,GRU,1020,25,41,11,1.0,0.268293,0.423077,1.0,0.6759,0.7177,0.6613
"D=1, white",D10_white,GRU,1020,50,41,11,1.0,0.268293,0.423077,1.0,0.6021,0.8066,0.6613
"D=1, white",D10_white,GRU,1020,100,41,11,1.0,0.268293,0.423077,1.0,0.7079,0.9837,0.6613
"D=1, white",D10_white,GRU,1021,25,37,9,0.888889,0.216216,0.347826,0.875,0.6752,0.6817,1.1605
"D=1, white",D10_white,GRU,1021,50,37,9,0.888889,0.216216,0.347826,0.875,0.6009,0.804,1.1605
"D=1, white",D10_white,GRU,1021,100,37,9,1.0,0.243243,0.391304,7.3333,0.5634,0.9517,1.1605
"D=1, white",D10_white,GRU,1022,25,40,9,1.0,0.225,0.367347,1.3333,0.7349,0.7481,0.6521
"D=1, white",D10_white,GRU,1022,50,40,9,1.0,0.225,0.367347,1.3333,0.6159,0.8401,0.6521
"D=1, white",D10_white,GRU,1022,100,40,9,1.0,0.225,0.367347,1.3333,0.673,0.9725,0.6521
"D=1, white",D10_white,GRU,1023,25,37,10,0.9,0.243243,0.382979,0.6667,0.7385,0.726,0.6117
"D=1, white",D10_white,GRU,1023,50,37,10,1.0,0.27027,0.425532,3.6,0.7146,0.8558,0.6117
"D=1, white",D10_white,GRU,1023,100,37,10,1.0,0.27027,0.425532,3.6,0.654,0.9697,0.6117
"D=1, white",D10_white,GRU,1024,25,45,6,1.0,0.133333,0.235294,1.1667,0.6314,0.6991,0.6557
"D=1, white",D10_white,GRU,1024,50,45,6,1.0,0.133333,0.235294,1.1667,0.5962,0.853,0.6557
"D=1, white",D10_white,GRU,1024,100,45,6,1.0,0.133333,0.235294,1.1667,0.8582,0.9993,0.6557
"D=1, white",D10_white,GRU,1025,25,29,8,0.625,0.172414,0.27027,1.6,0.6836,0.603,0.4239
"D=1, white",D10_white,GRU,1025,50,29,8,0.75,0.206897,0.324324,5.6667,0.5212,0.6995,0.4239
"D=1, white",D10_white,GRU,1025,100,29,8,0.875,0.241379,0.378378,17.7143,0.4912,0.8821,0.4239
"D=1, white",D10_white,GRU,1026,25,41,10,1.0,0.243902,0.392157,1.5,0.6846,0.6916,0.9159
"D=1, white",D10_white,GRU,1026,50,41,10,1.0,0.243902,0.392157,1.5,0.655,0.8069,0.9159
"D=1, white",D10_white,GRU,1026,100,41,10,1.0,0.243902,0.392157,1.5,0.6989,0.9499,0.9159
"D=1, white",D10_white,GRU,1027,25,27,7,1.0,0.259259,0.411765,1.1429,0.5777,0.4949,0.9486
"D=1, white",D10_white,GRU,1027,50,27,7,1.0,0.259259,0.411765,1.1429,0.5412,0.6028,0.9486
"D=1, white",D10_white,GRU,1027,100,27,7,1.0,0.259259,0.411765,1.1429,0.5386,0.7957,0.9486
"D=1, white",D10_white,GRU,1028,25,45,8,1.0,0.177778,0.301887,1.5,0.6752,0.724,1.0683
"D=1, white",D10_white,GRU,1028,50,45,8,1.0,0.177778,0.301887,1.5,0.6286,0.844,1.0683
"D=1, white",D10_white,GRU,1028,100,45,8,1.0,0.177778,0.301887,1.5,0.599,0.97,1.0683
"D=1, white",D10_white,GRU,1029,25,29,12,0.75,0.310345,0.439024,4.5556,0.6855,0.5855,1.0078
"D=1, white",D10_white,GRU,1029,50,29,12,0.75,0.310345,0.439024,4.5556,0.6039,0.6881,1.0078
"D=1, white",D10_white,GRU,1029,100,29,12,1.0,0.413793,0.585366,19.0,0.5032,0.8761,1.0078
"D=1, white",D10_white,GRU,1030,25,47,10,1.0,0.212766,0.350877,1.2,0.6904,0.7495,0.7324
"D=1, white",D10_white,GRU,1030,50,47,10,1.0,0.212766,0.350877,1.2,0.6358,0.8649,0.7324
"D=1, white",D10_white,GRU,1030,100,47,10,1.0,0.212766,0.350877,1.2,0.7482,0.9897,0.7324
"D=1, white",D10_white,GRU,1031,25,45,14,0.714286,0.222222,0.338983,1.0,0.7019,0.7218,0.6696
"D=1, white",D10_white,GRU,1031,50,45,14,0.928571,0.288889,0.440678,8.6154,0.6804,0.8772,0.6696
"D=1, white",D10_white,GRU,1031,100,45,14,1.0,0.311111,0.474576,13.3571,0.6683,0.9789,0.6696
"D=1, white",D10_white,GRU,1032,25,39,8,0.875,0.179487,0.297872,1.4286,0.6501,0.6238,0.7137
"D=1, white",D10_white,GRU,1032,50,39,8,0.875,0.179487,0.297872,1.4286,0.5032,0.7235,0.7137
"D=1, white",D10_white,GRU,1032,100,39,8,1.0,0.205128,0.340426,13.625,0.5298,0.9224,0.7137
"D=1, white",D10_white,GRU,1033,25,39,10,0.8,0.205128,0.326531,1.125,0.6425,0.6249,0.2713
"D=1, white",D10_white,GRU,1033,50,39,10,0.9,0.230769,0.367347,4.4444,0.5888,0.7955,0.2713
"D=1, white",D10_white,GRU,1033,100,39,10,1.0,0.25641,0.408163,11.7,0.4311,0.9708,0.2713
"D=1, white",D10_white,GRU,1034,25,47,10,0.9,0.191489,0.315789,1.1111,0.6156,0.6737,0.7872
"D=1, white",D10_white,GRU,1034,50,47,10,0.9,0.191489,0.315789,1.1111,0.5467,0.7608,0.7872
"D=1, white",D10_white,GRU,1034,100,47,10,1.0,0.212766,0.350877,6.5,0.4878,0.8531,0.7872
"D=1, white",D10_white,GRU,1035,25,39,8,1.0,0.205128,0.340426,0.75,0.6531,0.678,0.7649
"D=1, white",D10_white,GRU,1035,50,39,8,1.0,0.205128,0.340426,0.75,0.6364,0.8328,0.7649
"D=1, white",D10_white,GRU,1035,100,39,8,1.0,0.205128,0.340426,0.75,0.5744,0.9519,0.7649
"D=1, white",D10_white,GRU,1036,25,33,6,1.0,0.181818,0.307692,1.1667,0.6936,0.6678,1.073
"D=1, white",D10_white,GRU,1036,50,33,6,1.0,0.181818,0.307692,1.1667,0.6595,0.7393,1.073
"D=1, white",D10_white,GRU,1036,100,33,6,1.0,0.181818,0.307692,1.1667,0.5661,0.8274,1.073
"D=1, white",D10_white,GRU,1037,25,43,15,0.933333,0.325581,0.482759,0.8571,0.6524,0.6815,0.6298
"D=1, white",D10_white,GRU,1037,50,43,15,0.933333,0.325581,0.482759,0.8571,0.5527,0.8117,0.6298
"D=1, white",D10_white,GRU,1037,100,43,15,0.933333,0.325581,0.482759,0.8571,0.3584,0.934,0.6298
"D=1, white",D10_white,GRU,1038,25,49,10,1.0,0.204082,0.338983,1.2,0.7032,0.7908,1.0708
"D=1, white",D10_white,GRU,1038,50,49,10,1.0,0.204082,0.338983,1.2,0.6041,0.8917,1.0708
"D=1, white",D10_white,GRU,1038,100,49,10,1.0,0.204082,0.338983,1.2,0.8666,0.9977,1.0708
"D=1, white",D10_white,GRU,1039,25,41,9,0.888889,0.195122,0.32,1.375,0.6456,0.6459,1.0263
"D=1, white",D10_white,GRU,1039,50,41,9,0.888889,0.195122,0.32,1.375,0.5749,0.7278,1.0263
"D=1, white",D10_white,GRU,1039,100,41,9,1.0,0.219512,0.36,8.0,0.6332,0.8939,1.0263
"D=1, white",D10_white,GRU,1040,25,39,9,0.666667,0.153846,0.25,1.0,0.6884,0.5916,0.8919
"D=1, white",D10_white,GRU,1040,50,39,9,0.777778,0.179487,0.291667,6.0,0.6305,0.712,0.8919
"D=1, white",D10_white,GRU,1040,100,39,9,0.888889,0.205128,0.333333,13.375,0.6586,0.9015,0.8919
"D=1, white",D10_white,GRU,1041,25,47,13,1.0,0.276596,0.433333,1.4615,0.6852,0.742,0.6425
"D=1, white",D10_white,GRU,1041,50,47,13,1.0,0.276596,0.433333,1.4615,0.6968,0.9085,0.6425
"D=1, white",D10_white,GRU,1041,100,47,13,1.0,0.276596,0.433333,1.4615,0.8929,0.9985,0.6425
"D=1, white",D10_white,GRU,1042,25,43,8,1.0,0.186047,0.313725,0.75,0.7209,0.7493,0.6354
"D=1, white",D10_white,GRU,1042,50,43,8,1.0,0.186047,0.313725,0.75,0.6235,0.8075,0.6354
"D=1, white",D10_white,GRU,1042,100,43,8,1.0,0.186047,0.313725,0.75,0.527,0.9142,0.6354
"D=1, white",D10_white,GRU,1043,25,39,9,1.0,0.230769,0.375,1.6667,0.673,0.6779,0.5887
"D=1, white",D10_white,GRU,1043,50,39,9,1.0,0.230769,0.375,1.6667,0.651,0.8172,0.5887
"D=1, white",D10_white,GRU,1043,100,39,9,1.0,0.230769,0.375,1.6667,0.5183,0.9144,0.5887
"D=1, white",D10_white,GRU,1044,25,36,8,1.0,0.222222,0.363636,1.75,0.6934,0.6993,0.7534
"D=1, white",D10_white,GRU,1044,50,36,8,1.0,0.222222,0.363636,1.75,0.6714,0.8403,0.7534
"D=1, white",D10_white,GRU,1044,100,36,8,1.0,0.222222,0.363636,1.75,0.7512,0.9812,0.7534
"D=1, white",D10_white,GRU,1045,25,51,12,1.0,0.235294,0.380952,2.0,0.7007,0.8041,0.687
"D=1, white",D10_white,GRU,1045,50,51,12,1.0,0.235294,0.380952,2.0,0.6769,0.9076,0.687
"D=1, white",D10_white,GRU,1045,100,51,12,1.0,0.235294,0.380952,2.0,0.681,0.9676,0.687
"D=1, white",D10_white,GRU,1046,25,55,11,0.909091,0.181818,0.30303,3.0,0.6626,0.7673,1.007
"D=1, white",D10_white,GRU,1046,50,55,11,0.909091,0.181818,0.30303,3.0,0.6253,0.8945,1.007
"D=1, white",D10_white,GRU,1046,100,55,11,1.0,0.2,0.333333,7.5455,0.6404,0.9754,1.007
"D=1, white",D10_white,GRU,1047,25,43,10,0.8,0.186047,0.301887,2.0,0.692,0.6722,1.046
"D=1, white",D10_white,GRU,1047,50,43,10,0.9,0.209302,0.339623,5.2222,0.6587,0.824,1.046
"D=1, white",D10_white,GRU,1047,100,43,10,1.0,0.232558,0.377358,10.4,0.6494,0.9468,1.046
"D=1, white",D10_white,GRU,1048,25,51,11,0.909091,0.196078,0.322581,2.3,0.7182,0.7511,0.925
"D=1, white",D10_white,GRU,1048,50,51,11,0.909091,0.196078,0.322581,2.3,0.658,0.8013,0.925
"D=1, white",D10_white,GRU,1048,100,51,11,0.909091,0.196078,0.322581,2.3,0.6103,0.8896,0.925
"D=1, white",D10_white,GRU,1049,25,33,6,1.0,0.181818,0.307692,4.0,0.6141,0.5768,0.4017
"D=1, white",D10_white,GRU,1049,50,33,6,1.0,0.181818,0.307692,4.0,0.5599,0.6974,0.4017
"D=1, white",D10_white,GRU,1049,100,33,6,1.0,0.181818,0.307692,4.0,0.6742,0.9152,0.4017
"D=1, pink",D10_pink,GRU,1000,25,192,19,0.947368,0.09375,0.170616,0.7222,0.6224,0.8858,0.6084
"D=1, pink",D10_pink,GRU,1000,50,192,19,1.0,0.098958,0.180095,2.6842,0.6684,0.9824,0.6084
"D=1, pink",D10_pink,GRU,1000,100,192,19,1.0,0.098958,0.180095,2.6842,,,0.6084
"D=1, pink",D10_pink,GRU,1001,25,199,21,0.952381,0.100503,0.181818,0.65,0.6835,0.8482,0.6509
"D=1, pink",D10_pink,GRU,1001,50,199,21,1.0,0.105528,0.190909,2.8095,0.6218,0.9275,0.6509
"D=1, pink",D10_pink,GRU,1001,100,199,21,1.0,0.105528,0.190909,2.8095,,,0.6509
"D=1, pink",D10_pink,GRU,1002,25,205,20,1.0,0.097561,0.177778,0.7,0.6637,0.9341,0.7889
"D=1, pink",D10_pink,GRU,1002,50,205,20,1.0,0.097561,0.177778,0.7,0.6637,0.9832,0.7889
"D=1, pink",D10_pink,GRU,1002,100,205,20,1.0,0.097561,0.177778,0.7,,,0.7889
"D=1, pink",D10_pink,GRU,1003,25,186,20,0.95,0.102151,0.184466,1.8947,0.6035,0.9067,0.9804
"D=1, pink",D10_pink,GRU,1003,50,186,20,1.0,0.107527,0.194175,3.7,0.7598,0.9984,0.9804
"D=1, pink",D10_pink,GRU,1003,100,186,20,1.0,0.107527,0.194175,3.7,,,0.9804
"D=1, pink",D10_pink,GRU,1004,25,198,20,0.95,0.09596,0.174312,0.6316,0.5536,0.8425,1.0962
"D=1, pink",D10_pink,GRU,1004,50,198,20,0.95,0.09596,0.174312,0.6316,0.5008,0.9519,1.0962
"D=1, pink",D10_pink,GRU,1004,100,198,20,1.0,0.10101,0.183486,3.3,,,1.0962
"D=1, pink",D10_pink,GRU,1005,25,179,23,1.0,0.128492,0.227723,0.6522,0.6535,0.9308,1.0056
"D=1, pink",D10_pink,GRU,1005,50,179,23,1.0,0.128492,0.227723,0.6522,0.5854,0.9855,1.0056
"D=1, pink",D10_pink,GRU,1005,100,179,23,1.0,0.128492,0.227723,0.6522,,,1.0056
"D=1, pink",D10_pink,GRU,1006,25,193,22,1.0,0.11399,0.204651,0.7727,0.71,0.9144,0.8352
"D=1, pink",D10_pink,GRU,1006,50,193,22,1.0,0.11399,0.204651,0.7727,0.5502,0.969,0.8352
"D=1, pink",D10_pink,GRU,1006,100,193,22,1.0,0.11399,0.204651,0.7727,,,0.8352
"D=1, pink",D10_pink,GRU,1007,25,167,22,1.0,0.131737,0.232804,0.6364,0.5951,0.9255,0.7929
"D=1, pink",D10_pink,GRU,1007,50,167,22,1.0,0.131737,0.232804,0.6364,0.6448,0.9816,0.7929
"D=1, pink",D10_pink,GRU,1007,100,167,22,1.0,0.131737,0.232804,0.6364,,,0.7929
"D=1, pink",D10_pink,GRU,1008,25,211,22,0.863636,0.090047,0.16309,0.9474,0.6193,0.8311,0.6173
"D=1, pink",D10_pink,GRU,1008,50,211,22,1.0,0.104265,0.188841,6.6364,0.6919,0.9429,0.6173
"D=1, pink",D10_pink,GRU,1008,100,211,22,1.0,0.104265,0.188841,6.6364,0.5654,0.9837,0.6173
"D=1, pink",D10_pink,GRU,1009,25,178,21,0.952381,0.11236,0.201005,0.9,0.6632,0.9073,0.5799
"D=1, pink",D10_pink,GRU,1009,50,178,21,1.0,0.117978,0.211055,2.2857,0.6929,0.9759,0.5799
"D=1, pink",D10_pink,GRU,1009,100,178,21,1.0,0.117978,0.211055,2.2857,,,0.5799
"D=1, pink",D10_pink,GRU,1010,25,182,22,0.954545,0.115385,0.205882,0.7619,0.6992,0.9073,0.4899
"D=1, pink",D10_pink,GRU,1010,50,182,22,1.0,0.120879,0.215686,2.1818,0.6754,0.9857,0.4899
"D=1, pink",D10_pink,GRU,1010,100,182,22,1.0,0.120879,0.215686,2.1818,,,0.4899
"D=1, pink",D10_pink,GRU,1011,25,176,20,1.0,0.113636,0.204082,0.55,0.606,0.9028,0.828
"D=1, pink",D10_pink,GRU,1011,50,176,20,1.0,0.113636,0.204082,0.55,0.4809,0.9736,0.828
"D=1, pink",D10_pink,GRU,1011,100,176,20,1.0,0.113636,0.204082,0.55,,,0.828
"D=1, pink",D10_pink,GRU,1012,25,207,20,0.9,0.086957,0.15859,0.7778,0.603,0.872,1.0087
"D=1, pink",D10_pink,GRU,1012,50,207,20,0.95,0.091787,0.167401,3.3684,0.4665,0.9602,1.0087
"D=1, pink",D10_pink,GRU,1012,100,207,20,1.0,0.096618,0.176211,6.5,,,1.0087
"D=1, pink",D10_pink,GRU,1013,25,172,23,1.0,0.133721,0.235897,0.8696,0.6098,0.8972,1.0014
"D=1, pink",D10_pink,GRU,1013,50,172,23,1.0,0.133721,0.235897,0.8696,0.7111,0.984,1.0014
"D=1, pink",D10_pink,GRU,1013,100,172,23,1.0,0.133721,0.235897,0.8696,,,1.0014
"D=1, pink",D10_pink,GRU,1014,25,184,21,0.904762,0.103261,0.185366,0.5789,0.5803,0.8051,1.0926
"D=1, pink",D10_pink,GRU,1014,50,184,21,1.0,0.11413,0.204878,4.7143,0.5439,0.9322,1.0926
"D=1, pink",D10_pink,GRU,1014,100,184,21,1.0,0.11413,0.204878,4.7143,,,1.0926
"D=1, pink",D10_pink,GRU,1015,25,169,19,0.947368,0.106509,0.191489,0.5556,0.6848,0.9108,0.9782
"D=1, pink",D10_pink,GRU,1015,50,169,19,0.947368,0.106509,0.191489,0.5556,0.6983,0.9696,0.9782
"D=1, pink",D10_pink,GRU,1015,100,169,19,1.0,0.112426,0.202128,4.7368,,,0.9782
"D=1, pink",D10_pink,GRU,1016,25,181,24,1.0,0.132597,0.234146,0.7083,0.7349,0.9369,0.7144
"D=1, pink",D10_pink,GRU,1016,50,181,24,1.0,0.132597,0.234146,0.7083,0.7808,0.9872,0.7144
"D=1, pink",D10_pink,GRU,1016,100,181,24,1.0,0.132597,0.234146,0.7083,,,0.7144
"D=1, pink",D10_pink,GRU,1017,25,175,24,1.0,0.137143,0.241206,0.75,0.5438,0.9273,0.7351
"D=1, pink",D10_pink,GRU,1017,50,175,24,1.0,0.137143,0.241206,0.75,,,0.7351
"D=1, pink",D10_pink,GRU,1017,100,175,24,1.0,0.137143,0.241206,0.75,,,0.7351
"D=1, pink",D10_pink,GRU,1018,25,197,24,0.916667,0.111675,0.199095,0.8636,0.5815,0.9134,0.7746
"D=1, pink",D10_pink,GRU,1018,50,197,24,0.958333,0.116751,0.208145,2.3043,0.3733,0.9542,0.7746
"D=1, pink",D10_pink,GRU,1018,100,197,24,0.958333,0.116751,0.208145,2.3043,0.3706,0.9789,0.7746
"D=1, pink",D10_pink,GRU,1019,25,188,21,1.0,0.111702,0.200957,0.9048,0.5926,0.9227,1.2136
"D=1, pink",D10_pink,GRU,1019,50,188,21,1.0,0.111702,0.200957,0.9048,0.6822,0.987,1.2136
"D=1, pink",D10_pink,GRU,1019,100,188,21,1.0,0.111702,0.200957,0.9048,,,1.2136
"D=1, pink",D10_pink,GRU,1020,25,177,19,0.947368,0.101695,0.183673,0.8889,0.6644,0.879,1.0322
"D=1, pink",D10_pink,GRU,1020,50,177,19,1.0,0.107345,0.193878,3.1053,0.5292,0.967,1.0322
"D=1, pink",D10_pink,GRU,1020,100,177,19,1.0,0.107345,0.193878,3.1053,,,1.0322
"D=1, pink",D10_pink,GRU,1021,25,208,20,1.0,0.096154,0.175439,0.5,0.6464,0.8777,0.9459
"D=1, pink",D10_pink,GRU,1021,50,208,20,1.0,0.096154,0.175439,0.5,0.5584,0.9482,0.9459
"D=1, pink",D10_pink,GRU,1021,100,208,20,1.0,0.096154,0.175439,0.5,,,0.9459
"D=1, pink",D10_pink,GRU,1022,25,179,19,0.947368,0.100559,0.181818,0.5556,0.6896,0.9006,1.0893
"D=1, pink",D10_pink,GRU,1022,50,179,19,1.0,0.106145,0.191919,1.8947,0.6755,0.9795,1.0893
"D=1, pink",D10_pink,GRU,1022,100,179,19,1.0,0.106145,0.191919,1.8947,,,1.0893
"D=1, pink",D10_pink,GRU,1023,25,185,21,0.952381,0.108108,0.194175,0.7,0.6383,0.9007,0.8149
"D=1, pink",D10_pink,GRU,1023,50,185,21,0.952381,0.108108,0.194175,0.7,0.4694,0.9559,0.8149
"D=1, pink",D10_pink,GRU,1023,100,185,21,1.0,0.113514,0.203883,4.5238,,,0.8149
"D=1, pink",D10_pink,GRU,1024,25,192,22,1.0,0.114583,0.205607,1.0455,0.6252,0.9067,0.705
"D=1, pink",D10_pink,GRU,1024,50,192,22,1.0,0.114583,0.205607,1.0455,0.5948,0.9612,0.705
"D=1, pink",D10_pink,GRU,1024,100,192,22,1.0,0.114583,0.205607,1.0455,0.4464,0.9884,0.705
"D=1, pink",D10_pink,GRU,1025,25,186,22,1.0,0.11828,0.211538,0.7273,0.6937,0.9376,0.6868
"D=1, pink",D10_pink,GRU,1025,50,186,22,1.0,0.11828,0.211538,0.7273,0.6631,0.985,0.6868
"D=1, pink",D10_pink,GRU,1025,100,186,22,1.0,0.11828,0.211538,0.7273,,,0.6868
"D=1, pink",D10_pink,GRU,1026,25,199,19,1.0,0.095477,0.174312,0.9474,0.7068,0.8958,0.9326
"D=1, pink",D10_pink,GRU,1026,50,199,19,1.0,0.095477,0.174312,0.9474,0.7481,0.9671,0.9326
"D=1, pink",D10_pink,GRU,1026,100,199,19,1.0,0.095477,0.174312,0.9474,0.5063,0.994,0.9326
"D=1, pink",D10_pink,GRU,1027,25,207,21,0.904762,0.091787,0.166667,1.2105,0.6533,0.9205,1.3221
"D=1, pink",D10_pink,GRU,1027,50,207,21,1.0,0.101449,0.184211,4.3333,0.626,0.9864,1.3221
"D=1, pink",D10_pink,GRU,1027,100,207,21,1.0,0.101449,0.184211,4.3333,,,1.3221
"D=1, pink",D10_pink,GRU,1028,25,225,22,0.909091,0.088889,0.161943,0.75,0.6761,0.882,0.9902
"D=1, pink",D10_pink,GRU,1028,50,225,22,0.954545,0.093333,0.17004,2.3333,0.6322,0.9195,0.9902
"D=1, pink",D10_pink,GRU,1028,100,225,22,1.0,0.097778,0.178138,5.4091,0.6794,0.9867,0.9902
"D=1, pink",D10_pink,GRU,1029,25,187,23,0.956522,0.117647,0.209524,0.7727,0.6483,0.9279,0.9754
"D=1, pink",D10_pink,GRU,1029,50,187,23,1.0,0.122995,0.219048,2.1739,0.6821,0.9964,0.9754
"D=1, pink",D10_pink,GRU,1029,100,187,23,1.0,0.122995,0.219048,2.1739,,,0.9754
"D=1, pink",D10_pink,GRU,1030,25,194,21,1.0,0.108247,0.195349,0.8571,0.6297,0.9242,0.9624
"D=1, pink",D10_pink,GRU,1030,50,194,21,1.0,0.108247,0.195349,0.8571,0.6265,0.9983,0.9624
"D=1, pink",D10_pink,GRU,1030,100,194,21,1.0,0.108247,0.195349,0.8571,,,0.9624
"D=1, pink",D10_pink,GRU,1031,25,223,25,0.96,0.107623,0.193548,0.7917,0.5444,0.9226,0.7287
"D=1, pink",D10_pink,GRU,1031,50,223,25,0.96,0.107623,0.193548,0.7917,0.3724,0.9748,0.7287
"D=1, pink",D10_pink,GRU,1031,100,223,25,1.0,0.112108,0.201613,3.32,,,0.7287
"D=1, pink",D10_pink,GRU,1032,25,199,22,0.954545,0.105528,0.190045,0.7619,0.6136,0.866,0.8248
"D=1, pink",D10_pink,GRU,1032,50,199,22,0.954545,0.105528,0.190045,0.7619,0.644,0.9801,0.8248
"D=1, pink",D10_pink,GRU,1032,100,199,22,1.0,0.110553,0.199095,3.3182,0.5998,0.9992,0.8248
"D=1, pink",D10_pink,GRU,1033,25,173,22,1.0,0.127168,0.225641,0.6818,0.6763,0.9542,0.585
"D=1, pink",D10_pink,GRU,1033,50,173,22,1.0,0.127168,0.225641,0.6818,0.6522,0.9944,0.585
"D=1, pink",D10_pink,GRU,1033,100,173,22,1.0,0.127168,0.225641,0.6818,,,0.585
"D=1, pink",D10_pink,GRU,1034,25,187,17,1.0,0.090909,0.166667,0.5294,0.6882,0.941,1.1658
"D=1, pink",D10_pink,GRU,1034,50,187,17,1.0,0.090909,0.166667,0.5294,0.644,0.9894,1.1658
"D=1, pink",D10_pink,GRU,1034,100,187,17,1.0,0.090909,0.166667,0.5294,,,1.1658
"D=1, pink",D10_pink,GRU,1035,25,193,22,0.909091,0.103627,0.186047,0.65,0.608,0.9109,0.9869
"D=1, pink",D10_pink,GRU,1035,50,193,22,1.0,0.11399,0.204651,4.3182,0.5127,0.9874,0.9869
"D=1, pink",D10_pink,GRU,1035,100,193,22,1.0,0.11399,0.204651,4.3182,,,0.9869
"D=1, pink",D10_pink,GRU,1036,25,208,23,1.0,0.110577,0.199134,0.6957,0.6133,0.9123,0.9431
"D=1, pink",D10_pink,GRU,1036,50,208,23,1.0,0.110577,0.199134,0.6957,0.536,0.9795,0.9431
"D=1, pink",D10_pink,GRU,1036,100,208,23,1.0,0.110577,0.199134,0.6957,0.7503,0.9985,0.9431
"D=1, pink",D10_pink,GRU,1037,25,172,19,1.0,0.110465,0.198953,0.7895,0.7176,0.8995,0.8364
"D=1, pink",D10_pink,GRU,1037,50,172,19,1.0,0.110465,0.198953,0.7895,0.6753,0.9711,0.8364
"D=1, pink",D10_pink,GRU,1037,100,172,19,1.0,0.110465,0.198953,0.7895,,,0.8364
"D=1, pink",D10_pink,GRU,1038,25,184,20,1.0,0.108696,0.196078,0.7,0.5513,0.8754,0.8448
"D=1, pink",D10_pink,GRU,1038,50,184,20,1.0,0.108696,0.196078,0.7,0.4564,0.9803,0.8448
"D=1, pink",D10_pink,GRU,1038,100,184,20,1.0,0.108696,0.196078,0.7,,,0.8448
"D=1, pink",D10_pink,GRU,1039,25,183,20,1.0,0.10929,0.197044,0.9,0.627,0.88,0.6924
"D=1, pink",D10_pink,GRU,1039,50,183,20,1.0,0.10929,0.197044,0.9,0.6526,0.9403,0.6924
"D=1, pink",D10_pink,GRU,1039,100,183,20,1.0,0.10929,0.197044,0.9,0.7767,0.9958,0.6924
"D=1, pink",D10_pink,GRU,1040,25,176,17,0.882353,0.085227,0.15544,2.0,0.6002,0.7911,0.761
"D=1, pink",D10_pink,GRU,1040,50,176,17,1.0,0.096591,0.176166,6.2353,0.6219,0.9333,0.761
"D=1, pink",D10_pink,GRU,1040,100,176,17,1.0,0.096591,0.176166,6.2353,0.8339,0.9995,0.761
"D=1, pink",D10_pink,GRU,1041,25,184,18,0.944444,0.092391,0.168317,0.8824,0.6157,0.8621,0.5924
"D=1, pink",D10_pink,GRU,1041,50,184,18,0.944444,0.092391,0.168317,0.8824,0.5592,0.9132,0.5924
"D=1, pink",D10_pink,GRU,1041,100,184,18,0.944444,0.092391,0.168317,0.8824,0.301,0.9913,0.5924
"D=1, pink",D10_pink,GRU,1042,25,190,17,1.0,0.089474,0.164251,0.9412,0.6948,0.9152,0.6455
"D=1, pink",D10_pink,GRU,1042,50,190,17,1.0,0.089474,0.164251,0.9412,0.7573,0.9734,0.6455
"D=1, pink",D10_pink,GRU,1042,100,190,17,1.0,0.089474,0.164251,0.9412,0.681,0.9918,0.6455
"D=1, pink",D10_pink,GRU,1043,25,200,24,0.875,0.105,0.1875,0.9524,0.5324,0.8809,1.0088
"D=1, pink",D10_pink,GRU,1043,50,200,24,0.958333,0.115,0.205357,4.0,0.4717,0.9601,1.0088
"D=1, pink",D10_pink,GRU,1043,100,200,24,1.0,0.12,0.214286,6.8333,0.4477,0.9996,1.0088
"D=1, pink",D10_pink,GRU,1044,25,204,21,0.952381,0.098039,0.177778,0.75,0.6778,0.9031,0.9495
"D=1, pink",D10_pink,GRU,1044,50,204,21,1.0,0.102941,0.186667,2.6667,0.6772,0.9537,0.9495
"D=1, pink",D10_pink,GRU,1044,100,204,21,1.0,0.102941,0.186667,2.6667,0.6998,0.9912,0.9495
"D=1, pink",D10_pink,GRU,1045,25,180,20,1.0,0.111111,0.2,0.65,0.6429,0.904,0.8783
"D=1, pink",D10_pink,GRU,1045,50,180,20,1.0,0.111111,0.2,0.65,0.6192,0.9795,0.8783
"D=1, pink",D10_pink,GRU,1045,100,180,20,1.0,0.111111,0.2,0.65,0.6778,0.9944,0.8783
"D=1, pink",D10_pink,GRU,1046,25,215,23,0.956522,0.102326,0.184874,0.5,0.6327,0.8912,0.8231
"D=1, pink",D10_pink,GRU,1046,50,215,23,1.0,0.106977,0.193277,2.0,0.5007,0.9583,0.8231
"D=1, pink",D10_pink,GRU,1046,100,215,23,1.0,0.106977,0.193277,2.0,,,0.8231
"D=1, pink",D10_pink,GRU,1047,25,199,20,1.0,0.100503,0.182648,0.8,0.6268,0.8746,0.717
"D=1, pink",D10_pink,GRU,1047,50,199,20,1.0,0.100503,0.182648,0.8,0.6796,0.9621,0.717
"D=1, pink",D10_pink,GRU,1047,100,199,20,1.0,0.100503,0.182648,0.8,,,0.717
"D=1, pink",D10_pink,GRU,1048,25,215,23,0.913043,0.097674,0.176471,0.8571,0.6338,0.8948,0.5014
"D=1, pink",D10_pink,GRU,1048,50,215,23,0.913043,0.097674,0.176471,0.8571,0.5516,0.9394,0.5014
"D=1, pink",D10_pink,GRU,1048,100,215,23,1.0,0.106977,0.193277,6.5652,,,0.5014
"D=1, pink",D10_pink,GRU,1049,25,203,22,0.954545,0.103448,0.186667,0.9524,0.587,0.8875,0.6872
"D=1, pink",D10_pink,GRU,1049,50,203,22,0.954545,0.103448,0.186667,0.9524,0.6039,0.9787,0.6872
"D=1, pink",D10_pink,GRU,1049,100,203,22,1.0,0.108374,0.195556,3.7273,,,0.6872
"D=1.5, white",D15_white,GRU,1000,25,121,14,0.928571,0.107438,0.192593,1.3077,0.7439,0.9392,0.9633
"D=1.5, white",D15_white,GRU,1000,50,121,14,1.0,0.115702,0.207407,3.8571,0.6497,0.9786,0.9633
"D=1.5, white",D15_white,GRU,1000,100,121,14,1.0,0.115702,0.207407,3.8571,,,0.9633
"D=1.5, white",D15_white,GRU,1001,25,116,15,1.0,0.12931,0.229008,2.7333,0.7242,0.943,0.9064
"D=1.5, white",D15_white,GRU,1001,50,116,15,1.0,0.12931,0.229008,2.7333,0.7918,0.9986,0.9064
"D=1.5, white",D15_white,GRU,1001,100,116,15,1.0,0.12931,0.229008,2.7333,,,0.9064
"D=1.5, white",D15_white,GRU,1002,25,106,14,1.0,0.132075,0.233333,1.5714,0.7499,0.9484,1.1039
"D=1.5, white",D15_white,GRU,1002,50,106,14,1.0,0.132075,0.233333,1.5714,0.7391,0.9918,1.1039
"D=1.5, white",D15_white,GRU,1002,100,106,14,1.0,0.132075,0.233333,1.5714,,,1.1039
"D=1.5, white",D15_white,GRU,1003,25,107,20,1.0,0.186916,0.314961,1.05,0.6099,0.9061,0.7578
"D=1.5, white",D15_white,GRU,1003,50,107,20,1.0,0.186916,0.314961,1.05,0.5615,0.9909,0.7578
"D=1.5, white",D15_white,GRU,1003,100,107,20,1.0,0.186916,0.314961,1.05,,,0.7578
"D=1.5, white",D15_white,GRU,1004,25,133,21,1.0,0.157895,0.272727,1.4286,0.7669,0.976,0.7518
"D=1.5, white",D15_white,GRU,1004,50,133,21,1.0,0.157895,0.272727,1.4286,,,0.7518
"D=1.5, white",D15_white,GRU,1004,100,133,21,1.0,0.157895,0.272727,1.4286,,,0.7518
"D=1.5, white",D15_white,GRU,1005,25,93,14,1.0,0.150538,0.261682,1.4286,0.7019,0.9188,0.6692
"D=1.5, white",D15_white,GRU,1005,50,93,14,1.0,0.150538,0.261682,1.4286,0.4422,0.984,0.6692
"D=1.5, white",D15_white,GRU,1005,100,93,14,1.0,0.150538,0.261682,1.4286,,,0.6692
"D=1.5, white",D15_white,GRU,1006,25,121,15,1.0,0.123967,0.220588,1.3333,0.7619,0.9534,0.7248
"D=1.5, white",D15_white,GRU,1006,50,121,15,1.0,0.123967,0.220588,1.3333,0.7666,0.997,0.7248
"D=1.5, white",D15_white,GRU,1006,100,121,15,1.0,0.123967,0.220588,1.3333,,,0.7248
"D=1.5, white",D15_white,GRU,1007,25,102,16,1.0,0.156863,0.271186,1.625,0.7766,0.9449,0.5111
"D=1.5, white",D15_white,GRU,1007,50,102,16,1.0,0.156863,0.271186,1.625,0.7422,0.9941,0.5111
"D=1.5, white",D15_white,GRU,1007,100,102,16,1.0,0.156863,0.271186,1.625,,,0.5111
"D=1.5, white",D15_white,GRU,1008,25,117,19,1.0,0.162393,0.279412,0.9474,0.7634,0.944,0.5876
"D=1.5, white",D15_white,GRU,1008,50,117,19,1.0,0.162393,0.279412,0.9474,0.7691,0.9791,0.5876
"D=1.5, white",D15_white,GRU,1008,100,117,19,1.0,0.162393,0.279412,0.9474,0.7887,0.9972,0.5876
"D=1.5, white",D15_white,GRU,1009,25,112,17,1.0,0.151786,0.263566,1.1765,0.6837,0.9439,0.8968
"D=1.5, white",D15_white,GRU,1009,50,112,17,1.0,0.151786,0.263566,1.1765,0.5597,0.9835,0.8968
"D=1.5, white",D15_white,GRU,1009,100,112,17,1.0,0.151786,0.263566,1.1765,,,0.8968
"D=1.5, white",D15_white,GRU,1010,25,123,17,0.941176,0.130081,0.228571,1.625,0.7522,0.9412,1.1659
"D=1.5, white",D15_white,GRU,1010,50,123,17,1.0,0.138211,0.242857,3.6471,0.7549,0.9908,1.1659
"D=1.5, white",D15_white,GRU,1010,100,123,17,1.0,0.138211,0.242857,3.6471,,,1.1659
"D=1.5, white",D15_white,GRU,1011,25,121,13,0.923077,0.099174,0.179104,1.0833,0.6376,0.9339,0.9706
"D=1.5, white",D15_white,GRU,1011,50,121,13,0.923077,0.099174,0.179104,1.0833,0.4289,0.9734,0.9706
"D=1.5, white",D15_white,GRU,1011,100,121,13,1.0,0.107438,0.19403,5.8462,,,0.9706
"D=1.5, white",D15_white,GRU,1012,25,107,18,0.944444,0.158879,0.272,2.2353,0.7796,0.9356,0.9517
"D=1.5, white",D15_white,GRU,1012,50,107,18,1.0,0.168224,0.288,3.6667,0.8256,0.9922,0.9517
"D=1.5, white",D15_white,GRU,1012,100,107,18,1.0,0.168224,0.288,3.6667,,,0.9517
"D=1.5, white",D15_white,GRU,1013,25,106,13,1.0,0.122642,0.218487,1.2308,0.7035,0.903,1.1732
"D=1.5, white",D15_white,GRU,1013,50,106,13,1.0,0.122642,0.218487,1.2308,0.7739,0.9898,1.1732
"D=1.5, white",D15_white,GRU,1013,100,106,13,1.0,0.122642,0.218487,1.2308,,,1.1732
"D=1.5, white",D15_white,GRU,1014,25,101,15,1.0,0.148515,0.258621,0.7333,0.7124,0.9213,0.6604
"D=1.5, white",D15_white,GRU,1014,50,101,15,1.0,0.148515,0.258621,0.7333,0.761,0.9895,0.6604
"D=1.5, white",D15_white,GRU,1014,100,101,15,1.0,0.148515,0.258621,0.7333,,,0.6604
"D=1.5, white",D15_white,GRU,1015,25,110,14,0.928571,0.118182,0.209677,1.6154,0.6701,0.9103,0.603
"D=1.5, white",D15_white,GRU,1015,50,110,14,0.928571,0.118182,0.209677,1.6154,0.3105,0.9918,0.603
"D=1.5, white",D15_white,GRU,1015,100,110,14,1.0,0.127273,0.225806,5.1429,,,0.603
"D=1.5, white",D15_white,GRU,1016,25,111,20,0.95,0.171171,0.290076,1.7368,0.6339,0.9219,0.5502
"D=1.5, white",D15_white,GRU,1016,50,111,20,0.95,0.171171,0.290076,1.7368,0.4811,0.9744,0.5502
"D=1.5, white",D15_white,GRU,1016,100,111,20,1.0,0.18018,0.305344,4.5,,,0.5502
"D=1.5, white",D15_white,GRU,1017,25,110,21,1.0,0.190909,0.320611,1.2381,0.678,0.9365,0.7916
"D=1.5, white",D15_white,GRU,1017,50,110,21,1.0,0.190909,0.320611,1.2381,0.6932,0.9925,0.7916
"D=1.5, white",D15_white,GRU,1017,100,110,21,1.0,0.190909,0.320611,1.2381,,,0.7916
"D=1.5, white",D15_white,GRU,1018,25,117,20,0.95,0.162393,0.277372,2.1579,0.7217,0.9571,0.4398
"D=1.5, white",D15_white,GRU,1018,50,117,20,1.0,0.17094,0.291971,3.8,0.9389,0.9999,0.4398
"D=1.5, white",D15_white,GRU,1018,100,117,20,1.0,0.17094,0.291971,3.8,,,0.4398
"D=1.5, white",D15_white,GRU,1019,25,111,15,1.0,0.135135,0.238095,1.4,0.7504,0.9335,1.0289
"D=1.5, white",D15_white,GRU,1019,50,111,15,1.0,0.135135,0.238095,1.4,0.8648,0.9949,1.0289
"D=1.5, white",D15_white,GRU,1019,100,111,15,1.0,0.135135,0.238095,1.4,,,1.0289
"D=1.5, white",D15_white,GRU,1020,25,119,15,0.933333,0.117647,0.208955,0.9286,0.6409,0.9088,0.9398
"D=1.5, white",D15_white,GRU,1020,50,119,15,0.933333,0.117647,0.208955,0.9286,0.656,0.9703,0.9398
"D=1.5, white",D15_white,GRU,1020,100,119,15,1.0,0.12605,0.223881,5.0667,,,0.9398
"D=1.5, white",D15_white,GRU,1021,25,117,15,1.0,0.128205,0.227273,1.8667,0.8084,0.9535,0.7998
"D=1.5, white",D15_white,GRU,1021,50,117,15,1.0,0.128205,0.227273,1.8667,0.7543,0.9868,0.7998
"D=1.5, white",D15_white,GRU,1021,100,117,15,1.0,0.128205,0.227273,1.8667,,,0.7998
"D=1.5, white",D15_white,GRU,1022,25,124,14,1.0,0.112903,0.202899,0.6429,0.7241,0.9403,1.1278
"D=1.5, white",D15_white,GRU,1022,50,124,14,1.0,0.112903,0.202899,0.6429,0.6492,0.9998,1.1278
"D=1.5, white",D15_white,GRU,1022,100,124,14,1.0,0.112903,0.202899,0.6429,,,1.1278
"D=1.5, white",D15_white,GRU,1023,25,115,11,0.909091,0.086957,0.15873,0.9,0.7664,0.9281,1.0671
"D=1.5, white",D15_white,GRU,1023,50,115,11,1.0,0.095652,0.174603,3.9091,0.7437,0.9753,1.0671
"D=1.5, white",D15_white,GRU,1023,100,115,11,1.0,0.095652,0.174603,3.9091,0.6877,0.9982,1.0671
"D=1.5, white",D15_white,GRU,1024,25,101,14,1.0,0.138614,0.243478,1.1429,0.7168,0.9344,0.5914
"D=1.5, white",D15_white,GRU,1024,50,101,14,1.0,0.138614,0.243478,1.1429,0.399,0.9929,0.5914
"D=1.5, white",D15_white,GRU,1024,100,101,14,1.0,0.138614,0.243478,1.1429,,,0.5914
"D=1.5, white",D15_white,GRU,1025,25,103,15,0.933333,0.135922,0.237288,1.2857,0.6998,0.9257,0.5346
"D=1.5, white",D15_white,GRU,1025,50,103,15,0.933333,0.135922,0.237288,1.2857,0.5324,0.98,0.5346
"D=1.5, white",D15_white,GRU,1025,100,103,15,1.0,0.145631,0.254237,4.6667,,,0.5346
"D=1.5, white",D15_white,GRU,1026,25,100,13,1.0,0.13,0.230088,0.6923,0.7288,0.9319,0.8641
"D=1.5, white",D15_white,GRU,1026,50,100,13,1.0,0.13,0.230088,0.6923,0.8798,0.9984,0.8641
"D=1.5, white",D15_white,GRU,1026,100,100,13,1.0,0.13,0.230088,0.6923,,,0.8641
"D=1.5, white",D15_white,GRU,1027,25,106,12,1.0,0.113208,0.20339,1.0,0.7057,0.9117,0.3345
"D=1.5, white",D15_white,GRU,1027,50,106,12,1.0,0.113208,0.20339,1.0,0.6722,0.9745,0.3345
"D=1.5, white",D15_white,GRU,1027,100,106,12,1.0,0.113208,0.20339,1.0,,,0.3345
"D=1.5, white",D15_white,GRU,1028,25,122,17,1.0,0.139344,0.244604,2.0,0.7038,0.9169,0.7811
"D=1.5, white",D15_white,GRU,1028,50,122,17,1.0,0.139344,0.244604,2.0,0.7413,0.9847,0.7811
"D=1.5, white",D15_white,GRU,1028,100,122,17,1.0,0.139344,0.244604,2.0,,,0.7811
"D=1.5, white",D15_white,GRU,1029,25,111,17,1.0,0.153153,0.265625,1.2941,0.7177,0.9313,0.8253
"D=1.5, white",D15_white,GRU,1029,50,111,17,1.0,0.153153,0.265625,1.2941,0.7681,0.9964,0.8253
"D=1.5, white",D15_white,GRU,1029,100,111,17,1.0,0.153153,0.265625,1.2941,,,0.8253
"D=1.5, white",D15_white,GRU,1030,25,127,18,1.0,0.141732,0.248276,2.1667,0.8098,0.9768,1.0031
"D=1.5, white",D15_white,GRU,1030,50,127,18,1.0,0.141732,0.248276,2.1667,,,1.0031
"D=1.5, white",D15_white,GRU,1030,100,127,18,1.0,0.141732,0.248276,2.1667,,,1.0031
"D=1.5, white",D15_white,GRU,1031,25,154,23,1.0,0.149351,0.259887,1.2174,0.7083,0.9624,1.4972
"D=1.5, white",D15_white,GRU,1031,50,154,23,1.0,0.149351,0.259887,1.2174,,,1.4972
"D=1.5, white",D15_white,GRU,1031,100,154,23,1.0,0.149351,0.259887,1.2174,,,1.4972
"D=1.5, white",D15_white,GRU,1032,25,112,17,0.941176,0.142857,0.248062,2.0,0.5855,0.9254,1.3294
"D=1.5, white",D15_white,GRU,1032,50,112,17,1.0,0.151786,0.263566,3.5294,,,1.3294
"D=1.5, white",D15_white,GRU,1032,100,112,17,1.0,0.151786,0.263566,3.5294,,,1.3294
"D=1.5, white",D15_white,GRU,1033,25,101,17,1.0,0.168317,0.288136,3.2353,0.7389,0.9202,1.3348
"D=1.5, white",D15_white,GRU,1033,50,101,17,1.0,0.168317,0.288136,3.2353,0.9099,0.9962,1.3348
"D=1.5, white",D15_white,GRU,1033,100,101,17,1.0,0.168317,0.288136,3.2353,,,1.3348
"D=1.5, white",D15_white,GRU,1034,25,125,14,1.0,0.112,0.201439,2.9286,0.7714,0.9661,1.161
"D=1.5, white",D15_white,GRU,1034,50,125,14,1.0,0.112,0.201439,2.9286,0.8499,0.9965,1.161
"D=1.5, white",D15_white,GRU,1034,100,125,14,1.0,0.112,0.201439,2.9286,,,1.161
"D=1.5, white",D15_white,GRU,1035,25,107,12,1.0,0.11215,0.201681,3.75,0.6921,0.9312,1.2502
"D=1.5, white",D15_white,GRU,1035,50,107,12,1.0,0.11215,0.201681,3.75,0.8964,0.9994,1.2502
"D=1.5, white",D15_white,GRU,1035,100,107,12,1.0,0.11215,0.201681,3.75,,,1.2502
"D=1.5, white",D15_white,GRU,1036,25,116,17,1.0,0.146552,0.255639,1.2941,0.7162,0.9434,1.2281
"D=1.5, white",D15_white,GRU,1036,50,116,17,1.0,0.146552,0.255639,1.2941,0.8358,0.9942,1.2281
"D=1.5, white",D15_white,GRU,1036,100,116,17,1.0,0.146552,0.255639,1.2941,,,1.2281
"D=1.5, white",D15_white,GRU,1037,25,112,16,1.0,0.142857,0.25,1.0,0.7406,0.9312,1.4207
"D=1.5, white",D15_white,GRU,1037,50,112,16,1.0,0.142857,0.25,1.0,0.571,0.9873,1.4207
"D=1.5, white",D15_white,GRU,1037,100,112,16,1.0,0.142857,0.25,1.0,,,1.4207
"D=1.5, white",D15_white,GRU,1038,25,130,21,1.0,0.161538,0.278146,0.9048,0.7734,0.9605,1.1404
"D=1.5, white",D15_white,GRU,1038,50,130,21,1.0,0.161538,0.278146,0.9048,0.5487,0.9969,1.1404
"D=1.5, white",D15_white,GRU,1038,100,130,21,1.0,0.161538,0.278146,0.9048,,,1.1404
"D=1.5, white",D15_white,GRU,1039,25,105,15,1.0,0.142857,0.25,1.6,0.7667,0.9417,0.9593
"D=1.5, white",D15_white,GRU,1039,50,105,15,1.0,0.142857,0.25,1.6,0.7354,0.9914,0.9593
"D=1.5, white",D15_white,GRU,1039,100,105,15,1.0,0.142857,0.25,1.6,,,0.9593
"D=1.5, white",D15_white,GRU,1040,25,113,17,1.0,0.150442,0.261538,1.3529,0.6771,0.9023,1.2304
"D=1.5, white",D15_white,GRU,1040,50,113,17,1.0,0.150442,0.261538,1.3529,0.6632,0.9914,1.2304
"D=1.5, white",D15_white,GRU,1040,100,113,17,1.0,0.150442,0.261538,1.3529,,,1.2304
"D=1.5, white",D15_white,GRU,1041,25,133,16,1.0,0.120301,0.214765,0.9375,0.6857,0.9547,1.4305
"D=1.5, white",D15_white,GRU,1041,50,133,16,1.0,0.120301,0.214765,0.9375,0.9497,0.9996,1.4305
"D=1.5, white",D15_white,GRU,1041,100,133,16,1.0,0.120301,0.214765,0.9375,,,1.4305
"D=1.5, white",D15_white,GRU,1042,25,127,18,1.0,0.141732,0.248276,1.1111,0.7418,0.9649,1.5095
"D=1.5, white",D15_white,GRU,1042,50,127,18,1.0,0.141732,0.248276,1.1111,0.6789,0.9814,1.5095
"D=1.5, white",D15_white,GRU,1042,100,127,18,1.0,0.141732,0.248276,1.1111,,,1.5095
"D=1.5, white",D15_white,GRU,1043,25,123,18,0.944444,0.138211,0.241135,1.1176,0.7626,0.9479,1.4679
"D=1.5, white",D15_white,GRU,1043,50,123,18,1.0,0.146341,0.255319,2.7222,0.6593,0.9937,1.4679
"D=1.5, white",D15_white,GRU,1043,100,123,18,1.0,0.146341,0.255319,2.7222,,,1.4679
"D=1.5, white",D15_white,GRU,1044,25,101,17,1.0,0.168317,0.288136,1.0,0.6757,0.919,1.1773
"D=1.5, white",D15_white,GRU,1044,50,101,17,1.0,0.168317,0.288136,1.0,0.358,0.9942,1.1773
"D=1.5, white",D15_white,GRU,1044,100,101,17,1.0,0.168317,0.288136,1.0,,,1.1773
"D=1.5, white",D15_white,GRU,1045,25,113,14,1.0,0.123894,0.220472,1.3571,0.7774,0.9503,1.366
"D=1.5, white",D15_white,GRU,1045,50,113,14,1.0,0.123894,0.220472,1.3571,0.7998,0.9892,1.366
"D=1.5, white",D15_white,GRU,1045,100,113,14,1.0,0.123894,0.220472,1.3571,,,1.366
"D=1.5, white",D15_white,GRU,1046,25,124,20,1.0,0.16129,0.277778,1.05,0.7539,0.9747,1.2183
"D=1.5, white",D15_white,GRU,1046,50,124,20,1.0,0.16129,0.277778,1.05,,,1.2183
"D=1.5, white",D15_white,GRU,1046,100,124,20,1.0,0.16129,0.277778,1.05,,,1.2183
"D=1.5, white",D15_white,GRU,1047,25,111,14,1.0,0.126126,0.224,1.3571,0.7862,0.9428,1.3325
"D=1.5, white",D15_white,GRU,1047,50,111,14,1.0,0.126126,0.224,1.3571,0.9025,0.9986,1.3325
"D=1.5, white",D15_white,GRU,1047,100,111,14,1.0,0.126126,0.224,1.3571,,,1.3325
"D=1.5, white",D15_white,GRU,1048,25,134,20,0.95,0.141791,0.246753,1.0526,0.7768,0.9597,1.3116
"D=1.5, white",D15_white,GRU,1048,50,134,20,0.95,0.141791,0.246753,1.0526,0.415,0.9894,1.3116
"D=1.5, white",D15_white,GRU,1048,100,134,20,1.0,0.149254,0.25974,3.95,,,1.3116
"D=1.5, white",D15_white,GRU,1049,25,123,17,1.0,0.138211,0.242857,1.1765,0.7622,0.9589,1.4966
"D=1.5, white",D15_white,GRU,1049,50,123,17,1.0,0.138211,0.242857,1.1765,0.7552,0.9921,1.4966
"D=1.5, white",D15_white,GRU,1049,100,123,17,1.0,0.138211,0.242857,1.1765,,,1.4966
"D=0.5, white",D05_white,GRU_v2,1000,25,5,3,0.666667,0.4,0.5,1.5,0.9419,0.607,9.3209
"D=0.5, white",D05_white,GRU_v2,1000,50,5,3,1.0,0.6,0.75,16.0,0.8481,0.5998,9.3209
"D=0.5, white",D05_white,GRU_v2,1000,100,5,3,1.0,0.6,0.75,16.0,0.6062,0.46,9.3209
"D=0.5, white",D05_white,GRU_v2,1001,25,1,0,0.0,0.0,0.0,9999.0,,,0.68
"D=0.5, white",D05_white,GRU_v2,1001,50,1,0,0.0,0.0,0.0,9999.0,0.3706,0.002,0.68
"D=0.5, white",D05_white,GRU_v2,1001,100,1,0,0.0,0.0,0.0,9999.0,0.3898,0.0215,0.68
"D=0.5, white",D05_white,GRU_v2,1002,25,1,0,0.0,0.0,0.0,9999.0,,,0.9286
"D=0.5, white",D05_white,GRU_v2,1002,50,1,0,0.0,0.0,0.0,9999.0,0.3069,0.003,0.9286
"D=0.5, white",D05_white,GRU_v2,1002,100,1,0,0.0,0.0,0.0,9999.0,0.3562,0.0215,0.9286
"D=0.5, white",D05_white,GRU_v2,1003,25,3,4,0.5,0.666667,0.571429,10.0,0.9297,0.5589,1.0319
"D=0.5, white",D05_white,GRU_v2,1003,50,3,4,0.5,0.666667,0.571429,10.0,0.8248,0.3822,1.0319
"D=0.5, white",D05_white,GRU_v2,1003,100,3,4,0.75,1.0,0.857143,28.0,0.8204,0.4703,1.0319
"D=0.5, white",D05_white,GRU_v2,1004,25,3,1,1.0,0.333333,0.5,2.0,0.9063,0.5728,1.2504
"D=0.5, white",D05_white,GRU_v2,1004,50,3,1,1.0,0.333333,0.5,2.0,0.8278,0.4286,1.2504
"D=0.5, white",D05_white,GRU_v2,1004,100,3,1,1.0,0.333333,0.5,2.0,0.7657,0.4113,1.2504
"D=0.5, white",D05_white,GRU_v2,1005,25,3,2,0.5,0.333333,0.4,1.0,0.9577,0.609,1.3084
"D=0.5, white",D05_white,GRU_v2,1005,50,3,2,0.5,0.333333,0.4,1.0,0.8063,0.3863,1.3084
"D=0.5, white",D05_white,GRU_v2,1005,100,3,2,0.5,0.333333,0.4,1.0,0.5834,0.2623,1.3084
"D=0.5, white",D05_white,GRU_v2,1006,25,1,2,0.0,0.0,0.0,9999.0,,,1.2815
"D=0.5, white",D05_white,GRU_v2,1006,50,1,2,0.0,0.0,0.0,9999.0,0.5559,0.0055,1.2815
"D=0.5, white",D05_white,GRU_v2,1006,100,1,2,0.0,0.0,0.0,9999.0,0.375,0.0229,1.2815
"D=0.5, white",D05_white,GRU_v2,1007,25,1,4,0.0,0.0,0.0,9999.0,,,0.8147
"D=0.5, white",D05_white,GRU_v2,1007,50,1,4,0.0,0.0,0.0,9999.0,0.9441,0.0302,0.8147
"D=0.5, white",D05_white,GRU_v2,1007,100,1,4,0.25,1.0,0.4,56.0,0.8135,0.1374,0.8147
"D=0.5, white",D05_white,GRU_v2,1008,25,3,4,0.5,0.666667,0.571429,3.5,0.9296,0.5746,0.6022
"D=0.5, white",D05_white,GRU_v2,1008,50,3,4,0.5,0.666667,0.571429,3.5,0.8117,0.3673,0.6022
"D=0.5, white",D05_white,GRU_v2,1008,100,3,4,0.5,0.666667,0.571429,3.5,0.6771,0.3113,0.6022
"D=0.5, white",D05_white,GRU_v2,1009,25,3,2,0.5,0.333333,0.4,1.0,0.7879,0.409,0.8273
"D=0.5, white",D05_white,GRU_v2,1009,50,3,2,0.5,0.333333,0.4,1.0,0.6405,0.2487,0.8273
"D=0.5, white",D05_white,GRU_v2,1009,100,3,2,1.0,0.666667,0.8,47.0,0.6937,0.4125,0.8273
"D=0.5, white",D05_white,GRU_v2,1010,25,3,1,1.0,0.333333,0.5,0.0,0.9362,0.6621,1.0123
"D=0.5, white",D05_white,GRU_v2,1010,50,3,1,1.0,0.333333,0.5,0.0,0.8381,0.4857,1.0123
"D=0.5, white",D05_white,GRU_v2,1010,100,3,1,1.0,0.333333,0.5,0.0,0.6383,0.3163,1.0123
"D=0.5, white",D05_white,GRU_v2,1011,25,3,2,0.5,0.333333,0.4,0.0,0.9255,0.561,1.1644
"D=0.5, white",D05_white,GRU_v2,1011,50,3,2,1.0,0.666667,0.8,24.5,0.8906,0.5813,1.1644
"D=0.5, white",D05_white,GRU_v2,1011,100,3,2,1.0,0.666667,0.8,24.5,0.6334,0.3968,1.1644
"D=0.5, white",D05_white,GRU_v2,1012,25,1,1,0.0,0.0,0.0,9999.0,,,1.3247
"D=0.5, white",D05_white,GRU_v2,1012,50,1,1,0.0,0.0,0.0,9999.0,0.4083,0.0034,1.3247
"D=0.5, white",D05_white,GRU_v2,1012,100,1,1,0.0,0.0,0.0,9999.0,0.7821,0.0907,1.3247
"D=0.5, white",D05_white,GRU_v2,1013,25,3,4,0.25,0.333333,0.285714,2.0,0.7951,0.1196,1.4541
"D=0.5, white",D05_white,GRU_v2,1013,50,3,4,0.25,0.333333,0.285714,2.0,0.6209,0.1118,1.4541
"D=0.5, white",D05_white,GRU_v2,1013,100,3,4,0.25,0.333333,0.285714,2.0,0.5642,0.1651,1.4541
"D=0.5, white",D05_white,GRU_v2,1014,25,3,2,0.5,0.333333,0.4,2.0,0.8413,0.4484,0.8224
"D=0.5, white",D05_white,GRU_v2,1014,50,3,2,0.5,0.333333,0.4,2.0,0.6715,0.2957,0.8224
"D=0.5, white",D05_white,GRU_v2,1014,100,3,2,0.5,0.333333,0.4,2.0,0.5285,0.2275,0.8224
"D=0.5, white",D05_white,GRU_v2,1015,25,1,0,0.0,0.0,0.0,9999.0,,,0.9868
"D=0.5, white",D05_white,GRU_v2,1015,50,1,0,0.0,0.0,0.0,9999.0,0.838,0.0173,0.9868
"D=0.5, white",D05_white,GRU_v2,1015,100,1,0,0.0,0.0,0.0,9999.0,0.4379,0.0274,0.9868
"D=0.5, white",D05_white,GRU_v2,1016,25,3,3,0.666667,0.666667,0.666667,3.5,0.9246,0.4839,0.8928
"D=0.5, white",D05_white,GRU_v2,1016,50,3,3,0.666667,0.666667,0.666667,3.5,0.8328,0.4593,0.8928
"D=0.5, white",D05_white,GRU_v2,1016,100,3,3,1.0,1.0,1.0,23.6667,0.7443,0.3863,0.8928
"D=0.5, white",D05_white,GRU_v2,1017,25,1,1,0.0,0.0,0.0,9999.0,,,0.9423
"D=0.5, white",D05_white,GRU_v2,1017,50,1,1,0.0,0.0,0.0,9999.0,0.6189,0.004,0.9423
"D=0.5, white",D05_white,GRU_v2,1017,100,1,1,0.0,0.0,0.0,9999.0,0.5612,0.0303,0.9423
"D=0.5, white",D05_white,GRU_v2,1018,25,1,2,0.0,0.0,0.0,9999.0,,,1.2541
"D=0.5, white",D05_white,GRU_v2,1018,50,1,2,0.0,0.0,0.0,9999.0,0.8636,0.0126,1.2541
"D=0.5, white",D05_white,GRU_v2,1018,100,1,2,0.0,0.0,0.0,9999.0,0.5789,0.0332,1.2541
"D=0.5, white",D05_white,GRU_v2,1019,25,1,2,0.0,0.0,0.0,9999.0,,,1.271
"D=0.5, white",D05_white,GRU_v2,1019,50,1,2,0.0,0.0,0.0,9999.0,0.028,0.0019,1.271
"D=0.5, white",D05_white,GRU_v2,1019,100,1,2,0.0,0.0,0.0,9999.0,0.2695,0.0188,1.271
"D=0.5, white",D05_white,GRU_v2,1020,25,1,1,0.0,0.0,0.0,9999.0,,,0.8481
"D=0.5, white",D05_white,GRU_v2,1020,50,1,1,0.0,0.0,0.0,9999.0,0.0885,0.0023,0.8481
"D=0.5, white",D05_white,GRU_v2,1020,100,1,1,0.0,0.0,0.0,9999.0,0.333,0.0207,0.8481
"D=0.5, white",D05_white,GRU_v2,1021,25,1,0,0.0,0.0,0.0,9999.0,,,1.3077
"D=0.5, white",D05_white,GRU_v2,1021,50,1,0,0.0,0.0,0.0,9999.0,0.3487,0.0024,1.3077
"D=0.5, white",D05_white,GRU_v2,1021,100,1,0,0.0,0.0,0.0,9999.0,0.2986,0.0195,1.3077
"D=0.5, white",D05_white,GRU_v2,1022,25,3,4,0.5,0.666667,0.571429,8.5,0.9924,0.8462,0.7136
"D=0.5, white",D05_white,GRU_v2,1022,50,3,4,0.5,0.666667,0.571429,8.5,0.8719,0.5737,0.7136
"D=0.5, white",D05_white,GRU_v2,1022,100,3,4,0.5,0.666667,0.571429,8.5,0.7112,0.3956,0.7136
"D=0.5, white",D05_white,GRU_v2,1023,25,3,3,0.333333,0.333333,0.333333,2.0,0.9439,0.4211,1.0292
"D=0.5, white",D05_white,GRU_v2,1023,50,3,3,0.333333,0.333333,0.333333,2.0,0.8231,0.3364,1.0292
"D=0.5, white",D05_white,GRU_v2,1023,100,3,3,0.333333,0.333333,0.333333,2.0,0.5729,0.2447,1.0292
"D=0.5, white",D05_white,GRU_v2,1024,25,5,4,0.75,0.6,0.666667,5.3333,0.9307,0.6205,0.8746
"D=0.5, white",D05_white,GRU_v2,1024,50,5,4,0.75,0.6,0.666667,5.3333,0.8327,0.4991,0.8746
"D=0.5, white",D05_white,GRU_v2,1024,100,5,4,1.0,0.8,0.888889,23.5,0.7207,0.5653,0.8746
"D=0.5, white",D05_white,GRU_v2,1025,25,1,0,0.0,0.0,0.0,9999.0,,,1.0721
"D=0.5, white",D05_white,GRU_v2,1025,50,1,0,0.0,0.0,0.0,9999.0,0.2434,0.0023,1.0721
"D=0.5, white",D05_white,GRU_v2,1025,100,1,0,0.0,0.0,0.0,9999.0,0.4058,0.0228,1.0721
"D=0.5, white",D05_white,GRU_v2,1026,25,1,0,0.0,0.0,0.0,9999.0,,,1.4724
"D=0.5, white",D05_white,GRU_v2,1026,50,1,0,0.0,0.0,0.0,9999.0,0.7929,0.0222,1.4724
"D=0.5, white",D05_white,GRU_v2,1026,100,1,0,0.0,0.0,0.0,9999.0,0.6251,0.0428,1.4724
"D=0.5, white",D05_white,GRU_v2,1027,25,3,3,0.666667,0.666667,0.666667,3.5,0.9458,0.6375,1.3247
"D=0.5, white",D05_white,GRU_v2,1027,50,3,3,0.666667,0.666667,0.666667,3.5,0.7539,0.3939,1.3247
"D=0.5, white",D05_white,GRU_v2,1027,100,3,3,0.666667,0.666667,0.666667,3.5,0.5053,0.2691,1.3247
"D=0.5, white",D05_white,GRU_v2,1028,25,5,2,1.0,0.4,0.571429,1.0,0.8716,0.5349,1.3984
"D=0.5, white",D05_white,GRU_v2,1028,50,5,2,1.0,0.4,0.571429,1.0,0.8576,0.6432,1.3984
"D=0.5, white",D05_white,GRU_v2,1028,100,5,2,1.0,0.4,0.571429,1.0,0.7771,0.6603,1.3984
"D=0.5, white",D05_white,GRU_v2,1029,25,3,1,1.0,0.333333,0.5,1.0,0.8574,0.4871,0.7515
"D=0.5, white",D05_white,GRU_v2,1029,50,3,1,1.0,0.333333,0.5,1.0,0.7265,0.348,0.7515
"D=0.5, white",D05_white,GRU_v2,1029,100,3,1,1.0,0.333333,0.5,1.0,0.5048,0.2389,0.7515
"D=0.5, white",D05_white,GRU_v2,1030,25,3,3,0.333333,0.333333,0.333333,2.0,0.9393,0.4768,0.5632
"D=0.5, white",D05_white,GRU_v2,1030,50,3,3,0.333333,0.333333,0.333333,2.0,0.7934,0.341,0.5632
"D=0.5, white",D05_white,GRU_v2,1030,100,3,3,0.333333,0.333333,0.333333,2.0,0.5793,0.2329,0.5632
"D=0.5, white",D05_white,GRU_v2,1031,25,1,1,0.0,0.0,0.0,9999.0,,,0.986
"D=0.5, white",D05_white,GRU_v2,1031,50,1,1,0.0,0.0,0.0,9999.0,0.5149,0.0032,0.986
"D=0.5, white",D05_white,GRU_v2,1031,100,1,1,0.0,0.0,0.0,9999.0,0.509,0.0313,0.986
"D=0.5, white",D05_white,GRU_v2,1032,25,1,3,0.0,0.0,0.0,9999.0,,,2.4376
"D=0.5, white",D05_white,GRU_v2,1032,50,1,3,0.333333,1.0,0.5,44.0,0.9862,0.7489,2.4376
"D=0.5, white",D05_white,GRU_v2,1032,100,1,3,0.333333,1.0,0.5,44.0,0.8668,0.1852,2.4376
"D=0.5, white",D05_white,GRU_v2,1033,25,1,1,0.0,0.0,0.0,9999.0,,,1.818
"D=0.5, white",D05_white,GRU_v2,1033,50,1,1,0.0,0.0,0.0,9999.0,0.3777,0.002,1.818
"D=0.5, white",D05_white,GRU_v2,1033,100,1,1,0.0,0.0,0.0,9999.0,0.7636,0.0774,1.818
"D=0.5, white",D05_white,GRU_v2,1034,25,1,0,0.0,0.0,0.0,9999.0,,,0.9881
"D=0.5, white",D05_white,GRU_v2,1034,50,1,0,0.0,0.0,0.0,9999.0,0.4571,0.0041,0.9881
"D=0.5, white",D05_white,GRU_v2,1034,100,1,0,0.0,0.0,0.0,9999.0,0.392,0.0278,0.9881
"D=0.5, white",D05_white,GRU_v2,1035,25,3,3,0.333333,0.333333,0.333333,1.0,0.8854,0.3529,0.9765
"D=0.5, white",D05_white,GRU_v2,1035,50,3,3,0.333333,0.333333,0.333333,1.0,0.7136,0.2307,0.9765
"D=0.5, white",D05_white,GRU_v2,1035,100,3,3,0.333333,0.333333,0.333333,1.0,0.6143,0.2278,0.9765
"D=0.5, white",D05_white,GRU_v2,1036,25,3,3,0.666667,0.666667,0.666667,12.0,0.9308,0.7218,1.0245
"D=0.5, white",D05_white,GRU_v2,1036,50,3,3,0.666667,0.666667,0.666667,12.0,0.7664,0.4677,1.0245
"D=0.5, white",D05_white,GRU_v2,1036,100,3,3,0.666667,0.666667,0.666667,12.0,0.5394,0.3118,1.0245
"D=0.5, white",D05_white,GRU_v2,1037,25,3,3,0.666667,0.666667,0.666667,3.5,0.9749,0.5986,1.1303
"D=0.5, white",D05_white,GRU_v2,1037,50,3,3,0.666667,0.666667,0.666667,3.5,0.8737,0.4669,1.1303
"D=0.5, white",D05_white,GRU_v2,1037,100,3,3,0.666667,0.666667,0.666667,3.5,0.608,0.3049,1.1303
"D=0.5, white",D05_white,GRU_v2,1038,25,1,0,0.0,0.0,0.0,9999.0,,,1.2646
"D=0.5, white",D05_white,GRU_v2,1038,50,1,0,0.0,0.0,0.0,9999.0,0.3003,0.0022,1.2646
"D=0.5, white",D05_white,GRU_v2,1038,100,1,0,0.0,0.0,0.0,9999.0,0.5917,0.1006,1.2646
"D=0.5, white",D05_white,GRU_v2,1039,25,1,1,0.0,0.0,0.0,9999.0,,,1.2273
"D=0.5, white",D05_white,GRU_v2,1039,50,1,1,0.0,0.0,0.0,9999.0,0.0536,0.0019,1.2273
"D=0.5, white",D05_white,GRU_v2,1039,100,1,1,0.0,0.0,0.0,9999.0,0.2453,0.0181,1.2273
"D=0.5, white",D05_white,GRU_v2,1040,25,1,2,0.0,0.0,0.0,9999.0,,,1.1472
"D=0.5, white",D05_white,GRU_v2,1040,50,1,2,0.0,0.0,0.0,9999.0,0.587,0.0049,1.1472
"D=0.5, white",D05_white,GRU_v2,1040,100,1,2,0.0,0.0,0.0,9999.0,0.4718,0.0262,1.1472
"D=0.5, white",D05_white,GRU_v2,1041,25,1,1,0.0,0.0,0.0,9999.0,,,0.6979
"D=0.5, white",D05_white,GRU_v2,1041,50,1,1,0.0,0.0,0.0,9999.0,0.8795,0.0276,0.6979
"D=0.5, white",D05_white,GRU_v2,1041,100,1,1,0.0,0.0,0.0,9999.0,0.8348,0.103,0.6979
"D=0.5, white",D05_white,GRU_v2,1042,25,1,3,0.0,0.0,0.0,9999.0,,,0.7516
"D=0.5, white",D05_white,GRU_v2,1042,50,1,3,0.0,0.0,0.0,9999.0,0.2636,0.0024,0.7516
"D=0.5, white",D05_white,GRU_v2,1042,100,1,3,0.0,0.0,0.0,9999.0,0.3027,0.0197,0.7516
"D=0.5, white",D05_white,GRU_v2,1043,25,3,1,1.0,0.333333,0.5,1.0,0.9887,0.5904,1.007
"D=0.5, white",D05_white,GRU_v2,1043,50,3,1,1.0,0.333333,0.5,1.0,0.7598,0.2827,1.007
"D=0.5, white",D05_white,GRU_v2,1043,100,3,1,1.0,0.333333,0.5,1.0,0.637,0.1933,1.007
"D=0.5, white",D05_white,GRU_v2,1044,25,3,1,1.0,0.333333,0.5,1.0,0.9316,0.5624,1.0804
"D=0.5, white",D05_white,GRU_v2,1044,50,3,1,1.0,0.333333,0.5,1.0,0.8774,0.4767,1.0804
"D=0.5, white",D05_white,GRU_v2,1044,100,3,1,1.0,0.333333,0.5,1.0,0.7004,0.364,1.0804
"D=0.5, white",D05_white,GRU_v2,1045,25,1,1,0.0,0.0,0.0,9999.0,,,1.3169
"D=0.5, white",D05_white,GRU_v2,1045,50,1,1,0.0,0.0,0.0,9999.0,0.7578,0.0052,1.3169
"D=0.5, white",D05_white,GRU_v2,1045,100,1,1,0.0,0.0,0.0,9999.0,0.5893,0.0327,1.3169
"D=0.5, white",D05_white,GRU_v2,1046,25,1,1,0.0,0.0,0.0,9999.0,,,1.5209
"D=0.5, white",D05_white,GRU_v2,1046,50,1,1,0.0,0.0,0.0,9999.0,0.3996,0.0041,1.5209
"D=0.5, white",D05_white,GRU_v2,1046,100,1,1,0.0,0.0,0.0,9999.0,0.4162,0.0246,1.5209
"D=0.5, white",D05_white,GRU_v2,1047,25,3,3,0.666667,0.666667,0.666667,9.5,0.9917,0.719,1.1565
"D=0.5, white",D05_white,GRU_v2,1047,50,3,3,0.666667,0.666667,0.666667,9.5,0.8295,0.417,1.1565
"D=0.5, white",D05_white,GRU_v2,1047,100,3,3,0.666667,0.666667,0.666667,9.5,0.7479,0.2898,1.1565
"D=0.5, white",D05_white,GRU_v2,1048,25,7,5,0.6,0.428571,0.5,1.6667,0.9014,0.5917,0.8989
"D=0.5, white",D05_white,GRU_v2,1048,50,7,5,0.6,0.428571,0.5,1.6667,0.8682,0.5621,0.8989
"D=0.5, white",D05_white,GRU_v2,1048,100,7,5,0.6,0.428571,0.5,1.6667,0.8385,0.5338,0.8989
"D=0.5, white",D05_white,GRU_v2,1049,25,3,0,0.0,0.0,0.0,9999.0,,,0.7672
"D=0.5, white",D05_white,GRU_v2,1049,50,3,0,0.0,0.0,0.0,9999.0,0.7445,0.0266,0.7672
"D=0.5, white",D05_white,GRU_v2,1049,100,3,0,0.0,0.0,0.0,9999.0,0.4421,0.053,0.7672
"D=1, white",D10_white,GRU_v2,1000,25,39,24,0.916667,0.564103,0.698413,5.1818,0.8199,0.8425,1.0318
"D=1, white",D10_white,GRU_v2,1000,50,39,24,0.916667,0.564103,0.698413,5.1818,0.8219,0.9485,1.0318
"D=1, white",D10_white,GRU_v2,1000,100,39,24,0.916667,0.564103,0.698413,5.1818,0.8173,0.996,1.0318
"D=1, white",D10_white,GRU_v2,1001,25,35,23,0.869565,0.571429,0.689655,3.55,0.8514,0.852,1.2082
"D=1, white",D10_white,GRU_v2,1001,50,35,23,0.956522,0.628571,0.758621,5.7727,0.8062,0.9193,1.2082
"D=1, white",D10_white,GRU_v2,1001,100,35,23,1.0,0.657143,0.793103,9.0435,0.6485,0.9691,1.2082
"D=1, white",D10_white,GRU_v2,1002,25,43,37,0.756757,0.651163,0.7,3.6071,0.9304,0.9236,1.244
"D=1, white",D10_white,GRU_v2,1002,50,43,37,0.756757,0.651163,0.7,3.6071,0.9112,0.9659,1.244
"D=1, white",D10_white,GRU_v2,1002,100,43,37,0.756757,0.651163,0.7,3.6071,0.9003,0.9954,1.244
"D=1, white",D10_white,GRU_v2,1003,25,43,14,0.857143,0.27907,0.421053,4.1667,0.8199,0.796,1.0971
"D=1, white",D10_white,GRU_v2,1003,50,43,14,0.928571,0.302326,0.45614,6.0769,0.784,0.8763,1.0971
"D=1, white",D10_white,GRU_v2,1003,100,43,14,1.0,0.325581,0.491228,10.1429,0.6477,0.9234,1.0971
"D=1, white",D10_white,GRU_v2,1004,25,45,18,0.888889,0.355556,0.507937,3.6875,0.765,0.7924,1.4954
"D=1, white",D10_white,GRU_v2,1004,50,45,18,0.888889,0.355556,0.507937,3.6875,0.775,0.9181,1.4954
"D=1, white",D10_white,GRU_v2,1004,100,45,18,1.0,0.4,0.571429,10.7222,0.726,0.9759,1.4954
"D=1, white",D10_white,GRU_v2,1005,25,37,25,0.92,0.621622,0.741935,5.3913,0.8061,0.8339,0.6042
"D=1, white",D10_white,GRU_v2,1005,50,37,25,0.92,0.621622,0.741935,5.3913,0.7769,0.9098,0.6042
"D=1, white",D10_white,GRU_v2,1005,100,37,25,0.92,0.621622,0.741935,5.3913,0.7307,0.965,0.6042
"D=1, white",D10_white,GRU_v2,1006,25,39,27,0.962963,0.666667,0.787879,4.5,0.8731,0.8769,1.112
"D=1, white",D10_white,GRU_v2,1006,50,39,27,0.962963,0.666667,0.787879,4.5,0.7993,0.9104,1.112
"D=1, white",D10_white,GRU_v2,1006,100,39,27,0.962963,0.666667,0.787879,4.5,0.8012,0.9811,1.112
"D=1, white",D10_white,GRU_v2,1007,25,21,11,0.909091,0.47619,0.625,6.0,0.8426,0.7563,0.9569
"D=1, white",D10_white,GRU_v2,1007,50,21,11,0.909091,0.47619,0.625,6.0,0.7416,0.766,0.9569
"D=1, white",D10_white,GRU_v2,1007,100,21,11,0.909091,0.47619,0.625,6.0,0.62,0.7917,0.9569
"D=1, white",D10_white,GRU_v2,1008,25,57,29,1.0,0.508772,0.674419,2.8966,0.8711,0.9074,1.1111
"D=1, white",D10_white,GRU_v2,1008,50,57,29,1.0,0.508772,0.674419,2.8966,0.8588,0.9674,1.1111
"D=1, white",D10_white,GRU_v2,1008,100,57,29,1.0,0.508772,0.674419,2.8966,0.96,0.9991,1.1111
"D=1, white",D10_white,GRU_v2,1009,25,45,25,0.92,0.511111,0.657143,4.2609,0.8574,0.8693,1.5747
"D=1, white",D10_white,GRU_v2,1009,50,45,25,0.96,0.533333,0.685714,5.1667,0.8224,0.9242,1.5747
"D=1, white",D10_white,GRU_v2,1009,100,45,25,0.96,0.533333,0.685714,5.1667,0.6043,0.9796,1.5747
"D=1, white",D10_white,GRU_v2,1010,25,37,22,1.0,0.594595,0.745763,3.6818,0.9467,0.9355,1.1714
"D=1, white",D10_white,GRU_v2,1010,50,37,22,1.0,0.594595,0.745763,3.6818,0.9018,0.9431,1.1714
"D=1, white",D10_white,GRU_v2,1010,100,37,22,1.0,0.594595,0.745763,3.6818,0.77,0.936,1.1714
"D=1, white",D10_white,GRU_v2,1011,25,43,25,0.96,0.55814,0.705882,4.25,0.9009,0.9113,0.9179
"D=1, white",D10_white,GRU_v2,1011,50,43,25,0.96,0.55814,0.705882,4.25,0.8687,0.9498,0.9179
"D=1, white",D10_white,GRU_v2,1011,100,43,25,1.0,0.581395,0.735294,6.24,0.7315,0.9684,0.9179
"D=1, white",D10_white,GRU_v2,1012,25,41,26,0.846154,0.536585,0.656716,3.4545,0.8577,0.8459,0.9817
"D=1, white",D10_white,GRU_v2,1012,50,41,26,0.923077,0.585366,0.716418,6.0417,0.7624,0.8685,0.9817
"D=1, white",D10_white,GRU_v2,1012,100,41,26,0.961538,0.609756,0.746269,8.8,0.672,0.9248,0.9817
"D=1, white",D10_white,GRU_v2,1013,25,49,25,0.92,0.469388,0.621622,2.9565,0.8663,0.8905,0.7064
"D=1, white",D10_white,GRU_v2,1013,50,49,25,0.96,0.489796,0.648649,4.3333,0.8018,0.9125,0.7064
"D=1, white",D10_white,GRU_v2,1013,100,49,25,0.96,0.489796,0.648649,4.3333,0.7195,0.9619,0.7064
"D=1, white",D10_white,GRU_v2,1014,25,35,19,0.947368,0.514286,0.666667,3.4444,0.8796,0.861,0.5935
"D=1, white",D10_white,GRU_v2,1014,50,35,19,1.0,0.542857,0.703704,4.6316,0.8079,0.8856,0.5935
"D=1, white",D10_white,GRU_v2,1014,100,35,19,1.0,0.542857,0.703704,4.6316,0.7565,0.9662,0.5935
"D=1, white",D10_white,GRU_v2,1015,25,47,23,1.0,0.489362,0.657143,4.3043,0.7909,0.8371,0.8348
"D=1, white",D10_white,GRU_v2,1015,50,47,23,1.0,0.489362,0.657143,4.3043,0.7059,0.9137,0.8348
"D=1, white",D10_white,GRU_v2,1015,100,47,23,1.0,0.489362,0.657143,4.3043,0.9974,1.0,0.8348
"D=1, white",D10_white,GRU_v2,1016,25,33,23,0.869565,0.606061,0.714286,2.65,0.9051,0.88,1.1545
"D=1, white",D10_white,GRU_v2,1016,50,33,23,0.956522,0.666667,0.785714,5.2727,0.8647,0.9245,1.1545
"D=1, white",D10_white,GRU_v2,1016,100,33,23,1.0,0.69697,0.821429,9.3478,0.8071,0.9477,1.1545
"D=1, white",D10_white,GRU_v2,1017,25,43,29,0.862069,0.581395,0.694444,5.08,0.8753,0.8603,1.3359
"D=1, white",D10_white,GRU_v2,1017,50,43,29,0.931034,0.627907,0.75,7.5556,0.8509,0.9161,1.3359
"D=1, white",D10_white,GRU_v2,1017,100,43,29,0.965517,0.651163,0.777778,10.1429,0.8279,0.9726,1.3359
"D=1, white",D10_white,GRU_v2,1018,25,49,25,0.96,0.489796,0.648649,2.75,0.8623,0.9022,1.1145
"D=1, white",D10_white,GRU_v2,1018,50,49,25,0.96,0.489796,0.648649,2.75,0.7896,0.9472,1.1145
"D=1, white",D10_white,GRU_v2,1018,100,49,25,0.96,0.489796,0.648649,2.75,0.6804,0.9965,1.1145
"D=1, white",D10_white,GRU_v2,1019,25,47,31,0.935484,0.617021,0.74359,5.069,0.878,0.8973,1.1909
"D=1, white",D10_white,GRU_v2,1019,50,47,31,0.935484,0.617021,0.74359,5.069,0.8555,0.9474,1.1909
"D=1, white",D10_white,GRU_v2,1019,100,47,31,0.967742,0.638298,0.769231,7.7333,0.7612,0.9834,1.1909
"D=1, white",D10_white,GRU_v2,1020,25,41,26,1.0,0.634146,0.776119,3.8846,0.9332,0.9375,0.5771
"D=1, white",D10_white,GRU_v2,1020,50,41,26,1.0,0.634146,0.776119,3.8846,0.8723,0.948,0.5771
"D=1, white",D10_white,GRU_v2,1020,100,41,26,1.0,0.634146,0.776119,3.8846,0.8319,0.992,0.5771
"D=1, white",D10_white,GRU_v2,1021,25,37,24,0.791667,0.513514,0.622951,2.4737,0.8532,0.8365,0.9178
"D=1, white",D10_white,GRU_v2,1021,50,37,24,0.791667,0.513514,0.622951,2.4737,0.8259,0.9111,0.9178
"D=1, white",D10_white,GRU_v2,1021,100,37,24,0.791667,0.513514,0.622951,2.4737,0.6064,0.9457,0.9178
"D=1, white",D10_white,GRU_v2,1022,25,40,22,0.909091,0.5,0.645161,3.3,0.8804,0.8895,0.9333
"D=1, white",D10_white,GRU_v2,1022,50,40,22,0.909091,0.5,0.645161,3.3,0.8649,0.9559,0.9333
"D=1, white",D10_white,GRU_v2,1022,100,40,22,0.909091,0.5,0.645161,3.3,0.8715,0.9919,0.9333
"D=1, white",D10_white,GRU_v2,1023,25,37,18,1.0,0.486486,0.654545,4.5556,0.8936,0.8828,1.28
"D=1, white",D10_white,GRU_v2,1023,50,37,18,1.0,0.486486,0.654545,4.5556,0.8178,0.9086,1.28
"D=1, white",D10_white,GRU_v2,1023,100,37,18,1.0,0.486486,0.654545,4.5556,0.7234,0.9743,1.28
"D=1, white",D10_white,GRU_v2,1024,25,45,22,0.863636,0.422222,0.567164,3.1579,0.7861,0.834,1.0724
"D=1, white",D10_white,GRU_v2,1024,50,45,22,0.909091,0.444444,0.597015,4.45,0.7055,0.9151,1.0724
"D=1, white",D10_white,GRU_v2,1024,100,45,22,0.909091,0.444444,0.597015,4.45,,,1.0724
"D=1, white",D10_white,GRU_v2,1025,25,29,17,0.882353,0.517241,0.652174,4.0667,0.7956,0.7615,1.1922
"D=1, white",D10_white,GRU_v2,1025,50,29,17,0.882353,0.517241,0.652174,4.0667,0.8143,0.9033,1.1922
"D=1, white",D10_white,GRU_v2,1025,100,29,17,1.0,0.586207,0.73913,14.3529,0.7637,0.9645,1.1922
"D=1, white",D10_white,GRU_v2,1026,25,41,25,0.88,0.536585,0.666667,4.4545,0.8743,0.8572,0.73
"D=1, white",D10_white,GRU_v2,1026,50,41,25,0.92,0.560976,0.69697,5.5652,0.8713,0.9388,0.73
"D=1, white",D10_white,GRU_v2,1026,100,41,25,1.0,0.609756,0.757576,12.48,0.8484,0.9793,0.73
"D=1, white",D10_white,GRU_v2,1027,25,27,15,0.866667,0.481481,0.619048,2.9231,0.8461,0.7613,0.9826
"D=1, white",D10_white,GRU_v2,1027,50,27,15,0.866667,0.481481,0.619048,2.9231,0.7438,0.7549,0.9826
"D=1, white",D10_white,GRU_v2,1027,100,27,15,0.866667,0.481481,0.619048,2.9231,0.627,0.8331,0.9826
"D=1, white",D10_white,GRU_v2,1028,25,45,19,0.947368,0.4,0.5625,4.7778,0.8686,0.8908,0.9453
"D=1, white",D10_white,GRU_v2,1028,50,45,19,0.947368,0.4,0.5625,4.7778,0.843,0.9464,0.9453
"D=1, white",D10_white,GRU_v2,1028,100,45,19,1.0,0.422222,0.59375,8.8421,0.6663,0.9812,0.9453
"D=1, white",D10_white,GRU_v2,1029,25,29,20,0.8,0.551724,0.653061,5.0,0.8361,0.7645,1.0896
"D=1, white",D10_white,GRU_v2,1029,50,29,20,0.8,0.551724,0.653061,5.0,0.8222,0.8672,1.0896
"D=1, white",D10_white,GRU_v2,1029,100,29,20,0.85,0.586207,0.693878,9.5882,0.5938,0.8944,1.0896
"D=1, white",D10_white,GRU_v2,1030,25,47,24,0.916667,0.468085,0.619718,4.4545,0.8333,0.862,1.0785
"D=1, white",D10_white,GRU_v2,1030,50,47,24,0.958333,0.489362,0.647887,5.4348,0.8703,0.9597,1.0785
"D=1, white",D10_white,GRU_v2,1030,100,47,24,0.958333,0.489362,0.647887,5.4348,0.8521,0.9944,1.0785
"D=1, white",D10_white,GRU_v2,1031,25,45,27,0.851852,0.511111,0.638889,3.5217,0.8508,0.8655,1.1914
"D=1, white",D10_white,GRU_v2,1031,50,45,27,0.888889,0.533333,0.666667,4.8333,0.8033,0.9336,1.1914
"D=1, white",D10_white,GRU_v2,1031,100,45,27,0.962963,0.577778,0.722222,10.1923,0.8126,0.9917,1.1914
"D=1, white",D10_white,GRU_v2,1032,25,39,15,0.933333,0.358974,0.518519,2.3571,0.7405,0.7715,1.277
"D=1, white",D10_white,GRU_v2,1032,50,39,15,0.933333,0.358974,0.518519,2.3571,0.6733,0.8516,1.277
"D=1, white",D10_white,GRU_v2,1032,100,39,15,1.0,0.384615,0.555556,6.8667,0.5541,0.9492,1.277
"D=1, white",D10_white,GRU_v2,1033,25,39,26,0.807692,0.538462,0.646154,3.6667,0.8062,0.8266,0.9808
"D=1, white",D10_white,GRU_v2,1033,50,39,26,0.846154,0.564103,0.676923,4.6818,0.7369,0.9012,0.9808
"D=1, white",D10_white,GRU_v2,1033,100,39,26,0.923077,0.615385,0.738462,9.9167,0.7203,0.9912,0.9808
"D=1, white",D10_white,GRU_v2,1034,25,47,19,1.0,0.404255,0.575758,2.4737,0.8123,0.8627,0.8981
"D=1, white",D10_white,GRU_v2,1034,50,47,19,1.0,0.404255,0.575758,2.4737,0.7843,0.9109,0.8981
"D=1, white",D10_white,GRU_v2,1034,100,47,19,1.0,0.404255,0.575758,2.4737,0.7427,0.9447,0.8981
"D=1, white",D10_white,GRU_v2,1035,25,39,19,0.947368,0.461538,0.62069,3.1667,0.8226,0.8368,1.1516
"D=1, white",D10_white,GRU_v2,1035,50,39,19,0.947368,0.461538,0.62069,3.1667,0.8204,0.9243,1.1516
"D=1, white",D10_white,GRU_v2,1035,100,39,19,0.947368,0.461538,0.62069,3.1667,0.7678,0.9811,1.1516
"D=1, white",D10_white,GRU_v2,1036,25,33,13,1.0,0.393939,0.565217,2.2308,0.783,0.7299,1.4785
"D=1, white",D10_white,GRU_v2,1036,50,33,13,1.0,0.393939,0.565217,2.2308,0.7015,0.7516,1.4785
"D=1, white",D10_white,GRU_v2,1036,100,33,13,1.0,0.393939,0.565217,2.2308,0.6447,0.8534,1.4785
"D=1, white",D10_white,GRU_v2,1037,25,43,28,0.964286,0.627907,0.760563,4.1852,0.869,0.8885,1.2745
"D=1, white",D10_white,GRU_v2,1037,50,43,28,0.964286,0.627907,0.760563,4.1852,0.9013,0.967,1.2745
"D=1, white",D10_white,GRU_v2,1037,100,43,28,0.964286,0.627907,0.760563,4.1852,0.7722,0.984,1.2745
"D=1, white",D10_white,GRU_v2,1038,25,49,36,0.861111,0.632653,0.729412,3.4516,0.8459,0.8893,1.1572
"D=1, white",D10_white,GRU_v2,1038,50,49,36,0.916667,0.673469,0.776471,5.3636,0.7836,0.9433,1.1572
"D=1, white",D10_white,GRU_v2,1038,100,49,36,0.916667,0.673469,0.776471,5.3636,0.6825,0.9937,1.1572
"D=1, white",D10_white,GRU_v2,1039,25,41,21,0.904762,0.463415,0.612903,4.1579,0.9165,0.8883,1.1145
"D=1, white",D10_white,GRU_v2,1039,50,41,21,0.904762,0.463415,0.612903,4.1579,0.8743,0.9192,1.1145
"D=1, white",D10_white,GRU_v2,1039,100,41,21,0.904762,0.463415,0.612903,4.1579,0.7783,0.9409,1.1145
"D=1, white",D10_white,GRU_v2,1040,25,39,19,0.947368,0.461538,0.62069,2.3889,0.8793,0.8653,0.8849
"D=1, white",D10_white,GRU_v2,1040,50,39,19,1.0,0.487179,0.655172,3.6316,0.843,0.9112,0.8849
"D=1, white",D10_white,GRU_v2,1040,100,39,19,1.0,0.487179,0.655172,3.6316,0.7751,0.9522,0.8849
"D=1, white",D10_white,GRU_v2,1041,25,47,26,0.961538,0.531915,0.684932,3.48,0.8317,0.8686,1.2844
"D=1, white",D10_white,GRU_v2,1041,50,47,26,0.961538,0.531915,0.684932,3.48,0.7992,0.9439,1.2844
"D=1, white",D10_white,GRU_v2,1041,100,47,26,0.961538,0.531915,0.684932,3.48,0.5972,0.9969,1.2844
"D=1, white",D10_white,GRU_v2,1042,25,43,26,0.923077,0.55814,0.695652,2.5417,0.821,0.8316,1.3427
"D=1, white",D10_white,GRU_v2,1042,50,43,26,0.923077,0.55814,0.695652,2.5417,0.7532,0.8676,1.3427
"D=1, white",D10_white,GRU_v2,1042,100,43,26,1.0,0.604651,0.753623,8.8077,0.6709,0.9487,1.3427
"D=1, white",D10_white,GRU_v2,1043,25,39,23,0.913043,0.538462,0.677419,3.9524,0.8338,0.8276,1.1911
"D=1, white",D10_white,GRU_v2,1043,50,39,23,0.913043,0.538462,0.677419,3.9524,0.784,0.8946,1.1911
"D=1, white",D10_white,GRU_v2,1043,100,39,23,0.956522,0.564103,0.709677,8.1818,0.7285,0.9627,1.1911
"D=1, white",D10_white,GRU_v2,1044,25,36,24,0.916667,0.611111,0.733333,3.2273,0.847,0.8464,1.3987
"D=1, white",D10_white,GRU_v2,1044,50,36,24,0.916667,0.611111,0.733333,3.2273,0.7726,0.9031,1.3987
"D=1, white",D10_white,GRU_v2,1044,100,36,24,0.958333,0.638889,0.766667,6.7826,0.8467,0.9901,1.3987
"D=1, white",D10_white,GRU_v2,1045,25,51,29,0.896552,0.509804,0.65,3.0,0.8441,0.8972,1.0037
"D=1, white",D10_white,GRU_v2,1045,50,51,29,0.931034,0.529412,0.675,4.0741,0.8714,0.9708,1.0037
"D=1, white",D10_white,GRU_v2,1045,100,51,29,0.965517,0.54902,0.7,6.75,0.777,0.9846,1.0037
"D=1, white",D10_white,GRU_v2,1046,25,55,29,0.931034,0.490909,0.642857,2.8519,0.8139,0.8874,1.1707
"D=1, white",D10_white,GRU_v2,1046,50,55,29,0.931034,0.490909,0.642857,2.8519,0.7721,0.9452,1.1707
"D=1, white",D10_white,GRU_v2,1046,100,55,29,0.965517,0.509091,0.666667,5.6071,0.756,0.989,1.1707
"D=1, white",D10_white,GRU_v2,1047,25,43,22,0.863636,0.44186,0.584615,3.5263,0.7908,0.7868,1.6184
"D=1, white",D10_white,GRU_v2,1047,50,43,22,0.954545,0.488372,0.646154,6.2857,0.7123,0.8612,1.6184
"D=1, white",D10_white,GRU_v2,1047,100,43,22,1.0,0.511628,0.676923,9.0455,0.6527,0.9523,1.6184
"D=1, white",D10_white,GRU_v2,1048,25,51,27,1.0,0.529412,0.692308,3.2963,0.8476,0.8875,1.2983
"D=1, white",D10_white,GRU_v2,1048,50,51,27,1.0,0.529412,0.692308,3.2963,0.8348,0.9183,1.2983
"D=1, white",D10_white,GRU_v2,1048,100,51,27,1.0,0.529412,0.692308,3.2963,0.7342,0.9424,1.2983
"D=1, white",D10_white,GRU_v2,1049,25,33,13,0.846154,0.333333,0.478261,3.0,0.7815,0.703,1.1599
"D=1, white",D10_white,GRU_v2,1049,50,33,13,0.846154,0.333333,0.478261,3.0,0.737,0.7898,1.1599
"D=1, white",D10_white,GRU_v2,1049,100,33,13,0.846154,0.333333,0.478261,3.0,0.7027,0.9082,1.1599
"D=1, pink",D10_pink,GRU_v2,1000,25,192,73,0.958904,0.364583,0.528302,2.1429,0.9267,0.9812,1.0977
"D=1, pink",D10_pink,GRU_v2,1000,50,192,73,0.986301,0.375,0.543396,3.1806,0.9416,0.9973,1.0977
"D=1, pink",D10_pink,GRU_v2,1000,100,192,73,1.0,0.380208,0.550943,3.9178,,,1.0977
"D=1, pink",D10_pink,GRU_v2,1001,25,199,65,1.0,0.326633,0.492424,2.3385,0.9548,0.9795,1.0597
"D=1, pink",D10_pink,GRU_v2,1001,50,199,65,1.0,0.326633,0.492424,2.3385,0.8838,0.9807,1.0597
"D=1, pink",D10_pink,GRU_v2,1001,100,199,65,1.0,0.326633,0.492424,2.3385,,,1.0597
"D=1, pink",D10_pink,GRU_v2,1002,25,205,85,0.976471,0.404878,0.572414,2.7229,0.9203,0.9863,0.7669
"D=1, pink",D10_pink,GRU_v2,1002,50,205,85,0.988235,0.409756,0.57931,3.1786,0.8301,0.9917,0.7669
"D=1, pink",D10_pink,GRU_v2,1002,100,205,85,1.0,0.414634,0.586207,3.8588,,,0.7669
"D=1, pink",D10_pink,GRU_v2,1003,25,186,81,0.987654,0.430108,0.599251,3.5875,0.8836,0.9763,1.1404
"D=1, pink",D10_pink,GRU_v2,1003,50,186,81,1.0,0.435484,0.606742,4.0864,0.894,0.9993,1.1404
"D=1, pink",D10_pink,GRU_v2,1003,100,186,81,1.0,0.435484,0.606742,4.0864,,,1.1404
"D=1, pink",D10_pink,GRU_v2,1004,25,198,68,1.0,0.343434,0.511278,2.2647,0.9086,0.9723,1.2517
"D=1, pink",D10_pink,GRU_v2,1004,50,198,68,1.0,0.343434,0.511278,2.2647,0.8741,0.99,1.2517
"D=1, pink",D10_pink,GRU_v2,1004,100,198,68,1.0,0.343434,0.511278,2.2647,,,1.2517
"D=1, pink",D10_pink,GRU_v2,1005,25,179,72,1.0,0.402235,0.573705,2.0694,0.9531,0.9918,1.3802
"D=1, pink",D10_pink,GRU_v2,1005,50,179,72,1.0,0.402235,0.573705,2.0694,0.8667,0.9961,1.3802
"D=1, pink",D10_pink,GRU_v2,1005,100,179,72,1.0,0.402235,0.573705,2.0694,,,1.3802
"D=1, pink",D10_pink,GRU_v2,1006,25,193,75,0.986667,0.38342,0.552239,2.8108,0.9151,0.977,1.0703
"D=1, pink",D10_pink,GRU_v2,1006,50,193,75,1.0,0.388601,0.559701,3.2933,0.8539,0.9917,1.0703
"D=1, pink",D10_pink,GRU_v2,1006,100,193,75,1.0,0.388601,0.559701,3.2933,,,1.0703
"D=1, pink",D10_pink,GRU_v2,1007,25,167,70,0.971429,0.407186,0.57384,3.0882,0.9224,0.986,1.043
"D=1, pink",D10_pink,GRU_v2,1007,50,167,70,1.0,0.419162,0.590717,4.0429,0.9537,0.998,1.043
"D=1, pink",D10_pink,GRU_v2,1007,100,167,70,1.0,0.419162,0.590717,4.0429,,,1.043
"D=1, pink",D10_pink,GRU_v2,1008,25,211,65,1.0,0.308057,0.471014,2.0308,0.9373,0.974,0.8715
"D=1, pink",D10_pink,GRU_v2,1008,50,211,65,1.0,0.308057,0.471014,2.0308,0.8598,0.9747,0.8715
"D=1, pink",D10_pink,GRU_v2,1008,100,211,65,1.0,0.308057,0.471014,2.0308,0.7112,0.9898,0.8715
"D=1, pink",D10_pink,GRU_v2,1009,25,178,75,0.986667,0.41573,0.58498,2.8649,0.9447,0.9874,1.4491
"D=1, pink",D10_pink,GRU_v2,1009,50,178,75,1.0,0.421348,0.592885,3.1733,0.9484,0.9967,1.4491
"D=1, pink",D10_pink,GRU_v2,1009,100,178,75,1.0,0.421348,0.592885,3.1733,,,1.4491
"D=1, pink",D10_pink,GRU_v2,1010,25,182,71,0.985915,0.384615,0.55336,2.6,0.9109,0.9775,1.4238
"D=1, pink",D10_pink,GRU_v2,1010,50,182,71,1.0,0.39011,0.561265,2.9296,0.8693,0.9945,1.4238
"D=1, pink",D10_pink,GRU_v2,1010,100,182,71,1.0,0.39011,0.561265,2.9296,,,1.4238
"D=1, pink",D10_pink,GRU_v2,1011,25,176,77,1.0,0.4375,0.608696,3.2857,0.9308,0.9845,1.2282
"D=1, pink",D10_pink,GRU_v2,1011,50,176,77,1.0,0.4375,0.608696,3.2857,0.8814,0.9953,1.2282
"D=1, pink",D10_pink,GRU_v2,1011,100,176,77,1.0,0.4375,0.608696,3.2857,,,1.2282
"D=1, pink",D10_pink,GRU_v2,1012,25,207,71,1.0,0.342995,0.510791,2.831,0.9097,0.9733,0.9527
"D=1, pink",D10_pink,GRU_v2,1012,50,207,71,1.0,0.342995,0.510791,2.831,0.8445,0.9905,0.9527
"D=1, pink",D10_pink,GRU_v2,1012,100,207,71,1.0,0.342995,0.510791,2.831,,,0.9527
"D=1, pink",D10_pink,GRU_v2,1013,25,172,71,1.0,0.412791,0.584362,2.7887,0.924,0.9825,1.2574
"D=1, pink",D10_pink,GRU_v2,1013,50,172,71,1.0,0.412791,0.584362,2.7887,0.9619,0.9983,1.2574
"D=1, pink",D10_pink,GRU_v2,1013,100,172,71,1.0,0.412791,0.584362,2.7887,,,1.2574
"D=1, pink",D10_pink,GRU_v2,1014,25,184,67,0.970149,0.353261,0.517928,2.4154,0.9175,0.9646,1.2292
"D=1, pink",D10_pink,GRU_v2,1014,50,184,67,0.985075,0.358696,0.525896,2.8333,0.841,0.9796,1.2292
"D=1, pink",D10_pink,GRU_v2,1014,100,184,67,1.0,0.36413,0.533865,3.597,,,1.2292
"D=1, pink",D10_pink,GRU_v2,1015,25,169,73,1.0,0.431953,0.603306,3.6027,0.9,0.975,1.3161
"D=1, pink",D10_pink,GRU_v2,1015,50,169,73,1.0,0.431953,0.603306,3.6027,0.8869,0.9912,1.3161
"D=1, pink",D10_pink,GRU_v2,1015,100,169,73,1.0,0.431953,0.603306,3.6027,,,1.3161
"D=1, pink",D10_pink,GRU_v2,1016,25,181,74,0.972973,0.39779,0.564706,2.2361,0.9388,0.987,1.1641
"D=1, pink",D10_pink,GRU_v2,1016,50,181,74,0.986486,0.403315,0.572549,2.863,0.9049,0.9953,1.1641
"D=1, pink",D10_pink,GRU_v2,1016,100,181,74,1.0,0.40884,0.580392,3.7297,,,1.1641
"D=1, pink",D10_pink,GRU_v2,1017,25,175,79,1.0,0.451429,0.622047,3.2405,0.93,0.9913,0.9143
"D=1, pink",D10_pink,GRU_v2,1017,50,175,79,1.0,0.451429,0.622047,3.2405,,,0.9143
"D=1, pink",D10_pink,GRU_v2,1017,100,175,79,1.0,0.451429,0.622047,3.2405,,,0.9143
"D=1, pink",D10_pink,GRU_v2,1018,25,197,79,0.987342,0.395939,0.565217,2.7564,0.9074,0.9849,0.6594
"D=1, pink",D10_pink,GRU_v2,1018,50,197,79,1.0,0.401015,0.572464,3.0886,0.821,0.9926,0.6594
"D=1, pink",D10_pink,GRU_v2,1018,100,197,79,1.0,0.401015,0.572464,3.0886,0.6385,0.9962,0.6594
"D=1, pink",D10_pink,GRU_v2,1019,25,188,85,0.988235,0.446809,0.615385,3.1786,0.9149,0.9872,0.6992
"D=1, pink",D10_pink,GRU_v2,1019,50,188,85,1.0,0.452128,0.622711,3.6824,0.8346,0.9964,0.6992
"D=1, pink",D10_pink,GRU_v2,1019,100,188,85,1.0,0.452128,0.622711,3.6824,,,0.6992
"D=1, pink",D10_pink,GRU_v2,1020,25,177,74,1.0,0.418079,0.589641,3.2568,0.9475,0.9843,0.677
"D=1, pink",D10_pink,GRU_v2,1020,50,177,74,1.0,0.418079,0.589641,3.2568,0.9654,0.9982,0.677
"D=1, pink",D10_pink,GRU_v2,1020,100,177,74,1.0,0.418079,0.589641,3.2568,,,0.677
"D=1, pink",D10_pink,GRU_v2,1021,25,208,70,0.957143,0.322115,0.482014,1.8507,0.8922,0.9647,1.0669
"D=1, pink",D10_pink,GRU_v2,1021,50,208,70,1.0,0.336538,0.503597,3.1,0.8461,0.984,1.0669
"D=1, pink",D10_pink,GRU_v2,1021,100,208,70,1.0,0.336538,0.503597,3.1,,,1.0669
"D=1, pink",D10_pink,GRU_v2,1022,25,179,66,1.0,0.368715,0.538776,2.5909,0.9138,0.9755,1.5273
"D=1, pink",D10_pink,GRU_v2,1022,50,179,66,1.0,0.368715,0.538776,2.5909,0.9396,0.9971,1.5273
"D=1, pink",D10_pink,GRU_v2,1022,100,179,66,1.0,0.368715,0.538776,2.5909,,,1.5273
"D=1, pink",D10_pink,GRU_v2,1023,25,185,68,0.970588,0.356757,0.521739,2.3485,0.9278,0.9835,1.2685
"D=1, pink",D10_pink,GRU_v2,1023,50,185,68,0.970588,0.356757,0.521739,2.3485,0.9354,0.9963,1.2685
"D=1, pink",D10_pink,GRU_v2,1023,100,185,68,0.985294,0.362162,0.529644,3.7313,,,1.2685
"D=1, pink",D10_pink,GRU_v2,1024,25,192,71,0.971831,0.359375,0.524715,2.3188,0.9312,0.9845,1.2904
"D=1, pink",D10_pink,GRU_v2,1024,50,192,71,1.0,0.369792,0.539924,3.4648,0.9237,0.9941,1.2904
"D=1, pink",D10_pink,GRU_v2,1024,100,192,71,1.0,0.369792,0.539924,3.4648,0.8538,0.9977,1.2904
"D=1, pink",D10_pink,GRU_v2,1025,25,186,84,0.964286,0.435484,0.6,3.0494,0.9041,0.9828,1.0662
"D=1, pink",D10_pink,GRU_v2,1025,50,186,84,0.97619,0.44086,0.607407,3.5732,0.8562,0.994,1.0662
"D=1, pink",D10_pink,GRU_v2,1025,100,186,84,1.0,0.451613,0.622222,4.9405,,,1.0662
"D=1, pink",D10_pink,GRU_v2,1026,25,199,70,0.971429,0.341709,0.505576,3.0,0.9262,0.9733,0.7274
"D=1, pink",D10_pink,GRU_v2,1026,50,199,70,0.985714,0.346734,0.513011,3.6087,0.8393,0.9785,0.7274
"D=1, pink",D10_pink,GRU_v2,1026,100,199,70,1.0,0.351759,0.520446,4.5429,0.8518,0.9986,0.7274
"D=1, pink",D10_pink,GRU_v2,1027,25,207,87,0.988506,0.415459,0.585034,2.4419,0.9218,0.9865,0.8352
"D=1, pink",D10_pink,GRU_v2,1027,50,207,87,1.0,0.42029,0.591837,2.7586,0.9259,0.9978,0.8352
"D=1, pink",D10_pink,GRU_v2,1027,100,207,87,1.0,0.42029,0.591837,2.7586,,,0.8352
"D=1, pink",D10_pink,GRU_v2,1028,25,225,76,1.0,0.337778,0.504983,1.8947,0.9634,0.9875,0.7827
"D=1, pink",D10_pink,GRU_v2,1028,50,225,76,1.0,0.337778,0.504983,1.8947,0.884,0.9786,0.7827
"D=1, pink",D10_pink,GRU_v2,1028,100,225,76,1.0,0.337778,0.504983,1.8947,0.885,0.9971,0.7827
"D=1, pink",D10_pink,GRU_v2,1029,25,187,73,0.986301,0.385027,0.553846,2.3889,0.8956,0.9818,0.9934
"D=1, pink",D10_pink,GRU_v2,1029,50,187,73,1.0,0.390374,0.561538,2.7397,0.8416,0.9985,0.9934
"D=1, pink",D10_pink,GRU_v2,1029,100,187,73,1.0,0.390374,0.561538,2.7397,,,0.9934
"D=1, pink",D10_pink,GRU_v2,1030,25,194,81,0.975309,0.407216,0.574545,2.8734,0.9256,0.9869,1.0349
"D=1, pink",D10_pink,GRU_v2,1030,50,194,81,0.975309,0.407216,0.574545,2.8734,0.8918,0.9996,1.0349
"D=1, pink",D10_pink,GRU_v2,1030,100,194,81,1.0,0.417526,0.589091,4.8395,,,1.0349
"D=1, pink",D10_pink,GRU_v2,1031,25,223,88,0.988636,0.390135,0.559486,3.1264,0.9402,0.9929,1.4271
"D=1, pink",D10_pink,GRU_v2,1031,50,223,88,1.0,0.394619,0.565916,3.3864,0.9517,0.999,1.4271
"D=1, pink",D10_pink,GRU_v2,1031,100,223,88,1.0,0.394619,0.565916,3.3864,,,1.4271
"D=1, pink",D10_pink,GRU_v2,1032,25,199,68,0.985294,0.336683,0.501873,2.0896,0.8944,0.9675,1.2349
"D=1, pink",D10_pink,GRU_v2,1032,50,199,68,1.0,0.341709,0.509363,2.7206,0.6772,0.9882,1.2349
"D=1, pink",D10_pink,GRU_v2,1032,100,199,68,1.0,0.341709,0.509363,2.7206,,,1.2349
"D=1, pink",D10_pink,GRU_v2,1033,25,173,76,1.0,0.439306,0.610442,3.1842,0.8768,0.9843,0.6184
"D=1, pink",D10_pink,GRU_v2,1033,50,173,76,1.0,0.439306,0.610442,3.1842,0.6172,0.9939,0.6184
"D=1, pink",D10_pink,GRU_v2,1033,100,173,76,1.0,0.439306,0.610442,3.1842,,,0.6184
"D=1, pink",D10_pink,GRU_v2,1034,25,187,76,1.0,0.406417,0.577947,2.7895,0.9463,0.991,0.9739
"D=1, pink",D10_pink,GRU_v2,1034,50,187,76,1.0,0.406417,0.577947,2.7895,0.9413,0.9985,0.9739
"D=1, pink",D10_pink,GRU_v2,1034,100,187,76,1.0,0.406417,0.577947,2.7895,,,0.9739
"D=1, pink",D10_pink,GRU_v2,1035,25,193,73,0.986301,0.373057,0.541353,2.3472,0.9321,0.9863,0.7701
"D=1, pink",D10_pink,GRU_v2,1035,50,193,73,1.0,0.378238,0.548872,2.9726,0.877,0.9974,0.7701
"D=1, pink",D10_pink,GRU_v2,1035,100,193,73,1.0,0.378238,0.548872,2.9726,,,0.7701
"D=1, pink",D10_pink,GRU_v2,1036,25,208,72,0.986111,0.341346,0.507143,1.7887,0.9143,0.9842,0.7871
"D=1, pink",D10_pink,GRU_v2,1036,50,208,72,1.0,0.346154,0.514286,2.2778,0.8548,0.9969,0.7871
"D=1, pink",D10_pink,GRU_v2,1036,100,208,72,1.0,0.346154,0.514286,2.2778,,,0.7871
"D=1, pink",D10_pink,GRU_v2,1037,25,172,71,0.971831,0.401163,0.567901,2.9275,0.927,0.9766,1.4198
"D=1, pink",D10_pink,GRU_v2,1037,50,172,71,0.985915,0.406977,0.576132,3.5143,0.845,0.9869,1.4198
"D=1, pink",D10_pink,GRU_v2,1037,100,172,71,1.0,0.412791,0.584362,4.6761,,,1.4198
"D=1, pink",D10_pink,GRU_v2,1038,25,184,72,1.0,0.391304,0.5625,2.9861,0.841,0.9625,1.7604
"D=1, pink",D10_pink,GRU_v2,1038,50,184,72,1.0,0.391304,0.5625,2.9861,0.6502,0.9893,1.7604
"D=1, pink",D10_pink,GRU_v2,1038,100,184,72,1.0,0.391304,0.5625,2.9861,,,1.7604
"D=1, pink",D10_pink,GRU_v2,1039,25,183,73,0.986301,0.393443,0.5625,2.5694,0.9019,0.9714,1.9766
"D=1, pink",D10_pink,GRU_v2,1039,50,183,73,1.0,0.398907,0.570312,3.0274,0.8788,0.9832,1.9766
"D=1, pink",D10_pink,GRU_v2,1039,100,183,73,1.0,0.398907,0.570312,3.0274,0.6047,0.9923,1.9766
"D=1, pink",D10_pink,GRU_v2,1040,25,176,60,1.0,0.340909,0.508475,2.75,0.9355,0.9698,1.7614
"D=1, pink",D10_pink,GRU_v2,1040,50,176,60,1.0,0.340909,0.508475,2.75,0.8767,0.9806,1.7614
"D=1, pink",D10_pink,GRU_v2,1040,100,176,60,1.0,0.340909,0.508475,2.75,0.9307,0.9998,1.7614
"D=1, pink",D10_pink,GRU_v2,1041,25,184,75,0.946667,0.38587,0.548263,3.2676,0.9073,0.9679,1.8085
"D=1, pink",D10_pink,GRU_v2,1041,50,184,75,0.973333,0.396739,0.563707,4.2192,0.8568,0.9771,1.8085
"D=1, pink",D10_pink,GRU_v2,1041,100,184,75,1.0,0.407609,0.579151,6.5733,,,1.8085
"D=1, pink",D10_pink,GRU_v2,1042,25,190,73,1.0,0.384211,0.555133,2.6712,0.9228,0.979,1.8676
"D=1, pink",D10_pink,GRU_v2,1042,50,190,73,1.0,0.384211,0.555133,2.6712,0.9303,0.9925,1.8676
"D=1, pink",D10_pink,GRU_v2,1042,100,190,73,1.0,0.384211,0.555133,2.6712,0.9405,0.9987,1.8676
"D=1, pink",D10_pink,GRU_v2,1043,25,200,83,0.987952,0.41,0.579505,2.378,0.9534,0.9906,1.4911
"D=1, pink",D10_pink,GRU_v2,1043,50,200,83,1.0,0.415,0.586572,2.6867,0.9088,0.9947,1.4911
"D=1, pink",D10_pink,GRU_v2,1043,100,200,83,1.0,0.415,0.586572,2.6867,0.7868,0.9999,1.4911
"D=1, pink",D10_pink,GRU_v2,1044,25,204,78,0.987179,0.377451,0.546099,1.974,0.9277,0.9817,1.3634
"D=1, pink",D10_pink,GRU_v2,1044,50,204,78,1.0,0.382353,0.553191,2.5385,0.8522,0.9832,1.3634
"D=1, pink",D10_pink,GRU_v2,1044,100,204,78,1.0,0.382353,0.553191,2.5385,0.7876,0.9973,1.3634
"D=1, pink",D10_pink,GRU_v2,1045,25,180,70,0.985714,0.383333,0.552,2.6087,0.927,0.9839,1.9423
"D=1, pink",D10_pink,GRU_v2,1045,50,180,70,0.985714,0.383333,0.552,2.6087,0.9388,0.9981,1.9423
"D=1, pink",D10_pink,GRU_v2,1045,100,180,70,1.0,0.388889,0.56,3.6857,0.954,0.9999,1.9423
"D=1, pink",D10_pink,GRU_v2,1046,25,215,80,1.0,0.372093,0.542373,2.15,0.9321,0.9818,2.034
"D=1, pink",D10_pink,GRU_v2,1046,50,215,80,1.0,0.372093,0.542373,2.15,0.8834,0.9922,2.034
"D=1, pink",D10_pink,GRU_v2,1046,100,215,80,1.0,0.372093,0.542373,2.15,,,2.034
"D=1, pink",D10_pink,GRU_v2,1047,25,199,68,1.0,0.341709,0.509363,1.8235,0.9297,0.9767,2.1264
"D=1, pink",D10_pink,GRU_v2,1047,50,199,68,1.0,0.341709,0.509363,1.8235,0.8758,0.9868,2.1264
"D=1, pink",D10_pink,GRU_v2,1047,100,199,68,1.0,0.341709,0.509363,1.8235,,,2.1264
"D=1, pink",D10_pink,GRU_v2,1048,25,215,76,1.0,0.353488,0.522337,2.5789,0.926,0.9807,1.9586
"D=1, pink",D10_pink,GRU_v2,1048,50,215,76,1.0,0.353488,0.522337,2.5789,0.9237,0.9918,1.9586
"D=1, pink",D10_pink,GRU_v2,1048,100,215,76,1.0,0.353488,0.522337,2.5789,,,1.9586
"D=1, pink",D10_pink,GRU_v2,1049,25,203,74,0.986486,0.359606,0.527076,1.8904,0.9447,0.9852,1.9311
"D=1, pink",D10_pink,GRU_v2,1049,50,203,74,0.986486,0.359606,0.527076,1.8904,0.8786,0.9946,1.9311
"D=1, pink",D10_pink,GRU_v2,1049,100,203,74,1.0,0.364532,0.534296,2.9595,,,1.9311
"D=1.5, white",D15_white,GRU_v2,1000,25,121,33,1.0,0.272727,0.428571,2.697,0.8461,0.968,1.6657
"D=1.5, white",D15_white,GRU_v2,1000,50,121,33,1.0,0.272727,0.428571,2.697,0.8645,0.9928,1.6657
"D=1.5, white",D15_white,GRU_v2,1000,100,121,33,1.0,0.272727,0.428571,2.697,,,1.6657
"D=1.5, white",D15_white,GRU_v2,1001,25,116,29,0.965517,0.241379,0.386207,3.5,0.7802,0.9538,2.084
"D=1.5, white",D15_white,GRU_v2,1001,50,116,29,0.965517,0.241379,0.386207,3.5,0.9482,0.9997,2.084
"D=1.5, white",D15_white,GRU_v2,1001,100,116,29,1.0,0.25,0.4,6.4483,,,2.084
"D=1.5, white",D15_white,GRU_v2,1002,25,106,31,0.967742,0.283019,0.437956,2.7333,0.8329,0.9655,0.9252
"D=1.5, white",D15_white,GRU_v2,1002,50,106,31,0.967742,0.283019,0.437956,2.7333,0.9298,0.9979,0.9252
"D=1.5, white",D15_white,GRU_v2,1002,100,106,31,1.0,0.292453,0.452555,5.2258,,,0.9252
"D=1.5, white",D15_white,GRU_v2,1003,25,107,26,1.0,0.242991,0.390977,2.8462,0.8225,0.9606,0.9713
"D=1.5, white",D15_white,GRU_v2,1003,50,107,26,1.0,0.242991,0.390977,2.8462,0.8676,0.998,0.9713
"D=1.5, white",D15_white,GRU_v2,1003,100,107,26,1.0,0.242991,0.390977,2.8462,,,0.9713
"D=1.5, white",D15_white,GRU_v2,1004,25,133,39,0.948718,0.278195,0.430233,2.8108,0.7908,0.98,1.055
"D=1.5, white",D15_white,GRU_v2,1004,50,133,39,1.0,0.293233,0.453488,4.9231,,,1.055
"D=1.5, white",D15_white,GRU_v2,1004,100,133,39,1.0,0.293233,0.453488,4.9231,,,1.055
"D=1.5, white",D15_white,GRU_v2,1005,25,93,25,1.0,0.268817,0.423729,4.0,0.7877,0.946,1.9585
"D=1.5, white",D15_white,GRU_v2,1005,50,93,25,1.0,0.268817,0.423729,4.0,0.9966,0.9999,1.9585
"D=1.5, white",D15_white,GRU_v2,1005,100,93,25,1.0,0.268817,0.423729,4.0,,,1.9585
"D=1.5, white",D15_white,GRU_v2,1006,25,121,32,1.0,0.264463,0.418301,3.625,0.8124,0.9645,1.5354
"D=1.5, white",D15_white,GRU_v2,1006,50,121,32,1.0,0.264463,0.418301,3.625,0.8233,0.9978,1.5354
"D=1.5, white",D15_white,GRU_v2,1006,100,121,32,1.0,0.264463,0.418301,3.625,,,1.5354
"D=1.5, white",D15_white,GRU_v2,1007,25,102,37,0.972973,0.352941,0.517986,2.8333,0.8046,0.9503,1.6914
"D=1.5, white",D15_white,GRU_v2,1007,50,102,37,1.0,0.362745,0.532374,3.6216,0.9531,0.9992,1.6914
"D=1.5, white",D15_white,GRU_v2,1007,100,102,37,1.0,0.362745,0.532374,3.6216,,,1.6914
"D=1.5, white",D15_white,GRU_v2,1008,25,117,31,1.0,0.264957,0.418919,2.4839,0.8694,0.9664,1.4066
"D=1.5, white",D15_white,GRU_v2,1008,50,117,31,1.0,0.264957,0.418919,2.4839,0.9384,0.9949,1.4066
"D=1.5, white",D15_white,GRU_v2,1008,100,117,31,1.0,0.264957,0.418919,2.4839,0.9718,0.9996,1.4066
"D=1.5, white",D15_white,GRU_v2,1009,25,112,37,1.0,0.330357,0.496644,3.7568,0.8418,0.9741,1.7713
"D=1.5, white",D15_white,GRU_v2,1009,50,112,37,1.0,0.330357,0.496644,3.7568,0.9596,0.9988,1.7713
"D=1.5, white",D15_white,GRU_v2,1009,100,112,37,1.0,0.330357,0.496644,3.7568,,,1.7713
"D=1.5, white",D15_white,GRU_v2,1010,25,123,25,1.0,0.203252,0.337838,3.32,0.8401,0.964,1.4584
"D=1.5, white",D15_white,GRU_v2,1010,50,123,25,1.0,0.203252,0.337838,3.32,0.9365,0.9978,1.4584
"D=1.5, white",D15_white,GRU_v2,1010,100,123,25,1.0,0.203252,0.337838,3.32,,,1.4584
"D=1.5, white",D15_white,GRU_v2,1011,25,121,41,0.95122,0.322314,0.481481,2.9744,0.8331,0.9761,1.8966
"D=1.5, white",D15_white,GRU_v2,1011,50,121,41,1.0,0.338843,0.506173,4.6098,0.9301,0.9982,1.8966
"D=1.5, white",D15_white,GRU_v2,1011,100,121,41,1.0,0.338843,0.506173,4.6098,,,1.8966
"D=1.5, white",D15_white,GRU_v2,1012,25,107,35,1.0,0.327103,0.492958,2.7429,0.8386,0.9638,1.3463
"D=1.5, white",D15_white,GRU_v2,1012,50,107,35,1.0,0.327103,0.492958,2.7429,0.9068,0.9975,1.3463
"D=1.5, white",D15_white,GRU_v2,1012,100,107,35,1.0,0.327103,0.492958,2.7429,,,1.3463
"D=1.5, white",D15_white,GRU_v2,1013,25,106,32,0.9375,0.283019,0.434783,3.8667,0.7573,0.9265,1.0846
"D=1.5, white",D15_white,GRU_v2,1013,50,106,32,0.96875,0.292453,0.449275,5.0968,0.7778,0.9896,1.0846
"D=1.5, white",D15_white,GRU_v2,1013,100,106,32,1.0,0.301887,0.463768,6.9062,,,1.0846
"D=1.5, white",D15_white,GRU_v2,1014,25,101,28,0.964286,0.267327,0.418605,2.5926,0.7762,0.9411,1.3261
"D=1.5, white",D15_white,GRU_v2,1014,50,101,28,0.964286,0.267327,0.418605,2.5926,0.8376,0.9929,1.3261
"D=1.5, white",D15_white,GRU_v2,1014,100,101,28,1.0,0.277228,0.434109,4.7857,,,1.3261
"D=1.5, white",D15_white,GRU_v2,1015,25,110,33,0.969697,0.290909,0.447552,2.7188,0.7746,0.9459,1.4301
"D=1.5, white",D15_white,GRU_v2,1015,50,110,33,0.969697,0.290909,0.447552,2.7188,0.9164,0.9995,1.4301
"D=1.5, white",D15_white,GRU_v2,1015,100,110,33,1.0,0.3,0.461538,5.3333,,,1.4301
"D=1.5, white",D15_white,GRU_v2,1016,25,111,43,1.0,0.387387,0.558442,2.8605,0.8926,0.9811,1.7929
"D=1.5, white",D15_white,GRU_v2,1016,50,111,43,1.0,0.387387,0.558442,2.8605,0.9138,0.9973,1.7929
"D=1.5, white",D15_white,GRU_v2,1016,100,111,43,1.0,0.387387,0.558442,2.8605,,,1.7929
"D=1.5, white",D15_white,GRU_v2,1017,25,110,44,0.931818,0.372727,0.532468,3.9024,0.8061,0.9603,1.6678
"D=1.5, white",D15_white,GRU_v2,1017,50,110,44,0.977273,0.390909,0.558442,5.0465,0.8857,0.9975,1.6678
"D=1.5, white",D15_white,GRU_v2,1017,100,110,44,1.0,0.4,0.571429,6.2045,,,1.6678
"D=1.5, white",D15_white,GRU_v2,1018,25,117,37,0.945946,0.299145,0.454545,3.3714,0.8489,0.9791,1.5563
"D=1.5, white",D15_white,GRU_v2,1018,50,117,37,1.0,0.316239,0.480519,5.7297,0.7565,0.9994,1.5563
"D=1.5, white",D15_white,GRU_v2,1018,100,117,37,1.0,0.316239,0.480519,5.7297,,,1.5563
"D=1.5, white",D15_white,GRU_v2,1019,25,111,25,0.96,0.216216,0.352941,2.2917,0.774,0.9442,1.8986
"D=1.5, white",D15_white,GRU_v2,1019,50,111,25,0.96,0.216216,0.352941,2.2917,0.8448,0.9965,1.8986
"D=1.5, white",D15_white,GRU_v2,1019,100,111,25,1.0,0.225225,0.367647,4.8,,,1.8986
"D=1.5, white",D15_white,GRU_v2,1020,25,119,20,1.0,0.168067,0.28777,1.9,0.8314,0.9648,1.7013
"D=1.5, white",D15_white,GRU_v2,1020,50,119,20,1.0,0.168067,0.28777,1.9,0.9038,0.9951,1.7013
"D=1.5, white",D15_white,GRU_v2,1020,100,119,20,1.0,0.168067,0.28777,1.9,,,1.7013
"D=1.5, white",D15_white,GRU_v2,1021,25,117,34,0.941176,0.273504,0.423841,3.9062,0.8121,0.9479,1.5884
"D=1.5, white",D15_white,GRU_v2,1021,50,117,34,1.0,0.290598,0.450331,5.5,0.9258,0.9966,1.5884
"D=1.5, white",D15_white,GRU_v2,1021,100,117,34,1.0,0.290598,0.450331,5.5,,,1.5884
"D=1.5, white",D15_white,GRU_v2,1022,25,124,35,1.0,0.282258,0.440252,3.2857,0.7157,0.9493,1.3434
"D=1.5, white",D15_white,GRU_v2,1022,50,124,35,1.0,0.282258,0.440252,3.2857,0.8916,0.9999,1.3434
"D=1.5, white",D15_white,GRU_v2,1022,100,124,35,1.0,0.282258,0.440252,3.2857,,,1.3434
"D=1.5, white",D15_white,GRU_v2,1023,25,115,27,0.851852,0.2,0.323944,3.3043,0.775,0.9288,0.9085
"D=1.5, white",D15_white,GRU_v2,1023,50,115,27,0.888889,0.208696,0.338028,4.4583,0.8452,0.985,0.9085
"D=1.5, white",D15_white,GRU_v2,1023,100,115,27,1.0,0.234783,0.380282,11.9259,0.9366,0.9997,0.9085
"D=1.5, white",D15_white,GRU_v2,1024,25,101,42,0.952381,0.39604,0.559441,4.6,0.8054,0.9537,1.0811
"D=1.5, white",D15_white,GRU_v2,1024,50,101,42,0.97619,0.405941,0.573427,5.4878,0.9469,0.9996,1.0811
"D=1.5, white",D15_white,GRU_v2,1024,100,101,42,1.0,0.415842,0.587413,6.8333,,,1.0811
"D=1.5, white",D15_white,GRU_v2,1025,25,103,33,1.0,0.320388,0.485294,3.8485,0.8271,0.9653,1.2432
"D=1.5, white",D15_white,GRU_v2,1025,50,103,33,1.0,0.320388,0.485294,3.8485,0.9229,0.999,1.2432
"D=1.5, white",D15_white,GRU_v2,1025,100,103,33,1.0,0.320388,0.485294,3.8485,,,1.2432
"D=1.5, white",D15_white,GRU_v2,1026,25,100,42,0.952381,0.4,0.56338,3.975,0.7912,0.9525,1.0042
"D=1.5, white",D15_white,GRU_v2,1026,50,100,42,1.0,0.42,0.591549,5.9048,0.8857,0.9984,1.0042
"D=1.5, white",D15_white,GRU_v2,1026,100,100,42,1.0,0.42,0.591549,5.9048,,,1.0042
"D=1.5, white",D15_white,GRU_v2,1027,25,106,27,1.0,0.254717,0.406015,3.8148,0.7159,0.9134,0.941
"D=1.5, white",D15_white,GRU_v2,1027,50,106,27,1.0,0.254717,0.406015,3.8148,0.7479,0.9794,0.941
"D=1.5, white",D15_white,GRU_v2,1027,100,106,27,1.0,0.254717,0.406015,3.8148,,,0.941
"D=1.5, white",D15_white,GRU_v2,1028,25,122,28,1.0,0.229508,0.373333,2.3214,0.8549,0.9634,0.7501
"D=1.5, white",D15_white,GRU_v2,1028,50,122,28,1.0,0.229508,0.373333,2.3214,0.8818,0.9945,0.7501
"D=1.5, white",D15_white,GRU_v2,1028,100,122,28,1.0,0.229508,0.373333,2.3214,,,0.7501
"D=1.5, white",D15_white,GRU_v2,1029,25,111,27,0.925926,0.225225,0.362319,2.88,0.8016,0.9485,0.7861
"D=1.5, white",D15_white,GRU_v2,1029,50,111,27,0.962963,0.234234,0.376812,3.9231,0.793,0.9966,0.7861
"D=1.5, white",D15_white,GRU_v2,1029,100,111,27,1.0,0.243243,0.391304,6.5926,,,0.7861
"D=1.5, white",D15_white,GRU_v2,1030,25,127,38,1.0,0.299213,0.460606,2.7895,0.8573,0.9849,0.7141
"D=1.5, white",D15_white,GRU_v2,1030,50,127,38,1.0,0.299213,0.460606,2.7895,,,0.7141
"D=1.5, white",D15_white,GRU_v2,1030,100,127,38,1.0,0.299213,0.460606,2.7895,,,0.7141
"D=1.5, white",D15_white,GRU_v2,1031,25,154,29,0.965517,0.181818,0.306011,4.1429,0.6976,0.9738,1.8167
"D=1.5, white",D15_white,GRU_v2,1031,50,154,29,1.0,0.188312,0.31694,5.069,,,1.8167
"D=1.5, white",D15_white,GRU_v2,1031,100,154,29,1.0,0.188312,0.31694,5.069,,,1.8167
"D=1.5, white",D15_white,GRU_v2,1032,25,112,35,1.0,0.3125,0.47619,4.0571,0.7425,0.9564,1.9758
"D=1.5, white",D15_white,GRU_v2,1032,50,112,35,1.0,0.3125,0.47619,4.0571,,,1.9758
"D=1.5, white",D15_white,GRU_v2,1032,100,112,35,1.0,0.3125,0.47619,4.0571,,,1.9758
"D=1.5, white",D15_white,GRU_v2,1033,25,101,35,0.942857,0.326733,0.485294,3.9697,0.8852,0.966,1.6679
"D=1.5, white",D15_white,GRU_v2,1033,50,101,35,0.971429,0.336634,0.5,4.7059,0.951,0.998,1.6679
"D=1.5, white",D15_white,GRU_v2,1033,100,101,35,1.0,0.346535,0.514706,6.1143,,,1.6679
"D=1.5, white",D15_white,GRU_v2,1034,25,125,23,0.956522,0.176,0.297297,3.7727,0.7099,0.958,1.7425
"D=1.5, white",D15_white,GRU_v2,1034,50,125,23,1.0,0.184,0.310811,5.6522,0.7889,0.9945,1.7425
"D=1.5, white",D15_white,GRU_v2,1034,100,125,23,1.0,0.184,0.310811,5.6522,,,1.7425
"D=1.5, white",D15_white,GRU_v2,1035,25,107,31,0.935484,0.271028,0.42029,3.2759,0.8135,0.9612,1.5694
"D=1.5, white",D15_white,GRU_v2,1035,50,107,31,0.967742,0.280374,0.434783,4.2,0.8898,0.9993,1.5694
"D=1.5, white",D15_white,GRU_v2,1035,100,107,31,1.0,0.28972,0.449275,5.7419,,,1.5694
"D=1.5, white",D15_white,GRU_v2,1036,25,116,34,0.970588,0.284483,0.44,2.9394,0.7835,0.9521,1.8187
"D=1.5, white",D15_white,GRU_v2,1036,50,116,34,1.0,0.293103,0.453333,4.0294,0.8014,0.9929,1.8187
"D=1.5, white",D15_white,GRU_v2,1036,100,116,34,1.0,0.293103,0.453333,4.0294,,,1.8187
"D=1.5, white",D15_white,GRU_v2,1037,25,112,30,1.0,0.267857,0.422535,3.7667,0.8347,0.9553,1.813
"D=1.5, white",D15_white,GRU_v2,1037,50,112,30,1.0,0.267857,0.422535,3.7667,0.947,0.9986,1.813
"D=1.5, white",D15_white,GRU_v2,1037,100,112,30,1.0,0.267857,0.422535,3.7667,,,1.813
"D=1.5, white",D15_white,GRU_v2,1038,25,130,39,0.974359,0.292308,0.449704,2.3421,0.8507,0.975,1.3244
"D=1.5, white",D15_white,GRU_v2,1038,50,130,39,1.0,0.3,0.461538,3.4359,0.941,0.9997,1.3244
"D=1.5, white",D15_white,GRU_v2,1038,100,130,39,1.0,0.3,0.461538,3.4359,,,1.3244
"D=1.5, white",D15_white,GRU_v2,1039,25,105,34,1.0,0.32381,0.489209,3.0294,0.8392,0.961,1.2714
"D=1.5, white",D15_white,GRU_v2,1039,50,105,34,1.0,0.32381,0.489209,3.0294,0.9113,0.9973,1.2714
"D=1.5, white",D15_white,GRU_v2,1039,100,105,34,1.0,0.32381,0.489209,3.0294,,,1.2714
"D=1.5, white",D15_white,GRU_v2,1040,25,113,31,1.0,0.274336,0.430556,2.7742,0.7427,0.9325,1.866
"D=1.5, white",D15_white,GRU_v2,1040,50,113,31,1.0,0.274336,0.430556,2.7742,0.9409,0.9988,1.866
"D=1.5, white",D15_white,GRU_v2,1040,100,113,31,1.0,0.274336,0.430556,2.7742,,,1.866
"D=1.5, white",D15_white,GRU_v2,1041,25,133,35,0.942857,0.24812,0.392857,4.1818,0.6996,0.9514,1.534
"D=1.5, white",D15_white,GRU_v2,1041,50,133,35,0.942857,0.24812,0.392857,4.1818,0.9092,0.9993,1.534
"D=1.5, white",D15_white,GRU_v2,1041,100,133,35,1.0,0.263158,0.416667,8.3714,,,1.534
"D=1.5, white",D15_white,GRU_v2,1042,25,127,38,0.947368,0.283465,0.436364,3.2222,0.8229,0.9709,1.5682
"D=1.5, white",D15_white,GRU_v2,1042,50,127,38,0.973684,0.291339,0.448485,4.0,0.9397,0.9972,1.5682
"D=1.5, white",D15_white,GRU_v2,1042,100,127,38,1.0,0.299213,0.460606,6.1316,,,1.5682
"D=1.5, white",D15_white,GRU_v2,1043,25,123,35,0.914286,0.260163,0.405063,2.7188,0.8126,0.9606,1.9092
"D=1.5, white",D15_white,GRU_v2,1043,50,123,35,1.0,0.284553,0.443038,5.5714,0.7483,0.9953,1.9092
"D=1.5, white",D15_white,GRU_v2,1043,100,123,35,1.0,0.284553,0.443038,5.5714,,,1.9092
"D=1.5, white",D15_white,GRU_v2,1044,25,101,35,0.942857,0.326733,0.485294,4.2727,0.8442,0.9656,1.7142
"D=1.5, white",D15_white,GRU_v2,1044,50,101,35,0.942857,0.326733,0.485294,4.2727,0.9135,0.9995,1.7142
"D=1.5, white",D15_white,GRU_v2,1044,100,101,35,1.0,0.346535,0.514706,9.3143,,,1.7142
"D=1.5, white",D15_white,GRU_v2,1045,25,113,33,0.939394,0.274336,0.424658,3.2903,0.8473,0.9664,1.9389
"D=1.5, white",D15_white,GRU_v2,1045,50,113,33,0.969697,0.283186,0.438356,4.5,0.895,0.9947,1.9389
"D=1.5, white",D15_white,GRU_v2,1045,100,113,33,0.969697,0.283186,0.438356,4.5,,,1.9389
"D=1.5, white",D15_white,GRU_v2,1046,25,124,27,1.0,0.217742,0.357616,3.4815,0.8161,0.9809,1.9471
"D=1.5, white",D15_white,GRU_v2,1046,50,124,27,1.0,0.217742,0.357616,3.4815,,,1.9471
"D=1.5, white",D15_white,GRU_v2,1046,100,124,27,1.0,0.217742,0.357616,3.4815,,,1.9471
"D=1.5, white",D15_white,GRU_v2,1047,25,111,33,0.939394,0.279279,0.430556,3.5806,0.847,0.9588,1.7899
"D=1.5, white",D15_white,GRU_v2,1047,50,111,33,0.939394,0.279279,0.430556,3.5806,0.8722,0.998,1.7899
"D=1.5, white",D15_white,GRU_v2,1047,100,111,33,1.0,0.297297,0.458333,8.8182,,,1.7899
"D=1.5, white",D15_white,GRU_v2,1048,25,134,28,1.0,0.208955,0.345679,3.5,0.8387,0.9741,1.2888
"D=1.5, white",D15_white,GRU_v2,1048,50,134,28,1.0,0.208955,0.345679,3.5,0.9304,0.9992,1.2888
"D=1.5, white",D15_white,GRU_v2,1048,100,134,28,1.0,0.208955,0.345679,3.5,,,1.2888
"D=1.5, white",D15_white,GRU_v2,1049,25,123,36,0.916667,0.268293,0.415094,3.3636,0.752,0.9525,1.5643
"D=1.5, white",D15_white,GRU_v2,1049,50,123,36,1.0,0.292683,0.45283,6.4722,0.9394,0.9984,1.5643
"D=1.5, white",D15_white,GRU_v2,1049,100,123,36,1.0,0.292683,0.45283,6.4722,,,1.5643
"D=0.5, white",D05_white,LSTM,1000,25,5,2,1.0,0.4,0.571429,0.5,0.5299,0.3124,9.2911
"D=0.5, white",D05_white,LSTM,1000,50,5,2,1.0,0.4,0.571429,0.5,0.4764,0.2643,9.2911
"D=0.5, white",D05_white,LSTM,1000,100,5,2,1.0,0.4,0.571429,0.5,0.4713,0.3232,9.2911
"D=0.5, white",D05_white,LSTM,1001,25,1,0,0.0,0.0,0.0,9999.0,0.296,0.0018,0.6515
"D=0.5, white",D05_white,LSTM,1001,50,1,0,0.0,0.0,0.0,9999.0,0.6791,0.0282,0.6515
"D=0.5, white",D05_white,LSTM,1001,100,1,0,0.0,0.0,0.0,9999.0,0.4143,0.037,0.6515
"D=0.5, white",D05_white,LSTM,1002,25,1,1,0.0,0.0,0.0,9999.0,0.6658,0.0065,0.8592
"D=0.5, white",D05_white,LSTM,1002,50,1,1,0.0,0.0,0.0,9999.0,0.7635,0.0341,0.8592
"D=0.5, white",D05_white,LSTM,1002,100,1,1,0.0,0.0,0.0,9999.0,0.7437,0.0815,0.8592
"D=0.5, white",D05_white,LSTM,1003,25,3,0,0.0,0.0,0.0,9999.0,0.6352,0.2559,0.9976
"D=0.5, white",D05_white,LSTM,1003,50,3,0,0.0,0.0,0.0,9999.0,0.534,0.1747,0.9976
"D=0.5, white",D05_white,LSTM,1003,100,3,0,0.0,0.0,0.0,9999.0,0.5458,0.1939,0.9976
"D=0.5, white",D05_white,LSTM,1004,25,3,2,0.5,0.333333,0.4,16.0,0.6923,0.2565,1.3166
"D=0.5, white",D05_white,LSTM,1004,50,3,2,0.5,0.333333,0.4,16.0,0.4832,0.163,1.3166
"D=0.5, white",D05_white,LSTM,1004,100,3,2,1.0,0.666667,0.8,56.0,0.5201,0.2932,1.3166
"D=0.5, white",D05_white,LSTM,1005,25,3,1,1.0,0.333333,0.5,4.0,0.4766,0.2712,1.3747
"D=0.5, white",D05_white,LSTM,1005,50,3,1,1.0,0.333333,0.5,4.0,0.338,0.1576,1.3747
"D=0.5, white",D05_white,LSTM,1005,100,3,1,1.0,0.333333,0.5,4.0,0.3752,0.1653,1.3747
"D=0.5, white",D05_white,LSTM,1006,25,1,1,0.0,0.0,0.0,9999.0,0.9347,0.0358,1.3006
"D=0.5, white",D05_white,LSTM,1006,50,1,1,0.0,0.0,0.0,9999.0,0.622,0.0455,1.3006
"D=0.5, white",D05_white,LSTM,1006,100,1,1,0.0,0.0,0.0,9999.0,0.3704,0.0405,1.3006
"D=0.5, white",D05_white,LSTM,1007,25,1,1,0.0,0.0,0.0,9999.0,0.7335,0.0064,0.8634
"D=0.5, white",D05_white,LSTM,1007,50,1,1,0.0,0.0,0.0,9999.0,0.5631,0.0292,0.8634
"D=0.5, white",D05_white,LSTM,1007,100,1,1,0.0,0.0,0.0,9999.0,0.5668,0.1807,0.8634
"D=0.5, white",D05_white,LSTM,1008,25,3,2,0.5,0.333333,0.4,3.0,0.6201,0.0981,0.8421
"D=0.5, white",D05_white,LSTM,1008,50,3,2,0.5,0.333333,0.4,3.0,0.5841,0.116,0.8421
"D=0.5, white",D05_white,LSTM,1008,100,3,2,0.5,0.333333,0.4,3.0,0.6374,0.2301,0.8421
"D=0.5, white",D05_white,LSTM,1009,25,3,1,1.0,0.333333,0.5,1.0,0.5242,0.2929,0.7856
"D=0.5, white",D05_white,LSTM,1009,50,3,1,1.0,0.333333,0.5,1.0,0.4994,0.2197,0.7856
"D=0.5, white",D05_white,LSTM,1009,100,3,1,1.0,0.333333,0.5,1.0,0.6407,0.2958,0.7856
"D=0.5, white",D05_white,LSTM,1010,25,3,2,0.5,0.333333,0.4,1.0,0.762,0.2697,0.9053
"D=0.5, white",D05_white,LSTM,1010,50,3,2,0.5,0.333333,0.4,1.0,0.6163,0.185,0.9053
"D=0.5, white",D05_white,LSTM,1010,100,3,2,0.5,0.333333,0.4,1.0,0.4894,0.1901,0.9053
"D=0.5, white",D05_white,LSTM,1011,25,3,1,1.0,0.333333,0.5,1.0,0.5404,0.2253,1.1252
"D=0.5, white",D05_white,LSTM,1011,50,3,1,1.0,0.333333,0.5,1.0,0.6,0.2238,1.1252
"D=0.5, white",D05_white,LSTM,1011,100,3,1,1.0,0.333333,0.5,1.0,0.4924,0.2124,1.1252
"D=0.5, white",D05_white,LSTM,1012,25,1,1,0.0,0.0,0.0,9999.0,0.1581,0.0024,1.4171
"D=0.5, white",D05_white,LSTM,1012,50,1,1,0.0,0.0,0.0,9999.0,0.6113,0.0312,1.4171
"D=0.5, white",D05_white,LSTM,1012,100,1,1,0.0,0.0,0.0,9999.0,0.7229,0.1244,1.4171
"D=0.5, white",D05_white,LSTM,1013,25,3,0,0.0,0.0,0.0,9999.0,0.7204,0.262,1.2838
"D=0.5, white",D05_white,LSTM,1013,50,3,0,0.0,0.0,0.0,9999.0,0.6795,0.2168,1.2838
"D=0.5, white",D05_white,LSTM,1013,100,3,0,0.0,0.0,0.0,9999.0,0.5635,0.2193,1.2838
"D=0.5, white",D05_white,LSTM,1014,25,3,3,0.333333,0.333333,0.333333,3.0,0.6296,0.2797,1.11
"D=0.5, white",D05_white,LSTM,1014,50,3,3,0.333333,0.333333,0.333333,3.0,0.6449,0.2089,1.11
"D=0.5, white",D05_white,LSTM,1014,100,3,3,0.666667,0.666667,0.666667,40.5,0.6819,0.2789,1.11
"D=0.5, white",D05_white,LSTM,1015,25,1,4,0.0,0.0,0.0,9999.0,0.9593,0.1675,1.0104
"D=0.5, white",D05_white,LSTM,1015,50,1,4,0.25,1.0,0.4,27.0,0.8365,0.1639,1.0104
"D=0.5, white",D05_white,LSTM,1015,100,1,4,0.25,1.0,0.4,27.0,0.7259,0.1138,1.0104
"D=0.5, white",D05_white,LSTM,1016,25,3,2,0.5,0.333333,0.4,1.0,0.6798,0.2562,0.856
"D=0.5, white",D05_white,LSTM,1016,50,3,2,0.5,0.333333,0.4,1.0,0.6533,0.2158,0.856
"D=0.5, white",D05_white,LSTM,1016,100,3,2,0.5,0.333333,0.4,1.0,0.6425,0.2091,0.856
"D=0.5, white",D05_white,LSTM,1017,25,1,1,0.0,0.0,0.0,9999.0,0.2472,0.002,1.0177
"D=0.5, white",D05_white,LSTM,1017,50,1,1,0.0,0.0,0.0,9999.0,0.4287,0.0131,1.0177
"D=0.5, white",D05_white,LSTM,1017,100,1,1,1.0,1.0,1.0,69.0,0.6017,0.2013,1.0177
"D=0.5, white",D05_white,LSTM,1018,25,1,0,0.0,0.0,0.0,9999.0,0.1236,0.002,1.1701
"D=0.5, white",D05_white,LSTM,1018,50,1,0,0.0,0.0,0.0,9999.0,0.1563,0.009,1.1701
"D=0.5, white",D05_white,LSTM,1018,100,1,0,0.0,0.0,0.0,9999.0,0.4035,0.0338,1.1701
"D=0.5, white",D05_white,LSTM,1019,25,1,0,0.0,0.0,0.0,9999.0,0.4798,0.0033,1.3244
"D=0.5, white",D05_white,LSTM,1019,50,1,0,0.0,0.0,0.0,9999.0,0.5034,0.015,1.3244
"D=0.5, white",D05_white,LSTM,1019,100,1,0,0.0,0.0,0.0,9999.0,0.4091,0.035,1.3244
"D=0.5, white",D05_white,LSTM,1020,25,1,2,0.0,0.0,0.0,9999.0,0.4357,0.0035,1.2076
"D=0.5, white",D05_white,LSTM,1020,50,1,2,0.0,0.0,0.0,9999.0,0.4267,0.0134,1.2076
"D=0.5, white",D05_white,LSTM,1020,100,1,2,0.0,0.0,0.0,9999.0,0.2546,0.0261,1.2076
"D=0.5, white",D05_white,LSTM,1021,25,1,1,0.0,0.0,0.0,9999.0,0.2348,0.0019,1.1572
"D=0.5, white",D05_white,LSTM,1021,50,1,1,0.0,0.0,0.0,9999.0,0.339,0.011,1.1572
"D=0.5, white",D05_white,LSTM,1021,100,1,1,0.0,0.0,0.0,9999.0,0.3585,0.0293,1.1572
"D=0.5, white",D05_white,LSTM,1022,25,3,1,1.0,0.333333,0.5,5.0,0.6531,0.2388,0.9711
"D=0.5, white",D05_white,LSTM,1022,50,3,1,1.0,0.333333,0.5,5.0,0.5709,0.1678,0.9711
"D=0.5, white",D05_white,LSTM,1022,100,3,1,1.0,0.333333,0.5,5.0,0.5581,0.2084,0.9711
"D=0.5, white",D05_white,LSTM,1023,25,3,1,1.0,0.333333,0.5,2.0,0.4952,0.2609,0.6866
"D=0.5, white",D05_white,LSTM,1023,50,3,1,1.0,0.333333,0.5,2.0,0.4635,0.1618,0.6866
"D=0.5, white",D05_white,LSTM,1023,100,3,1,1.0,0.333333,0.5,2.0,0.4673,0.1891,0.6866
"D=0.5, white",D05_white,LSTM,1024,25,5,3,0.666667,0.4,0.5,1.5,0.6363,0.4419,1.0427
"D=0.5, white",D05_white,LSTM,1024,50,5,3,0.666667,0.4,0.5,1.5,0.5011,0.2993,1.0427
"D=0.5, white",D05_white,LSTM,1024,100,5,3,0.666667,0.4,0.5,1.5,0.4854,0.3417,1.0427
"D=0.5, white",D05_white,LSTM,1025,25,1,2,0.0,0.0,0.0,9999.0,0.7771,0.0076,0.9525
"D=0.5, white",D05_white,LSTM,1025,50,1,2,0.0,0.0,0.0,9999.0,0.6218,0.0197,0.9525
"D=0.5, white",D05_white,LSTM,1025,100,1,2,0.0,0.0,0.0,9999.0,0.5403,0.0419,0.9525
"D=0.5, white",D05_white,LSTM,1026,25,1,0,0.0,0.0,0.0,9999.0,0.8168,0.0141,1.3082
"D=0.5, white",D05_white,LSTM,1026,50,1,0,0.0,0.0,0.0,9999.0,0.8429,0.0599,1.3082
"D=0.5, white",D05_white,LSTM,1026,100,1,0,0.0,0.0,0.0,9999.0,0.5537,0.0584,1.3082
"D=0.5, white",D05_white,LSTM,1027,25,3,1,0.0,0.0,0.0,9999.0,0.6114,0.0493,1.1469
"D=0.5, white",D05_white,LSTM,1027,50,3,1,0.0,0.0,0.0,9999.0,0.5371,0.078,1.1469
"D=0.5, white",D05_white,LSTM,1027,100,3,1,0.0,0.0,0.0,9999.0,0.5309,0.1386,1.1469
"D=0.5, white",D05_white,LSTM,1028,25,5,2,1.0,0.4,0.571429,1.0,0.5943,0.311,1.2446
"D=0.5, white",D05_white,LSTM,1028,50,5,2,1.0,0.4,0.571429,1.0,0.6227,0.314,1.2446
"D=0.5, white",D05_white,LSTM,1028,100,5,2,1.0,0.4,0.571429,1.0,0.5379,0.3498,1.2446
"D=0.5, white",D05_white,LSTM,1029,25,3,2,0.5,0.333333,0.4,0.0,0.4886,0.2386,0.9074
"D=0.5, white",D05_white,LSTM,1029,50,3,2,0.5,0.333333,0.4,0.0,0.5485,0.181,0.9074
"D=0.5, white",D05_white,LSTM,1029,100,3,2,0.5,0.333333,0.4,0.0,0.5875,0.2342,0.9074
"D=0.5, white",D05_white,LSTM,1030,25,3,1,1.0,0.333333,0.5,0.0,0.7938,0.4942,0.7251
"D=0.5, white",D05_white,LSTM,1030,50,3,1,1.0,0.333333,0.5,0.0,0.6975,0.4441,0.7251
"D=0.5, white",D05_white,LSTM,1030,100,3,1,1.0,0.333333,0.5,0.0,0.7129,0.4103,0.7251
"D=0.5, white",D05_white,LSTM,1031,25,1,1,0.0,0.0,0.0,9999.0,0.7096,0.005,0.9865
"D=0.5, white",D05_white,LSTM,1031,50,1,1,0.0,0.0,0.0,9999.0,0.6847,0.0237,0.9865
"D=0.5, white",D05_white,LSTM,1031,100,1,1,0.0,0.0,0.0,9999.0,0.6155,0.0647,0.9865
"D=0.5, white",D05_white,LSTM,1032,25,1,1,0.0,0.0,0.0,9999.0,0.8181,0.0216,3.144
"D=0.5, white",D05_white,LSTM,1032,50,1,1,0.0,0.0,0.0,9999.0,0.7289,0.0355,3.144
"D=0.5, white",D05_white,LSTM,1032,100,1,1,0.0,0.0,0.0,9999.0,0.5944,0.0493,3.144
"D=0.5, white",D05_white,LSTM,1033,25,1,1,0.0,0.0,0.0,9999.0,0.3608,0.0019,1.0694
"D=0.5, white",D05_white,LSTM,1033,50,1,1,0.0,0.0,0.0,9999.0,0.2105,0.0091,1.0694
"D=0.5, white",D05_white,LSTM,1033,100,1,1,0.0,0.0,0.0,9999.0,0.3714,0.0305,1.0694
"D=0.5, white",D05_white,LSTM,1034,25,1,0,0.0,0.0,0.0,9999.0,0.7362,0.0082,0.6289
"D=0.5, white",D05_white,LSTM,1034,50,1,0,0.0,0.0,0.0,9999.0,0.5314,0.0173,0.6289
"D=0.5, white",D05_white,LSTM,1034,100,1,0,0.0,0.0,0.0,9999.0,0.5515,0.0607,0.6289
"D=0.5, white",D05_white,LSTM,1035,25,3,0,0.0,0.0,0.0,9999.0,0.753,0.1076,1.2635
"D=0.5, white",D05_white,LSTM,1035,50,3,0,0.0,0.0,0.0,9999.0,0.5339,0.0958,1.2635
"D=0.5, white",D05_white,LSTM,1035,100,3,0,0.0,0.0,0.0,9999.0,0.5345,0.1591,1.2635
"D=0.5, white",D05_white,LSTM,1036,25,3,1,1.0,0.333333,0.5,1.0,0.7117,0.3002,1.2204
"D=0.5, white",D05_white,LSTM,1036,50,3,1,1.0,0.333333,0.5,1.0,0.4835,0.175,1.2204
"D=0.5, white",D05_white,LSTM,1036,100,3,1,1.0,0.333333,0.5,1.0,0.499,0.1858,1.2204
"D=0.5, white",D05_white,LSTM,1037,25,3,5,0.2,0.333333,0.25,1.0,0.438,0.2861,1.4646
"D=0.5, white",D05_white,LSTM,1037,50,3,5,0.2,0.333333,0.25,1.0,0.5273,0.1861,1.4646
"D=0.5, white",D05_white,LSTM,1037,100,3,5,0.2,0.333333,0.25,1.0,0.5576,0.2069,1.4646
"D=0.5, white",D05_white,LSTM,1038,25,1,0,0.0,0.0,0.0,9999.0,0.0717,0.0016,0.9989
"D=0.5, white",D05_white,LSTM,1038,50,1,0,0.0,0.0,0.0,9999.0,0.5309,0.0255,0.9989
"D=0.5, white",D05_white,LSTM,1038,100,1,0,0.0,0.0,0.0,9999.0,0.5262,0.0459,0.9989
"D=0.5, white",D05_white,LSTM,1039,25,1,0,0.0,0.0,0.0,9999.0,0.5073,0.0034,1.2449
"D=0.5, white",D05_white,LSTM,1039,50,1,0,0.0,0.0,0.0,9999.0,0.6078,0.0192,1.2449
"D=0.5, white",D05_white,LSTM,1039,100,1,0,0.0,0.0,0.0,9999.0,0.517,0.0394,1.2449
"D=0.5, white",D05_white,LSTM,1040,25,1,0,0.0,0.0,0.0,9999.0,0.6329,0.0052,1.2305
"D=0.5, white",D05_white,LSTM,1040,50,1,0,0.0,0.0,0.0,9999.0,0.346,0.0118,1.2305
"D=0.5, white",D05_white,LSTM,1040,100,1,0,0.0,0.0,0.0,9999.0,0.4747,0.0794,1.2305
"D=0.5, white",D05_white,LSTM,1041,25,1,0,0.0,0.0,0.0,9999.0,0.5712,0.0077,0.6238
"D=0.5, white",D05_white,LSTM,1041,50,1,0,0.0,0.0,0.0,9999.0,0.6434,0.0392,0.6238
"D=0.5, white",D05_white,LSTM,1041,100,1,0,0.0,0.0,0.0,9999.0,0.7603,0.2713,0.6238
"D=0.5, white",D05_white,LSTM,1042,25,1,1,0.0,0.0,0.0,9999.0,0.4926,0.0035,1.1597
"D=0.5, white",D05_white,LSTM,1042,50,1,1,0.0,0.0,0.0,9999.0,0.642,0.0206,1.1597
"D=0.5, white",D05_white,LSTM,1042,100,1,1,0.0,0.0,0.0,9999.0,0.5129,0.0386,1.1597
"D=0.5, white",D05_white,LSTM,1043,25,3,1,1.0,0.333333,0.5,1.0,0.8962,0.5024,1.0555
"D=0.5, white",D05_white,LSTM,1043,50,3,1,1.0,0.333333,0.5,1.0,0.7789,0.3966,1.0555
"D=0.5, white",D05_white,LSTM,1043,100,3,1,1.0,0.333333,0.5,1.0,0.5782,0.2682,1.0555
"D=0.5, white",D05_white,LSTM,1044,25,3,1,1.0,0.333333,0.5,3.0,0.6574,0.2872,1.4105
"D=0.5, white",D05_white,LSTM,1044,50,3,1,1.0,0.333333,0.5,3.0,0.6957,0.2356,1.4105
"D=0.5, white",D05_white,LSTM,1044,100,3,1,1.0,0.333333,0.5,3.0,0.6047,0.2347,1.4105
"D=0.5, white",D05_white,LSTM,1045,25,1,0,0.0,0.0,0.0,9999.0,0.4326,0.0021,1.1137
"D=0.5, white",D05_white,LSTM,1045,50,1,0,0.0,0.0,0.0,9999.0,0.4278,0.0124,1.1137
"D=0.5, white",D05_white,LSTM,1045,100,1,0,0.0,0.0,0.0,9999.0,0.3711,0.0296,1.1137
"D=0.5, white",D05_white,LSTM,1046,25,1,1,0.0,0.0,0.0,9999.0,0.6353,0.007,1.4963
"D=0.5, white",D05_white,LSTM,1046,50,1,1,0.0,0.0,0.0,9999.0,0.5083,0.018,1.4963
"D=0.5, white",D05_white,LSTM,1046,100,1,1,0.0,0.0,0.0,9999.0,0.4575,0.0405,1.4963
"D=0.5, white",D05_white,LSTM,1047,25,3,0,0.0,0.0,0.0,9999.0,0.915,0.1631,0.594
"D=0.5, white",D05_white,LSTM,1047,50,3,0,0.0,0.0,0.0,9999.0,0.8484,0.1584,0.594
"D=0.5, white",D05_white,LSTM,1047,100,3,0,0.0,0.0,0.0,9999.0,0.7801,0.1651,0.594
"D=0.5, white",D05_white,LSTM,1048,25,7,4,0.75,0.428571,0.545455,2.3333,0.7641,0.4752,0.9952
"D=0.5, white",D05_white,LSTM,1048,50,7,4,0.75,0.428571,0.545455,2.3333,0.7555,0.4459,0.9952
"D=0.5, white",D05_white,LSTM,1048,100,7,4,0.75,0.428571,0.545455,2.3333,0.6885,0.4099,0.9952
"D=0.5, white",D05_white,LSTM,1049,25,3,1,0.0,0.0,0.0,9999.0,0.6867,0.0275,0.6137
"D=0.5, white",D05_white,LSTM,1049,50,3,1,1.0,0.333333,0.5,49.0,0.7363,0.1388,0.6137
"D=0.5, white",D05_white,LSTM,1049,100,3,1,1.0,0.333333,0.5,49.0,0.7024,0.1842,0.6137
"D=1, white",D10_white,LSTM,1000,25,39,12,1.0,0.307692,0.470588,1.8333,0.6586,0.7146,1.449
"D=1, white",D10_white,LSTM,1000,50,39,12,1.0,0.307692,0.470588,1.8333,0.6081,0.8728,1.449
"D=1, white",D10_white,LSTM,1000,100,39,12,1.0,0.307692,0.470588,1.8333,0.7186,0.9935,1.449
"D=1, white",D10_white,LSTM,1001,25,35,9,0.888889,0.228571,0.363636,1.625,0.6684,0.6515,1.3227
"D=1, white",D10_white,LSTM,1001,50,35,9,0.888889,0.228571,0.363636,1.625,0.6284,0.8095,1.3227
"D=1, white",D10_white,LSTM,1001,100,35,9,1.0,0.257143,0.409091,11.7778,0.6692,0.9676,1.3227
"D=1, white",D10_white,LSTM,1002,25,43,12,1.0,0.27907,0.436364,1.5833,0.6842,0.734,1.3553
"D=1, white",D10_white,LSTM,1002,50,43,12,1.0,0.27907,0.436364,1.5833,0.5842,0.8149,1.3553
"D=1, white",D10_white,LSTM,1002,100,43,12,1.0,0.27907,0.436364,1.5833,0.3845,0.9584,1.3553
"D=1, white",D10_white,LSTM,1003,25,43,9,0.888889,0.186047,0.307692,1.875,0.6134,0.6365,1.6018
"D=1, white",D10_white,LSTM,1003,50,43,9,0.888889,0.186047,0.307692,1.875,0.6039,0.7686,1.6018
"D=1, white",D10_white,LSTM,1003,100,43,9,1.0,0.209302,0.346154,12.6667,0.6533,0.9262,1.6018
"D=1, white",D10_white,LSTM,1004,25,45,10,1.0,0.222222,0.363636,3.3,0.5717,0.6496,0.9672
"D=1, white",D10_white,LSTM,1004,50,45,10,1.0,0.222222,0.363636,3.3,0.5891,0.8223,0.9672
"D=1, white",D10_white,LSTM,1004,100,45,10,1.0,0.222222,0.363636,3.3,0.7422,0.9747,0.9672
"D=1, white",D10_white,LSTM,1005,25,37,12,0.833333,0.27027,0.408163,2.6,0.6618,0.6628,0.7876
"D=1, white",D10_white,LSTM,1005,50,37,12,0.833333,0.27027,0.408163,2.6,0.5338,0.7784,0.7876
"D=1, white",D10_white,LSTM,1005,100,37,12,1.0,0.324324,0.489796,13.25,0.5042,0.9221,0.7876
"D=1, white",D10_white,LSTM,1006,25,39,11,0.909091,0.25641,0.4,1.8,0.7228,0.7371,0.7029
"D=1, white",D10_white,LSTM,1006,50,39,11,0.909091,0.25641,0.4,1.8,0.6973,0.8411,0.7029
"D=1, white",D10_white,LSTM,1006,100,39,11,1.0,0.282051,0.44,8.7273,0.6809,0.9659,0.7029
"D=1, white",D10_white,LSTM,1007,25,21,5,0.8,0.190476,0.307692,0.75,0.6382,0.4736,1.329
"D=1, white",D10_white,LSTM,1007,50,21,5,1.0,0.238095,0.384615,7.6,0.5618,0.5787,1.329
"D=1, white",D10_white,LSTM,1007,100,21,5,1.0,0.238095,0.384615,7.6,0.4764,0.6942,1.329
"D=1, white",D10_white,LSTM,1008,25,57,16,1.0,0.280702,0.438356,2.3125,0.7586,0.8437,1.5711
"D=1, white",D10_white,LSTM,1008,50,57,16,1.0,0.280702,0.438356,2.3125,0.704,0.9325,1.5711
"D=1, white",D10_white,LSTM,1008,100,57,16,1.0,0.280702,0.438356,2.3125,0.7208,0.9925,1.5711
"D=1, white",D10_white,LSTM,1009,25,45,11,1.0,0.244444,0.392857,1.7273,0.6386,0.7029,1.246
"D=1, white",D10_white,LSTM,1009,50,45,11,1.0,0.244444,0.392857,1.7273,0.54,0.7821,1.246
"D=1, white",D10_white,LSTM,1009,100,45,11,1.0,0.244444,0.392857,1.7273,0.5468,0.9759,1.246
"D=1, white",D10_white,LSTM,1010,25,37,10,0.9,0.243243,0.382979,1.6667,0.6949,0.7036,1.0461
"D=1, white",D10_white,LSTM,1010,50,37,10,1.0,0.27027,0.425532,4.2,0.6435,0.7826,1.0461
"D=1, white",D10_white,LSTM,1010,100,37,10,1.0,0.27027,0.425532,4.2,0.6636,0.8964,1.0461
"D=1, white",D10_white,LSTM,1011,25,43,12,0.916667,0.255814,0.4,1.3636,0.722,0.7717,0.8219
"D=1, white",D10_white,LSTM,1011,50,43,12,1.0,0.27907,0.436364,5.1667,0.6472,0.847,0.8219
"D=1, white",D10_white,LSTM,1011,100,43,12,1.0,0.27907,0.436364,5.1667,0.5292,0.9264,0.8219
"D=1, white",D10_white,LSTM,1012,25,41,12,0.916667,0.268293,0.415094,2.2727,0.6456,0.6618,0.6394
"D=1, white",D10_white,LSTM,1012,50,41,12,0.916667,0.268293,0.415094,2.2727,0.5843,0.7598,0.6394
"D=1, white",D10_white,LSTM,1012,100,41,12,1.0,0.292683,0.45283,7.1667,0.5927,0.8939,0.6394
"D=1, white",D10_white,LSTM,1013,25,49,13,0.923077,0.244898,0.387097,1.5833,0.6956,0.7545,1.2593
"D=1, white",D10_white,LSTM,1013,50,49,13,0.923077,0.244898,0.387097,1.5833,0.6243,0.8205,1.2593
"D=1, white",D10_white,LSTM,1013,100,49,13,1.0,0.265306,0.419355,6.4615,0.6371,0.9418,1.2593
"D=1, white",D10_white,LSTM,1014,25,35,11,0.818182,0.257143,0.391304,1.7778,0.6981,0.6842,1.3866
"D=1, white",D10_white,LSTM,1014,50,35,11,0.818182,0.257143,0.391304,1.7778,0.6284,0.7689,1.3866
"D=1, white",D10_white,LSTM,1014,100,35,11,1.0,0.314286,0.478261,13.0909,0.6003,0.9377,1.3866
"D=1, white",D10_white,LSTM,1015,25,47,11,0.909091,0.212766,0.344828,3.6,0.7219,0.7551,1.2078
"D=1, white",D10_white,LSTM,1015,50,47,11,1.0,0.234043,0.37931,6.4545,0.7086,0.9077,1.2078
"D=1, white",D10_white,LSTM,1015,100,47,11,1.0,0.234043,0.37931,6.4545,0.9341,0.9999,1.2078
"D=1, white",D10_white,LSTM,1016,25,33,13,1.0,0.393939,0.565217,2.0769,0.671,0.6909,1.3256
"D=1, white",D10_white,LSTM,1016,50,33,13,1.0,0.393939,0.565217,2.0769,0.5352,0.7283,1.3256
"D=1, white",D10_white,LSTM,1016,100,33,13,1.0,0.393939,0.565217,2.0769,0.4719,0.8188,1.3256
"D=1, white",D10_white,LSTM,1017,25,43,14,0.928571,0.302326,0.45614,2.0769,0.6506,0.721,1.0692
"D=1, white",D10_white,LSTM,1017,50,43,14,0.928571,0.302326,0.45614,2.0769,0.5349,0.7774,1.0692
"D=1, white",D10_white,LSTM,1017,100,43,14,1.0,0.325581,0.491228,6.9286,0.6272,0.9302,1.0692
"D=1, white",D10_white,LSTM,1018,25,49,13,0.846154,0.22449,0.354839,1.6364,0.6522,0.7457,0.8695
"D=1, white",D10_white,LSTM,1018,50,49,13,0.923077,0.244898,0.387097,3.6667,0.5443,0.8587,0.8695
"D=1, white",D10_white,LSTM,1018,100,49,13,1.0,0.265306,0.419355,7.9231,0.5339,0.9856,0.8695
"D=1, white",D10_white,LSTM,1019,25,47,13,1.0,0.276596,0.433333,2.6923,0.6814,0.7413,0.6148
"D=1, white",D10_white,LSTM,1019,50,47,13,1.0,0.276596,0.433333,2.6923,0.5729,0.8213,0.6148
"D=1, white",D10_white,LSTM,1019,100,47,13,1.0,0.276596,0.433333,2.6923,0.5007,0.9553,0.6148
"D=1, white",D10_white,LSTM,1020,25,41,15,0.866667,0.317073,0.464286,1.1538,0.6974,0.7232,1.0315
"D=1, white",D10_white,LSTM,1020,50,41,15,0.866667,0.317073,0.464286,1.1538,0.6081,0.8052,1.0315
"D=1, white",D10_white,LSTM,1020,100,41,15,1.0,0.365854,0.535714,8.8,0.6149,0.9784,1.0315
"D=1, white",D10_white,LSTM,1021,25,37,11,1.0,0.297297,0.458333,3.0,0.6825,0.708,1.503
"D=1, white",D10_white,LSTM,1021,50,37,11,1.0,0.297297,0.458333,3.0,0.6099,0.8161,1.503
"D=1, white",D10_white,LSTM,1021,100,37,11,1.0,0.297297,0.458333,3.0,0.499,0.9375,1.503
"D=1, white",D10_white,LSTM,1022,25,40,11,1.0,0.275,0.431373,2.0909,0.7214,0.7588,1.4014
"D=1, white",D10_white,LSTM,1022,50,40,11,1.0,0.275,0.431373,2.0909,0.6699,0.869,1.4014
"D=1, white",D10_white,LSTM,1022,100,40,11,1.0,0.275,0.431373,2.0909,0.6685,0.9718,1.4014
"D=1, white",D10_white,LSTM,1023,25,37,12,1.0,0.324324,0.489796,1.5,0.748,0.7485,0.8874
"D=1, white",D10_white,LSTM,1023,50,37,12,1.0,0.324324,0.489796,1.5,0.7103,0.8576,0.8874
"D=1, white",D10_white,LSTM,1023,100,37,12,1.0,0.324324,0.489796,1.5,0.5765,0.96,0.8874
"D=1, white",D10_white,LSTM,1024,25,45,10,1.0,0.222222,0.363636,2.4,0.6952,0.7669,0.8741
"D=1, white",D10_white,LSTM,1024,50,45,10,1.0,0.222222,0.363636,2.4,0.6653,0.8905,0.8741
"D=1, white",D10_white,LSTM,1024,100,45,10,1.0,0.222222,0.363636,2.4,0.7589,0.9988,0.8741
"D=1, white",D10_white,LSTM,1025,25,29,8,0.875,0.241379,0.378378,2.8571,0.6917,0.6053,0.7396
"D=1, white",D10_white,LSTM,1025,50,29,8,0.875,0.241379,0.378378,2.8571,0.6028,0.7399,0.7396
"D=1, white",D10_white,LSTM,1025,100,29,8,0.875,0.241379,0.378378,2.8571,0.5846,0.8996,0.7396
"D=1, white",D10_white,LSTM,1026,25,41,11,1.0,0.268293,0.423077,2.8182,0.7145,0.7364,1.3288
"D=1, white",D10_white,LSTM,1026,50,41,11,1.0,0.268293,0.423077,2.8182,0.6991,0.8368,1.3288
"D=1, white",D10_white,LSTM,1026,100,41,11,1.0,0.268293,0.423077,2.8182,0.7736,0.965,1.3288
"D=1, white",D10_white,LSTM,1027,25,27,8,0.875,0.259259,0.4,2.1429,0.5916,0.5342,1.5188
"D=1, white",D10_white,LSTM,1027,50,27,8,0.875,0.259259,0.4,2.1429,0.5557,0.6244,1.5188
"D=1, white",D10_white,LSTM,1027,100,27,8,1.0,0.296296,0.457143,9.125,0.5673,0.8139,1.5188
"D=1, white",D10_white,LSTM,1028,25,45,8,1.0,0.177778,0.301887,1.375,0.6584,0.7021,1.3529
"D=1, white",D10_white,LSTM,1028,50,45,8,1.0,0.177778,0.301887,1.375,0.6166,0.8376,1.3529
"D=1, white",D10_white,LSTM,1028,100,45,8,1.0,0.177778,0.301887,1.375,0.4381,0.9549,1.3529
"D=1, white",D10_white,LSTM,1029,25,29,8,0.875,0.241379,0.378378,2.0,0.714,0.6628,0.9665
"D=1, white",D10_white,LSTM,1029,50,29,8,1.0,0.275862,0.432432,5.625,0.6581,0.7728,0.9665
"D=1, white",D10_white,LSTM,1029,100,29,8,1.0,0.275862,0.432432,5.625,0.5804,0.8956,0.9665
"D=1, white",D10_white,LSTM,1030,25,47,11,1.0,0.234043,0.37931,2.3636,0.6691,0.7331,0.7608
"D=1, white",D10_white,LSTM,1030,50,47,11,1.0,0.234043,0.37931,2.3636,0.6371,0.8641,0.7608
"D=1, white",D10_white,LSTM,1030,100,47,11,1.0,0.234043,0.37931,2.3636,0.7916,0.9923,0.7608
"D=1, white",D10_white,LSTM,1031,25,45,12,0.916667,0.244444,0.385965,3.5455,0.6653,0.7212,0.8558
"D=1, white",D10_white,LSTM,1031,50,45,12,1.0,0.266667,0.421053,6.5,0.6593,0.8734,0.8558
"D=1, white",D10_white,LSTM,1031,100,45,12,1.0,0.266667,0.421053,6.5,0.764,0.9843,0.8558
"D=1, white",D10_white,LSTM,1032,25,39,10,0.8,0.205128,0.326531,2.625,0.6534,0.6426,0.7877
"D=1, white",D10_white,LSTM,1032,50,39,10,0.8,0.205128,0.326531,2.625,0.5198,0.7402,0.7877
"D=1, white",D10_white,LSTM,1032,100,39,10,0.9,0.230769,0.367347,9.4444,0.5312,0.928,0.7877
"D=1, white",D10_white,LSTM,1033,25,39,10,1.0,0.25641,0.408163,3.0,0.6071,0.6499,1.2889
"D=1, white",D10_white,LSTM,1033,50,39,10,1.0,0.25641,0.408163,3.0,0.4877,0.7764,1.2889
"D=1, white",D10_white,LSTM,1033,100,39,10,1.0,0.25641,0.408163,3.0,0.5178,0.9799,1.2889
"D=1, white",D10_white,LSTM,1034,25,47,11,1.0,0.234043,0.37931,1.7273,0.6981,0.7546,1.2186
"D=1, white",D10_white,LSTM,1034,50,47,11,1.0,0.234043,0.37931,1.7273,0.6215,0.8177,1.2186
"D=1, white",D10_white,LSTM,1034,100,47,11,1.0,0.234043,0.37931,1.7273,0.6055,0.8954,1.2186
"D=1, white",D10_white,LSTM,1035,25,39,11,1.0,0.282051,0.44,3.5455,0.6105,0.6632,1.0406
"D=1, white",D10_white,LSTM,1035,50,39,11,1.0,0.282051,0.44,3.5455,0.5419,0.7895,1.0406
"D=1, white",D10_white,LSTM,1035,100,39,11,1.0,0.282051,0.44,3.5455,0.4386,0.9312,1.0406
"D=1, white",D10_white,LSTM,1036,25,33,10,1.0,0.30303,0.465116,1.4,0.7134,0.6844,1.1922
"D=1, white",D10_white,LSTM,1036,50,33,10,1.0,0.30303,0.465116,1.4,0.6725,0.7435,1.1922
"D=1, white",D10_white,LSTM,1036,100,33,10,1.0,0.30303,0.465116,1.4,0.6288,0.8467,1.1922
"D=1, white",D10_white,LSTM,1037,25,43,13,0.923077,0.27907,0.428571,1.75,0.727,0.7735,0.761
"D=1, white",D10_white,LSTM,1037,50,43,13,0.923077,0.27907,0.428571,1.75,0.6,0.8458,0.761
"D=1, white",D10_white,LSTM,1037,100,43,13,0.923077,0.27907,0.428571,1.75,0.4497,0.9493,0.761
"D=1, white",D10_white,LSTM,1038,25,49,12,1.0,0.244898,0.393443,1.9167,0.7081,0.799,0.6927
"D=1, white",D10_white,LSTM,1038,50,49,12,1.0,0.244898,0.393443,1.9167,0.6389,0.9021,0.6927
"D=1, white",D10_white,LSTM,1038,100,49,12,1.0,0.244898,0.393443,1.9167,0.6953,0.994,0.6927
"D=1, white",D10_white,LSTM,1039,25,41,9,1.0,0.219512,0.36,2.1111,0.6655,0.6637,0.9497
"D=1, white",D10_white,LSTM,1039,50,41,9,1.0,0.219512,0.36,2.1111,0.5661,0.7307,0.9497
"D=1, white",D10_white,LSTM,1039,100,41,9,1.0,0.219512,0.36,2.1111,0.5764,0.873,0.9497
"D=1, white",D10_white,LSTM,1040,25,39,9,0.888889,0.205128,0.333333,3.25,0.7536,0.73,0.9799
"D=1, white",D10_white,LSTM,1040,50,39,9,0.888889,0.205128,0.333333,3.25,0.6785,0.7923,0.9799
"D=1, white",D10_white,LSTM,1040,100,39,9,1.0,0.230769,0.375,9.8889,0.6732,0.9218,0.9799
"D=1, white",D10_white,LSTM,1041,25,47,13,1.0,0.276596,0.433333,2.1538,0.7139,0.7768,1.3537
"D=1, white",D10_white,LSTM,1041,50,47,13,1.0,0.276596,0.433333,2.1538,0.6786,0.8982,1.3537
"D=1, white",D10_white,LSTM,1041,100,47,13,1.0,0.276596,0.433333,2.1538,0.8496,0.9978,1.3537
"D=1, white",D10_white,LSTM,1042,25,43,10,1.0,0.232558,0.377358,1.3,0.695,0.7446,1.3579
"D=1, white",D10_white,LSTM,1042,50,43,10,1.0,0.232558,0.377358,1.3,0.5803,0.7944,1.3579
"D=1, white",D10_white,LSTM,1042,100,43,10,1.0,0.232558,0.377358,1.3,0.4713,0.9021,1.3579
"D=1, white",D10_white,LSTM,1043,25,39,12,1.0,0.307692,0.470588,2.8333,0.7322,0.7347,1.0834
"D=1, white",D10_white,LSTM,1043,50,39,12,1.0,0.307692,0.470588,2.8333,0.6904,0.8459,1.0834
"D=1, white",D10_white,LSTM,1043,100,39,12,1.0,0.307692,0.470588,2.8333,0.589,0.9323,1.0834
"D=1, white",D10_white,LSTM,1044,25,36,10,0.9,0.25,0.391304,3.2222,0.6709,0.6784,0.9754
"D=1, white",D10_white,LSTM,1044,50,36,10,0.9,0.25,0.391304,3.2222,0.6574,0.8241,0.9754
"D=1, white",D10_white,LSTM,1044,100,36,10,1.0,0.277778,0.434783,9.3,0.8428,0.9868,0.9754
"D=1, white",D10_white,LSTM,1045,25,51,14,1.0,0.27451,0.430769,2.6429,0.7861,0.8582,1.1436
"D=1, white",D10_white,LSTM,1045,50,51,14,1.0,0.27451,0.430769,2.6429,0.7866,0.9426,1.1436
"D=1, white",D10_white,LSTM,1045,100,51,14,1.0,0.27451,0.430769,2.6429,0.709,0.9713,1.1436
"D=1, white",D10_white,LSTM,1046,25,55,16,0.9375,0.272727,0.422535,2.3333,0.6303,0.7537,1.3973
"D=1, white",D10_white,LSTM,1046,50,55,16,0.9375,0.272727,0.422535,2.3333,0.5923,0.89,1.3973
"D=1, white",D10_white,LSTM,1046,100,55,16,1.0,0.290909,0.450704,5.6875,0.6488,0.9761,1.3973
"D=1, white",D10_white,LSTM,1047,25,43,10,1.0,0.232558,0.377358,4.6,0.7387,0.7562,1.2872
"D=1, white",D10_white,LSTM,1047,50,43,10,1.0,0.232558,0.377358,4.6,0.7165,0.8595,1.2872
"D=1, white",D10_white,LSTM,1047,100,43,10,1.0,0.232558,0.377358,4.6,0.7054,0.9602,1.2872
"D=1, white",D10_white,LSTM,1048,25,51,12,1.0,0.235294,0.380952,1.6667,0.7746,0.8169,1.2102
"D=1, white",D10_white,LSTM,1048,50,51,12,1.0,0.235294,0.380952,1.6667,0.7324,0.8513,1.2102
"D=1, white",D10_white,LSTM,1048,100,51,12,1.0,0.235294,0.380952,1.6667,0.6672,0.9155,1.2102
"D=1, white",D10_white,LSTM,1049,25,33,9,1.0,0.272727,0.428571,1.4444,0.6042,0.5764,1.0612
"D=1, white",D10_white,LSTM,1049,50,33,9,1.0,0.272727,0.428571,1.4444,0.5802,0.7177,1.0612
"D=1, white",D10_white,LSTM,1049,100,33,9,1.0,0.272727,0.428571,1.4444,0.6914,0.9248,1.0612
"D=1, pink",D10_pink,LSTM,1000,25,192,21,1.0,0.109375,0.197183,1.1905,0.6398,0.9024,0.9857
"D=1, pink",D10_pink,LSTM,1000,50,192,21,1.0,0.109375,0.197183,1.1905,0.6108,0.9798,0.9857
"D=1, pink",D10_pink,LSTM,1000,100,192,21,1.0,0.109375,0.197183,1.1905,,,0.9857
"D=1, pink",D10_pink,LSTM,1001,25,199,19,1.0,0.095477,0.174312,1.5789,0.7017,0.871,0.7637
"D=1, pink",D10_pink,LSTM,1001,50,199,19,1.0,0.095477,0.174312,1.5789,0.6485,0.9359,0.7637
"D=1, pink",D10_pink,LSTM,1001,100,199,19,1.0,0.095477,0.174312,1.5789,,,0.7637
"D=1, pink",D10_pink,LSTM,1002,25,205,23,1.0,0.112195,0.201754,1.1304,0.6671,0.937,1.1364
"D=1, pink",D10_pink,LSTM,1002,50,205,23,1.0,0.112195,0.201754,1.1304,0.6477,0.9825,1.1364
"D=1, pink",D10_pink,LSTM,1002,100,205,23,1.0,0.112195,0.201754,1.1304,,,1.1364
"D=1, pink",D10_pink,LSTM,1003,25,186,20,1.0,0.107527,0.194175,1.5,0.61,0.9119,1.2357
"D=1, pink",D10_pink,LSTM,1003,50,186,20,1.0,0.107527,0.194175,1.5,0.7052,0.998,1.2357
"D=1, pink",D10_pink,LSTM,1003,100,186,20,1.0,0.107527,0.194175,1.5,,,1.2357
"D=1, pink",D10_pink,LSTM,1004,25,198,23,0.956522,0.111111,0.199095,1.0,0.6104,0.8736,1.3233
"D=1, pink",D10_pink,LSTM,1004,50,198,23,0.956522,0.111111,0.199095,1.0,0.5738,0.962,1.3233
"D=1, pink",D10_pink,LSTM,1004,100,198,23,1.0,0.116162,0.208145,3.4783,,,1.3233
"D=1, pink",D10_pink,LSTM,1005,25,179,23,1.0,0.128492,0.227723,1.3478,0.6753,0.9395,1.0603
"D=1, pink",D10_pink,LSTM,1005,50,179,23,1.0,0.128492,0.227723,1.3478,0.7179,0.9914,1.0603
"D=1, pink",D10_pink,LSTM,1005,100,179,23,1.0,0.128492,0.227723,1.3478,,,1.0603
"D=1, pink",D10_pink,LSTM,1006,25,193,23,0.956522,0.11399,0.203704,1.0909,0.6913,0.9151,0.9378
"D=1, pink",D10_pink,LSTM,1006,50,193,23,0.956522,0.11399,0.203704,1.0909,0.5061,0.9663,0.9378
"D=1, pink",D10_pink,LSTM,1006,100,193,23,1.0,0.119171,0.212963,4.5652,,,0.9378
"D=1, pink",D10_pink,LSTM,1007,25,167,20,1.0,0.11976,0.213904,2.25,0.644,0.9379,0.737
"D=1, pink",D10_pink,LSTM,1007,50,167,20,1.0,0.11976,0.213904,2.25,0.7133,0.9865,0.737
"D=1, pink",D10_pink,LSTM,1007,100,167,20,1.0,0.11976,0.213904,2.25,,,0.737
"D=1, pink",D10_pink,LSTM,1008,25,211,20,0.95,0.090047,0.164502,0.8421,0.6459,0.8595,0.7813
"D=1, pink",D10_pink,LSTM,1008,50,211,20,0.95,0.090047,0.164502,0.8421,0.6669,0.9385,0.7813
"D=1, pink",D10_pink,LSTM,1008,100,211,20,0.95,0.090047,0.164502,0.8421,0.5215,0.9809,0.7813
"D=1, pink",D10_pink,LSTM,1009,25,178,20,0.95,0.106742,0.191919,1.5263,0.6016,0.9025,1.2999
"D=1, pink",D10_pink,LSTM,1009,50,178,20,1.0,0.11236,0.20202,2.85,0.6215,0.97,1.2999
"D=1, pink",D10_pink,LSTM,1009,100,178,20,1.0,0.11236,0.20202,2.85,,,1.2999
"D=1, pink",D10_pink,LSTM,1010,25,182,23,0.956522,0.120879,0.214634,1.1364,0.7216,0.925,1.3566
"D=1, pink",D10_pink,LSTM,1010,50,182,23,1.0,0.126374,0.22439,2.8696,0.6889,0.9866,1.3566
"D=1, pink",D10_pink,LSTM,1010,100,182,23,1.0,0.126374,0.22439,2.8696,,,1.3566
"D=1, pink",D10_pink,LSTM,1011,25,176,22,1.0,0.125,0.222222,1.0455,0.6143,0.9076,1.0722
"D=1, pink",D10_pink,LSTM,1011,50,176,22,1.0,0.125,0.222222,1.0455,0.5648,0.9796,1.0722
"D=1, pink",D10_pink,LSTM,1011,100,176,22,1.0,0.125,0.222222,1.0455,,,1.0722
"D=1, pink",D10_pink,LSTM,1012,25,207,22,0.954545,0.101449,0.183406,1.0,0.62,0.8876,0.8387
"D=1, pink",D10_pink,LSTM,1012,50,207,22,1.0,0.10628,0.19214,3.1364,0.5677,0.9712,0.8387
"D=1, pink",D10_pink,LSTM,1012,100,207,22,1.0,0.10628,0.19214,3.1364,,,0.8387
"D=1, pink",D10_pink,LSTM,1013,25,172,23,1.0,0.133721,0.235897,1.7391,0.6023,0.9063,0.5946
"D=1, pink",D10_pink,LSTM,1013,50,172,23,1.0,0.133721,0.235897,1.7391,0.6322,0.9807,0.5946
"D=1, pink",D10_pink,LSTM,1013,100,172,23,1.0,0.133721,0.235897,1.7391,,,0.5946
"D=1, pink",D10_pink,LSTM,1014,25,184,22,0.863636,0.103261,0.184466,1.1579,0.6045,0.8308,1.0554
"D=1, pink",D10_pink,LSTM,1014,50,184,22,0.954545,0.11413,0.203883,4.9524,0.6043,0.9431,1.0554
"D=1, pink",D10_pink,LSTM,1014,100,184,22,1.0,0.119565,0.213592,7.8182,,,1.0554
"D=1, pink",D10_pink,LSTM,1015,25,169,21,0.952381,0.118343,0.210526,1.05,0.6509,0.9074,1.1547
"D=1, pink",D10_pink,LSTM,1015,50,169,21,0.952381,0.118343,0.210526,1.05,0.7225,0.9751,1.1547
"D=1, pink",D10_pink,LSTM,1015,100,169,21,1.0,0.12426,0.221053,4.5714,,,1.1547
"D=1, pink",D10_pink,LSTM,1016,25,181,24,1.0,0.132597,0.234146,1.4167,0.6685,0.9256,1.3066
"D=1, pink",D10_pink,LSTM,1016,50,181,24,1.0,0.132597,0.234146,1.4167,0.7065,0.984,1.3066
"D=1, pink",D10_pink,LSTM,1016,100,181,24,1.0,0.132597,0.234146,1.4167,,,1.3066
"D=1, pink",D10_pink,LSTM,1017,25,175,24,1.0,0.137143,0.241206,1.625,0.5624,0.935,1.2144
"D=1, pink",D10_pink,LSTM,1017,50,175,24,1.0,0.137143,0.241206,1.625,,,1.2144
"D=1, pink",D10_pink,LSTM,1017,100,175,24,1.0,0.137143,0.241206,1.625,,,1.2144
"D=1, pink",D10_pink,LSTM,1018,25,197,24,0.958333,0.116751,0.208145,1.1739,0.6049,0.9251,0.9444
"D=1, pink",D10_pink,LSTM,1018,50,197,24,0.958333,0.116751,0.208145,1.1739,0.4789,0.9649,0.9444
"D=1, pink",D10_pink,LSTM,1018,100,197,24,1.0,0.121827,0.217195,4.25,0.5473,0.9873,0.9444
"D=1, pink",D10_pink,LSTM,1019,25,188,22,1.0,0.117021,0.209524,1.2727,0.6265,0.9335,0.9706
"D=1, pink",D10_pink,LSTM,1019,50,188,22,1.0,0.117021,0.209524,1.2727,0.7362,0.9902,0.9706
"D=1, pink",D10_pink,LSTM,1019,100,188,22,1.0,0.117021,0.209524,1.2727,,,0.9706
"D=1, pink",D10_pink,LSTM,1020,25,177,23,0.913043,0.118644,0.21,1.3333,0.6307,0.8893,0.6269
"D=1, pink",D10_pink,LSTM,1020,50,177,23,1.0,0.129944,0.23,5.2609,0.5114,0.9679,0.6269
"D=1, pink",D10_pink,LSTM,1020,100,177,23,1.0,0.129944,0.23,5.2609,,,0.6269
"D=1, pink",D10_pink,LSTM,1021,25,208,23,0.956522,0.105769,0.190476,1.3182,0.6489,0.8834,1.1772
"D=1, pink",D10_pink,LSTM,1021,50,208,23,0.956522,0.105769,0.190476,1.3182,0.6058,0.9553,1.1772
"D=1, pink",D10_pink,LSTM,1021,100,208,23,1.0,0.110577,0.199134,4.1739,,,1.1772
"D=1, pink",D10_pink,LSTM,1022,25,179,19,1.0,0.106145,0.191919,1.2632,0.688,0.9074,1.2868
"D=1, pink",D10_pink,LSTM,1022,50,179,19,1.0,0.106145,0.191919,1.2632,0.7051,0.9831,1.2868
"D=1, pink",D10_pink,LSTM,1022,100,179,19,1.0,0.106145,0.191919,1.2632,,,1.2868
"D=1, pink",D10_pink,LSTM,1023,25,185,23,0.956522,0.118919,0.211538,1.6364,0.5842,0.8955,1.4389
"D=1, pink",D10_pink,LSTM,1023,50,185,23,0.956522,0.118919,0.211538,1.6364,0.556,0.9671,1.4389
"D=1, pink",D10_pink,LSTM,1023,100,185,23,1.0,0.124324,0.221154,5.0,,,1.4389
"D=1, pink",D10_pink,LSTM,1024,25,192,22,1.0,0.114583,0.205607,1.3636,0.6307,0.9141,1.6041
"D=1, pink",D10_pink,LSTM,1024,50,192,22,1.0,0.114583,0.205607,1.3636,0.6382,0.9689,1.6041
"D=1, pink",D10_pink,LSTM,1024,100,192,22,1.0,0.114583,0.205607,1.3636,0.6149,0.9932,1.6041
"D=1, pink",D10_pink,LSTM,1025,25,186,25,1.0,0.134409,0.236967,1.84,0.6779,0.9365,1.0713
"D=1, pink",D10_pink,LSTM,1025,50,186,25,1.0,0.134409,0.236967,1.84,0.6366,0.984,1.0713
"D=1, pink",D10_pink,LSTM,1025,100,186,25,1.0,0.134409,0.236967,1.84,,,1.0713
"D=1, pink",D10_pink,LSTM,1026,25,199,21,1.0,0.105528,0.190909,1.2381,0.7009,0.9017,0.8899
"D=1, pink",D10_pink,LSTM,1026,50,199,21,1.0,0.105528,0.190909,1.2381,0.7071,0.9616,0.8899
"D=1, pink",D10_pink,LSTM,1026,100,199,21,1.0,0.105528,0.190909,1.2381,0.4786,0.9936,0.8899
"D=1, pink",D10_pink,LSTM,1027,25,207,21,0.952381,0.096618,0.175439,1.4,0.6382,0.9343,0.8901
"D=1, pink",D10_pink,LSTM,1027,50,207,21,1.0,0.101449,0.184211,3.381,0.7011,0.9901,0.8901
"D=1, pink",D10_pink,LSTM,1027,100,207,21,1.0,0.101449,0.184211,3.381,,,0.8901
"D=1, pink",D10_pink,LSTM,1028,25,225,21,0.904762,0.084444,0.154472,1.2105,0.6861,0.8924,1.3364
"D=1, pink",D10_pink,LSTM,1028,50,225,21,0.904762,0.084444,0.154472,1.2105,0.6242,0.9211,1.3364
"D=1, pink",D10_pink,LSTM,1028,100,225,21,0.952381,0.088889,0.162602,4.2,0.5519,0.9794,1.3364
"D=1, pink",D10_pink,LSTM,1029,25,187,24,1.0,0.128342,0.227488,1.5,0.6134,0.9269,1.4989
"D=1, pink",D10_pink,LSTM,1029,50,187,24,1.0,0.128342,0.227488,1.5,0.5372,0.9947,1.4989
"D=1, pink",D10_pink,LSTM,1029,100,187,24,1.0,0.128342,0.227488,1.5,,,1.4989
"D=1, pink",D10_pink,LSTM,1030,25,194,21,1.0,0.108247,0.195349,1.0476,0.6366,0.9296,1.3237
"D=1, pink",D10_pink,LSTM,1030,50,194,21,1.0,0.108247,0.195349,1.0476,0.5361,0.9978,1.3237
"D=1, pink",D10_pink,LSTM,1030,100,194,21,1.0,0.108247,0.195349,1.0476,,,1.3237
"D=1, pink",D10_pink,LSTM,1031,25,223,24,1.0,0.107623,0.194332,1.25,0.6608,0.9565,1.2562
"D=1, pink",D10_pink,LSTM,1031,50,223,24,1.0,0.107623,0.194332,1.25,0.6848,0.9929,1.2562
"D=1, pink",D10_pink,LSTM,1031,100,223,24,1.0,0.107623,0.194332,1.25,,,1.2562
"D=1, pink",D10_pink,LSTM,1032,25,199,20,1.0,0.100503,0.182648,1.45,0.6206,0.877,0.8865
"D=1, pink",D10_pink,LSTM,1032,50,199,20,1.0,0.100503,0.182648,1.45,0.5786,0.9771,0.8865
"D=1, pink",D10_pink,LSTM,1032,100,199,20,1.0,0.100503,0.182648,1.45,0.5361,0.999,0.8865
"D=1, pink",D10_pink,LSTM,1033,25,173,23,1.0,0.132948,0.234694,1.5217,0.6236,0.9468,0.9211
"D=1, pink",D10_pink,LSTM,1033,50,173,23,1.0,0.132948,0.234694,1.5217,0.5985,0.9933,0.9211
"D=1, pink",D10_pink,LSTM,1033,100,173,23,1.0,0.132948,0.234694,1.5217,,,0.9211
"D=1, pink",D10_pink,LSTM,1034,25,187,24,1.0,0.128342,0.227488,1.1667,0.6644,0.9397,0.8415
"D=1, pink",D10_pink,LSTM,1034,50,187,24,1.0,0.128342,0.227488,1.1667,0.6806,0.9907,0.8415
"D=1, pink",D10_pink,LSTM,1034,100,187,24,1.0,0.128342,0.227488,1.1667,,,0.8415
"D=1, pink",D10_pink,LSTM,1035,25,193,24,1.0,0.124352,0.221198,1.4583,0.645,0.9251,1.0824
"D=1, pink",D10_pink,LSTM,1035,50,193,24,1.0,0.124352,0.221198,1.4583,0.5482,0.9887,1.0824
"D=1, pink",D10_pink,LSTM,1035,100,193,24,1.0,0.124352,0.221198,1.4583,,,1.0824
"D=1, pink",D10_pink,LSTM,1036,25,208,24,1.0,0.115385,0.206897,1.4583,0.6149,0.9172,1.3269
"D=1, pink",D10_pink,LSTM,1036,50,208,24,1.0,0.115385,0.206897,1.4583,0.5209,0.9797,1.3269
"D=1, pink",D10_pink,LSTM,1036,100,208,24,1.0,0.115385,0.206897,1.4583,0.569,0.9971,1.3269
"D=1, pink",D10_pink,LSTM,1037,25,172,21,1.0,0.122093,0.217617,1.2381,0.7057,0.9049,2.5851
"D=1, pink",D10_pink,LSTM,1037,50,172,21,1.0,0.122093,0.217617,1.2381,0.6043,0.9653,2.5851
"D=1, pink",D10_pink,LSTM,1037,100,172,21,1.0,0.122093,0.217617,1.2381,,,2.5851
"D=1, pink",D10_pink,LSTM,1038,25,184,21,0.952381,0.108696,0.195122,1.5,0.5799,0.885,2.1876
"D=1, pink",D10_pink,LSTM,1038,50,184,21,0.952381,0.108696,0.195122,1.5,0.4628,0.9804,2.1876
"D=1, pink",D10_pink,LSTM,1038,100,184,21,1.0,0.11413,0.204878,4.2381,,,2.1876
"D=1, pink",D10_pink,LSTM,1039,25,183,23,0.913043,0.114754,0.203883,1.2857,0.6179,0.8816,2.383
"D=1, pink",D10_pink,LSTM,1039,50,183,23,0.956522,0.120219,0.213592,2.8182,0.6351,0.9405,2.383
"D=1, pink",D10_pink,LSTM,1039,100,183,23,1.0,0.125683,0.223301,5.3043,0.7123,0.9947,2.383
"D=1, pink",D10_pink,LSTM,1040,25,176,21,0.952381,0.113636,0.203046,2.3,0.6148,0.822,2.2713
"D=1, pink",D10_pink,LSTM,1040,50,176,21,1.0,0.119318,0.213198,3.4286,0.5642,0.9244,2.2713
"D=1, pink",D10_pink,LSTM,1040,100,176,21,1.0,0.119318,0.213198,3.4286,0.7476,0.9993,2.2713
"D=1, pink",D10_pink,LSTM,1041,25,184,22,0.909091,0.108696,0.194175,1.0,0.6433,0.8771,1.531
"D=1, pink",D10_pink,LSTM,1041,50,184,22,0.909091,0.108696,0.194175,1.0,0.6212,0.9297,1.531
"D=1, pink",D10_pink,LSTM,1041,100,184,22,0.954545,0.11413,0.203883,3.5238,0.3336,0.9921,1.531
"D=1, pink",D10_pink,LSTM,1042,25,190,22,1.0,0.115789,0.207547,1.1818,0.6222,0.9001,2.0851
"D=1, pink",D10_pink,LSTM,1042,50,190,22,1.0,0.115789,0.207547,1.1818,0.6021,0.955,2.0851
"D=1, pink",D10_pink,LSTM,1042,100,190,22,1.0,0.115789,0.207547,1.1818,0.6097,0.9892,2.0851
"D=1, pink",D10_pink,LSTM,1043,25,200,26,0.961538,0.125,0.221239,1.44,0.5823,0.9108,2.2345
"D=1, pink",D10_pink,LSTM,1043,50,200,26,0.961538,0.125,0.221239,1.44,0.5829,0.9718,2.2345
"D=1, pink",D10_pink,LSTM,1043,100,200,26,1.0,0.13,0.230088,4.6923,0.5431,0.9997,2.2345
"D=1, pink",D10_pink,LSTM,1044,25,204,23,0.956522,0.107843,0.193833,1.1364,0.6706,0.9066,2.5516
"D=1, pink",D10_pink,LSTM,1044,50,204,23,0.956522,0.107843,0.193833,1.1364,0.6739,0.9544,2.5516
"D=1, pink",D10_pink,LSTM,1044,100,204,23,1.0,0.112745,0.202643,4.6087,0.6213,0.9884,2.5516
"D=1, pink",D10_pink,LSTM,1045,25,180,22,0.954545,0.116667,0.207921,1.4286,0.653,0.9058,2.5638
"D=1, pink",D10_pink,LSTM,1045,50,180,22,1.0,0.122222,0.217822,2.8182,0.5931,0.9783,2.5638
"D=1, pink",D10_pink,LSTM,1045,100,180,22,1.0,0.122222,0.217822,2.8182,0.5434,0.9911,2.5638
"D=1, pink",D10_pink,LSTM,1046,25,215,23,0.913043,0.097674,0.176471,1.1429,0.6373,0.8956,2.3012
"D=1, pink",D10_pink,LSTM,1046,50,215,23,0.956522,0.102326,0.184874,2.5,0.5267,0.9625,2.3012
"D=1, pink",D10_pink,LSTM,1046,100,215,23,1.0,0.106977,0.193277,5.9565,,,2.3012
"D=1, pink",D10_pink,LSTM,1047,25,199,21,1.0,0.105528,0.190909,2.9048,0.6472,0.8864,2.4595
"D=1, pink",D10_pink,LSTM,1047,50,199,21,1.0,0.105528,0.190909,2.9048,0.6816,0.9634,2.4595
"D=1, pink",D10_pink,LSTM,1047,100,199,21,1.0,0.105528,0.190909,2.9048,,,2.4595
"D=1, pink",D10_pink,LSTM,1048,25,215,24,0.958333,0.106977,0.192469,1.3913,0.664,0.9086,1.4904
"D=1, pink",D10_pink,LSTM,1048,50,215,24,0.958333,0.106977,0.192469,1.3913,0.6045,0.9504,1.4904
"D=1, pink",D10_pink,LSTM,1048,100,215,24,1.0,0.111628,0.200837,4.0,,,1.4904
"D=1, pink",D10_pink,LSTM,1049,25,203,22,1.0,0.108374,0.195556,1.4091,0.6081,0.9006,1.5768
"D=1, pink",D10_pink,LSTM,1049,50,203,22,1.0,0.108374,0.195556,1.4091,0.6096,0.9804,1.5768
"D=1, pink",D10_pink,LSTM,1049,100,203,22,1.0,0.108374,0.195556,1.4091,,,1.5768
"D=1.5, white",D15_white,LSTM,1000,25,121,17,1.0,0.140496,0.246377,2.0588,0.7811,0.9536,1.7982
"D=1.5, white",D15_white,LSTM,1000,50,121,17,1.0,0.140496,0.246377,2.0588,0.626,0.9777,1.7982
"D=1.5, white",D15_white,LSTM,1000,100,121,17,1.0,0.140496,0.246377,2.0588,,,1.7982
"D=1.5, white",D15_white,LSTM,1001,25,116,16,1.0,0.137931,0.242424,2.0,0.7605,0.9518,1.8696
"D=1.5, white",D15_white,LSTM,1001,50,116,16,1.0,0.137931,0.242424,2.0,0.3764,0.9939,1.8696
"D=1.5, white",D15_white,LSTM,1001,100,116,16,1.0,0.137931,0.242424,2.0,,,1.8696
"D=1.5, white",D15_white,LSTM,1002,25,106,15,1.0,0.141509,0.247934,1.4,0.7237,0.9459,2.0754
"D=1.5, white",D15_white,LSTM,1002,50,106,15,1.0,0.141509,0.247934,1.4,0.6534,0.9887,2.0754
"D=1.5, white",D15_white,LSTM,1002,100,106,15,1.0,0.141509,0.247934,1.4,,,2.0754
"D=1.5, white",D15_white,LSTM,1003,25,107,19,1.0,0.17757,0.301587,1.6316,0.6777,0.9261,1.9596
"D=1.5, white",D15_white,LSTM,1003,50,107,19,1.0,0.17757,0.301587,1.6316,0.5283,0.9907,1.9596
"D=1.5, white",D15_white,LSTM,1003,100,107,19,1.0,0.17757,0.301587,1.6316,,,1.9596
"D=1.5, white",D15_white,LSTM,1004,25,133,24,1.0,0.180451,0.305732,2.2083,0.8096,0.9831,2.1271
"D=1.5, white",D15_white,LSTM,1004,50,133,24,1.0,0.180451,0.305732,2.2083,,,2.1271
"D=1.5, white",D15_white,LSTM,1004,100,133,24,1.0,0.180451,0.305732,2.2083,,,2.1271
"D=1.5, white",D15_white,LSTM,1005,25,93,15,1.0,0.16129,0.277778,1.3333,0.755,0.9387,1.9553
"D=1.5, white",D15_white,LSTM,1005,50,93,15,1.0,0.16129,0.277778,1.3333,0.7253,0.9948,1.9553
"D=1.5, white",D15_white,LSTM,1005,100,93,15,1.0,0.16129,0.277778,1.3333,,,1.9553
"D=1.5, white",D15_white,LSTM,1006,25,121,16,1.0,0.132231,0.233577,1.875,0.8002,0.9612,1.5256
"D=1.5, white",D15_white,LSTM,1006,50,121,16,1.0,0.132231,0.233577,1.875,0.7873,0.9973,1.5256
"D=1.5, white",D15_white,LSTM,1006,100,121,16,1.0,0.132231,0.233577,1.875,,,1.5256
"D=1.5, white",D15_white,LSTM,1007,25,102,16,1.0,0.156863,0.271186,1.3125,0.7934,0.9469,1.4262
"D=1.5, white",D15_white,LSTM,1007,50,102,16,1.0,0.156863,0.271186,1.3125,0.7709,0.9954,1.4262
"D=1.5, white",D15_white,LSTM,1007,100,102,16,1.0,0.156863,0.271186,1.3125,,,1.4262
"D=1.5, white",D15_white,LSTM,1008,25,117,20,1.0,0.17094,0.291971,1.5,0.8016,0.9527,2.0182
"D=1.5, white",D15_white,LSTM,1008,50,117,20,1.0,0.17094,0.291971,1.5,0.7502,0.9775,2.0182
"D=1.5, white",D15_white,LSTM,1008,100,117,20,1.0,0.17094,0.291971,1.5,0.8231,0.9977,2.0182
"D=1.5, white",D15_white,LSTM,1009,25,112,17,1.0,0.151786,0.263566,1.4118,0.7203,0.9491,2.0748
"D=1.5, white",D15_white,LSTM,1009,50,112,17,1.0,0.151786,0.263566,1.4118,0.6726,0.9887,2.0748
"D=1.5, white",D15_white,LSTM,1009,100,112,17,1.0,0.151786,0.263566,1.4118,,,2.0748
"D=1.5, white",D15_white,LSTM,1010,25,123,17,1.0,0.138211,0.242857,1.7647,0.7992,0.9554,2.0094
"D=1.5, white",D15_white,LSTM,1010,50,123,17,1.0,0.138211,0.242857,1.7647,0.7497,0.9904,2.0094
"D=1.5, white",D15_white,LSTM,1010,100,123,17,1.0,0.138211,0.242857,1.7647,,,2.0094
"D=1.5, white",D15_white,LSTM,1011,25,121,19,0.947368,0.14876,0.257143,2.3889,0.6718,0.9403,1.7762
"D=1.5, white",D15_white,LSTM,1011,50,121,19,1.0,0.157025,0.271429,4.5263,0.642,0.9886,1.7762
"D=1.5, white",D15_white,LSTM,1011,100,121,19,1.0,0.157025,0.271429,4.5263,,,1.7762
"D=1.5, white",D15_white,LSTM,1012,25,107,19,1.0,0.17757,0.301587,2.0,0.8053,0.9502,2.1346
"D=1.5, white",D15_white,LSTM,1012,50,107,19,1.0,0.17757,0.301587,2.0,0.8868,0.9952,2.1346
"D=1.5, white",D15_white,LSTM,1012,100,107,19,1.0,0.17757,0.301587,2.0,,,2.1346
"D=1.5, white",D15_white,LSTM,1013,25,106,15,1.0,0.141509,0.247934,1.4667,0.7247,0.9136,2.0885
"D=1.5, white",D15_white,LSTM,1013,50,106,15,1.0,0.141509,0.247934,1.4667,0.7279,0.9886,2.0885
"D=1.5, white",D15_white,LSTM,1013,100,106,15,1.0,0.141509,0.247934,1.4667,,,2.0885
"D=1.5, white",D15_white,LSTM,1014,25,101,17,1.0,0.168317,0.288136,2.9412,0.7451,0.9351,1.707
"D=1.5, white",D15_white,LSTM,1014,50,101,17,1.0,0.168317,0.288136,2.9412,0.6825,0.9851,1.707
"D=1.5, white",D15_white,LSTM,1014,100,101,17,1.0,0.168317,0.288136,2.9412,,,1.707
"D=1.5, white",D15_white,LSTM,1015,25,110,13,1.0,0.118182,0.211382,3.3077,0.6896,0.9137,1.0682
"D=1.5, white",D15_white,LSTM,1015,50,110,13,1.0,0.118182,0.211382,3.3077,0.3148,0.9921,1.0682
"D=1.5, white",D15_white,LSTM,1015,100,110,13,1.0,0.118182,0.211382,3.3077,,,1.0682
"D=1.5, white",D15_white,LSTM,1016,25,111,21,1.0,0.189189,0.318182,1.7619,0.653,0.9285,1.3057
"D=1.5, white",D15_white,LSTM,1016,50,111,21,1.0,0.189189,0.318182,1.7619,0.4094,0.972,1.3057
"D=1.5, white",D15_white,LSTM,1016,100,111,21,1.0,0.189189,0.318182,1.7619,,,1.3057
"D=1.5, white",D15_white,LSTM,1017,25,110,24,0.958333,0.209091,0.343284,1.7391,0.7693,0.9563,1.1711
"D=1.5, white",D15_white,LSTM,1017,50,110,24,1.0,0.218182,0.358209,3.0,0.8918,0.9978,1.1711
"D=1.5, white",D15_white,LSTM,1017,100,110,24,1.0,0.218182,0.358209,3.0,,,1.1711
"D=1.5, white",D15_white,LSTM,1018,25,117,20,1.0,0.17094,0.291971,1.45,0.811,0.9776,1.0429
"D=1.5, white",D15_white,LSTM,1018,50,117,20,1.0,0.17094,0.291971,1.45,0.9533,0.9999,1.0429
"D=1.5, white",D15_white,LSTM,1018,100,117,20,1.0,0.17094,0.291971,1.45,,,1.0429
"D=1.5, white",D15_white,LSTM,1019,25,111,18,1.0,0.162162,0.27907,2.2778,0.7687,0.9439,1.017
"D=1.5, white",D15_white,LSTM,1019,50,111,18,1.0,0.162162,0.27907,2.2778,0.7211,0.9881,1.017
"D=1.5, white",D15_white,LSTM,1019,100,111,18,1.0,0.162162,0.27907,2.2778,,,1.017
"D=1.5, white",D15_white,LSTM,1020,25,119,18,0.944444,0.142857,0.248175,1.8235,0.6811,0.9267,0.7883
"D=1.5, white",D15_white,LSTM,1020,50,119,18,0.944444,0.142857,0.248175,1.8235,0.7057,0.9786,0.7883
"D=1.5, white",D15_white,LSTM,1020,100,119,18,1.0,0.151261,0.262774,5.1111,,,0.7883
"D=1.5, white",D15_white,LSTM,1021,25,117,19,1.0,0.162393,0.279412,2.4211,0.866,0.9702,0.8606
"D=1.5, white",D15_white,LSTM,1021,50,117,19,1.0,0.162393,0.279412,2.4211,0.827,0.9919,0.8606
"D=1.5, white",D15_white,LSTM,1021,100,117,19,1.0,0.162393,0.279412,2.4211,,,0.8606
"D=1.5, white",D15_white,LSTM,1022,25,124,13,1.0,0.104839,0.189781,0.9231,0.711,0.9454,1.8585
"D=1.5, white",D15_white,LSTM,1022,50,124,13,1.0,0.104839,0.189781,0.9231,0.7451,0.9998,1.8585
"D=1.5, white",D15_white,LSTM,1022,100,124,13,1.0,0.104839,0.189781,0.9231,,,1.8585
"D=1.5, white",D15_white,LSTM,1023,25,115,15,1.0,0.130435,0.230769,1.2,0.7816,0.9341,2.2779
"D=1.5, white",D15_white,LSTM,1023,50,115,15,1.0,0.130435,0.230769,1.2,0.7928,0.9815,2.2779
"D=1.5, white",D15_white,LSTM,1023,100,115,15,1.0,0.130435,0.230769,1.2,0.8877,0.9994,2.2779
"D=1.5, white",D15_white,LSTM,1024,25,101,15,1.0,0.148515,0.258621,1.0,0.7609,0.9459,2.102
"D=1.5, white",D15_white,LSTM,1024,50,101,15,1.0,0.148515,0.258621,1.0,0.5745,0.9957,2.102
"D=1.5, white",D15_white,LSTM,1024,100,101,15,1.0,0.148515,0.258621,1.0,,,2.102
"D=1.5, white",D15_white,LSTM,1025,25,103,16,1.0,0.15534,0.268908,2.0625,0.684,0.9269,2.2765
"D=1.5, white",D15_white,LSTM,1025,50,103,16,1.0,0.15534,0.268908,2.0625,0.6493,0.9869,2.2765
"D=1.5, white",D15_white,LSTM,1025,100,103,16,1.0,0.15534,0.268908,2.0625,,,2.2765
"D=1.5, white",D15_white,LSTM,1026,25,100,16,1.0,0.16,0.275862,1.375,0.7588,0.9411,1.9231
"D=1.5, white",D15_white,LSTM,1026,50,100,16,1.0,0.16,0.275862,1.375,0.7489,0.9963,1.9231
"D=1.5, white",D15_white,LSTM,1026,100,100,16,1.0,0.16,0.275862,1.375,,,1.9231
"D=1.5, white",D15_white,LSTM,1027,25,106,15,1.0,0.141509,0.247934,1.4667,0.671,0.8976,2.3505
"D=1.5, white",D15_white,LSTM,1027,50,106,15,1.0,0.141509,0.247934,1.4667,0.5635,0.9624,2.3505
"D=1.5, white",D15_white,LSTM,1027,100,106,15,1.0,0.141509,0.247934,1.4667,,,2.3505
"D=1.5, white",D15_white,LSTM,1028,25,122,15,0.933333,0.114754,0.20438,1.7857,0.7226,0.9197,1.486
"D=1.5, white",D15_white,LSTM,1028,50,122,15,1.0,0.122951,0.218978,4.0667,0.676,0.9788,1.486
"D=1.5, white",D15_white,LSTM,1028,100,122,15,1.0,0.122951,0.218978,4.0667,,,1.486
"D=1.5, white",D15_white,LSTM,1029,25,111,16,1.0,0.144144,0.251969,1.4375,0.7921,0.9512,1.1858
"D=1.5, white",D15_white,LSTM,1029,50,111,16,1.0,0.144144,0.251969,1.4375,0.8485,0.9979,1.1858
"D=1.5, white",D15_white,LSTM,1029,100,111,16,1.0,0.144144,0.251969,1.4375,,,1.1858
"D=1.5, white",D15_white,LSTM,1030,25,127,18,1.0,0.141732,0.248276,1.6667,0.8333,0.9824,2.1111
"D=1.5, white",D15_white,LSTM,1030,50,127,18,1.0,0.141732,0.248276,1.6667,,,2.1111
"D=1.5, white",D15_white,LSTM,1030,100,127,18,1.0,0.141732,0.248276,1.6667,,,2.1111
"D=1.5, white",D15_white,LSTM,1031,25,154,22,1.0,0.142857,0.25,1.1818,0.7736,0.9829,2.2243
"D=1.5, white",D15_white,LSTM,1031,50,154,22,1.0,0.142857,0.25,1.1818,,,2.2243
"D=1.5, white",D15_white,LSTM,1031,100,154,22,1.0,0.142857,0.25,1.1818,,,2.2243
"D=1.5, white",D15_white,LSTM,1032,25,112,16,0.9375,0.133929,0.234375,1.7333,0.654,0.9343,2.4056
"D=1.5, white",D15_white,LSTM,1032,50,112,16,1.0,0.142857,0.25,3.3125,,,2.4056
"D=1.5, white",D15_white,LSTM,1032,100,112,16,1.0,0.142857,0.25,3.3125,,,2.4056
"D=1.5, white",D15_white,LSTM,1033,25,101,15,1.0,0.148515,0.258621,1.2667,0.7675,0.9307,1.7304
"D=1.5, white",D15_white,LSTM,1033,50,101,15,1.0,0.148515,0.258621,1.2667,0.7955,0.9906,1.7304
"D=1.5, white",D15_white,LSTM,1033,100,101,15,1.0,0.148515,0.258621,1.2667,,,1.7304
"D=1.5, white",D15_white,LSTM,1034,25,125,17,1.0,0.136,0.239437,2.0,0.822,0.9761,2.1959
"D=1.5, white",D15_white,LSTM,1034,50,125,17,1.0,0.136,0.239437,2.0,0.8693,0.9969,2.1959
"D=1.5, white",D15_white,LSTM,1034,100,125,17,1.0,0.136,0.239437,2.0,,,2.1959
"D=1.5, white",D15_white,LSTM,1035,25,107,17,1.0,0.158879,0.274194,3.2353,0.7386,0.9494,2.1282
"D=1.5, white",D15_white,LSTM,1035,50,107,17,1.0,0.158879,0.274194,3.2353,0.931,0.9996,2.1282
"D=1.5, white",D15_white,LSTM,1035,100,107,17,1.0,0.158879,0.274194,3.2353,,,2.1282
"D=1.5, white",D15_white,LSTM,1036,25,116,17,1.0,0.146552,0.255639,1.7059,0.7981,0.9625,1.9075
"D=1.5, white",D15_white,LSTM,1036,50,116,17,1.0,0.146552,0.255639,1.7059,0.9067,0.997,1.9075
"D=1.5, white",D15_white,LSTM,1036,100,116,17,1.0,0.146552,0.255639,1.7059,,,1.9075
"D=1.5, white",D15_white,LSTM,1037,25,112,17,1.0,0.151786,0.263566,1.6471,0.7771,0.9439,1.3096
"D=1.5, white",D15_white,LSTM,1037,50,112,17,1.0,0.151786,0.263566,1.6471,0.7575,0.9939,1.3096
"D=1.5, white",D15_white,LSTM,1037,100,112,17,1.0,0.151786,0.263566,1.6471,,,1.3096
"D=1.5, white",D15_white,LSTM,1038,25,130,22,1.0,0.169231,0.289474,1.5,0.7366,0.954,1.6065
"D=1.5, white",D15_white,LSTM,1038,50,130,22,1.0,0.169231,0.289474,1.5,0.5769,0.9971,1.6065
"D=1.5, white",D15_white,LSTM,1038,100,130,22,1.0,0.169231,0.289474,1.5,,,1.6065
"D=1.5, white",D15_white,LSTM,1039,25,105,17,1.0,0.161905,0.278689,1.1765,0.7303,0.9308,2.2199
"D=1.5, white",D15_white,LSTM,1039,50,105,17,1.0,0.161905,0.278689,1.1765,0.7536,0.9919,2.2199
"D=1.5, white",D15_white,LSTM,1039,100,105,17,1.0,0.161905,0.278689,1.1765,,,2.2199
"D=1.5, white",D15_white,LSTM,1040,25,113,19,1.0,0.168142,0.287879,1.5263,0.7267,0.9259,1.6318
"D=1.5, white",D15_white,LSTM,1040,50,113,19,1.0,0.168142,0.287879,1.5263,0.6515,0.9918,1.6318
"D=1.5, white",D15_white,LSTM,1040,100,113,19,1.0,0.168142,0.287879,1.5263,,,1.6318
"D=1.5, white",D15_white,LSTM,1041,25,133,18,1.0,0.135338,0.238411,2.1111,0.749,0.9666,1.8673
"D=1.5, white",D15_white,LSTM,1041,50,133,18,1.0,0.135338,0.238411,2.1111,0.9685,0.9998,1.8673
"D=1.5, white",D15_white,LSTM,1041,100,133,18,1.0,0.135338,0.238411,2.1111,,,1.8673
"D=1.5, white",D15_white,LSTM,1042,25,127,21,1.0,0.165354,0.283784,0.7619,0.8072,0.976,1.7645
"D=1.5, white",D15_white,LSTM,1042,50,127,21,1.0,0.165354,0.283784,0.7619,0.7633,0.9878,1.7645
"D=1.5, white",D15_white,LSTM,1042,100,127,21,1.0,0.165354,0.283784,0.7619,,,1.7645
"D=1.5, white",D15_white,LSTM,1043,25,123,20,0.95,0.154472,0.265734,2.5789,0.7779,0.9491,1.4528
"D=1.5, white",D15_white,LSTM,1043,50,123,20,1.0,0.162602,0.27972,3.95,0.8066,0.9968,1.4528
"D=1.5, white",D15_white,LSTM,1043,100,123,20,1.0,0.162602,0.27972,3.95,,,1.4528
"D=1.5, white",D15_white,LSTM,1044,25,101,15,1.0,0.148515,0.258621,1.1333,0.7174,0.9305,1.2807
"D=1.5, white",D15_white,LSTM,1044,50,101,15,1.0,0.148515,0.258621,1.1333,0.7755,0.9985,1.2807
"D=1.5, white",D15_white,LSTM,1044,100,101,15,1.0,0.148515,0.258621,1.1333,,,1.2807
"D=1.5, white",D15_white,LSTM,1045,25,113,18,1.0,0.159292,0.274809,1.3333,0.8394,0.9659,0.8829
"D=1.5, white",D15_white,LSTM,1045,50,113,18,1.0,0.159292,0.274809,1.3333,0.894,0.9945,0.8829
"D=1.5, white",D15_white,LSTM,1045,100,113,18,1.0,0.159292,0.274809,1.3333,,,0.8829
"D=1.5, white",D15_white,LSTM,1046,25,124,22,1.0,0.177419,0.30137,1.4091,0.7848,0.9774,2.2102
"D=1.5, white",D15_white,LSTM,1046,50,124,22,1.0,0.177419,0.30137,1.4091,,,2.2102
"D=1.5, white",D15_white,LSTM,1046,100,124,22,1.0,0.177419,0.30137,1.4091,,,2.2102
"D=1.5, white",D15_white,LSTM,1047,25,111,18,1.0,0.162162,0.27907,2.1667,0.831,0.9621,1.901
"D=1.5, white",D15_white,LSTM,1047,50,111,18,1.0,0.162162,0.27907,2.1667,0.8317,0.9976,1.901
"D=1.5, white",D15_white,LSTM,1047,100,111,18,1.0,0.162162,0.27907,2.1667,,,1.901
"D=1.5, white",D15_white,LSTM,1048,25,134,20,1.0,0.149254,0.25974,1.35,0.7901,0.9652,0.9861
"D=1.5, white",D15_white,LSTM,1048,50,134,20,1.0,0.149254,0.25974,1.35,0.577,0.9944,0.9861
"D=1.5, white",D15_white,LSTM,1048,100,134,20,1.0,0.149254,0.25974,1.35,,,0.9861
"D=1.5, white",D15_white,LSTM,1049,25,123,20,1.0,0.162602,0.27972,2.05,0.7377,0.954,0.9845
"D=1.5, white",D15_white,LSTM,1049,50,123,20,1.0,0.162602,0.27972,2.05,0.766,0.9929,0.9845
"D=1.5, white",D15_white,LSTM,1049,100,123,20,1.0,0.162602,0.27972,2.05,,,0.9845
"D=0.5, white",D05_white,LSTM_v2,1000,25,5,5,0.4,0.4,0.4,1.5,0.898,0.4553,10.4559
"D=0.5, white",D05_white,LSTM_v2,1000,50,5,5,0.4,0.4,0.4,1.5,0.8012,0.3783,10.4559
"D=0.5, white",D05_white,LSTM_v2,1000,100,5,5,0.4,0.4,0.4,1.5,0.5987,0.3451,10.4559
"D=0.5, white",D05_white,LSTM_v2,1001,25,1,0,0.0,0.0,0.0,9999.0,,,1.566
"D=0.5, white",D05_white,LSTM_v2,1001,50,1,0,0.0,0.0,0.0,9999.0,0.2001,0.0016,1.566
"D=0.5, white",D05_white,LSTM_v2,1001,100,1,0,0.0,0.0,0.0,9999.0,0.2453,0.018,1.566
"D=0.5, white",D05_white,LSTM_v2,1002,25,1,5,0.0,0.0,0.0,9999.0,,,2.1375
"D=0.5, white",D05_white,LSTM_v2,1002,50,1,5,0.0,0.0,0.0,9999.0,0.3031,0.0029,2.1375
"D=0.5, white",D05_white,LSTM_v2,1002,100,1,5,0.0,0.0,0.0,9999.0,0.4119,0.0234,2.1375
"D=0.5, white",D05_white,LSTM_v2,1003,25,3,6,0.333333,0.666667,0.444444,2.0,0.862,0.237,1.7734
"D=0.5, white",D05_white,LSTM_v2,1003,50,3,6,0.333333,0.666667,0.444444,2.0,0.7213,0.1925,1.7734
"D=0.5, white",D05_white,LSTM_v2,1003,100,3,6,0.333333,0.666667,0.444444,2.0,0.5905,0.2011,1.7734
"D=0.5, white",D05_white,LSTM_v2,1004,25,3,4,0.5,0.666667,0.571429,5.0,0.9153,0.6208,1.0384
"D=0.5, white",D05_white,LSTM_v2,1004,50,3,4,0.5,0.666667,0.571429,5.0,0.7677,0.4006,1.0384
"D=0.5, white",D05_white,LSTM_v2,1004,100,3,4,0.5,0.666667,0.571429,5.0,0.7576,0.463,1.0384
"D=0.5, white",D05_white,LSTM_v2,1005,25,3,1,1.0,0.333333,0.5,1.0,0.9514,0.64,1.2092
"D=0.5, white",D05_white,LSTM_v2,1005,50,3,1,1.0,0.333333,0.5,1.0,0.8244,0.518,1.2092
"D=0.5, white",D05_white,LSTM_v2,1005,100,3,1,1.0,0.333333,0.5,1.0,0.5104,0.3022,1.2092
"D=0.5, white",D05_white,LSTM_v2,1006,25,1,7,0.0,0.0,0.0,9999.0,,,1.3738
"D=0.5, white",D05_white,LSTM_v2,1006,50,1,7,0.0,0.0,0.0,9999.0,0.4792,0.0047,1.3738
"D=0.5, white",D05_white,LSTM_v2,1006,100,1,7,0.0,0.0,0.0,9999.0,0.5217,0.03,1.3738
"D=0.5, white",D05_white,LSTM_v2,1007,25,1,5,0.0,0.0,0.0,9999.0,,,1.9879
"D=0.5, white",D05_white,LSTM_v2,1007,50,1,5,0.2,1.0,0.333333,50.0,0.9591,0.0415,1.9879
"D=0.5, white",D05_white,LSTM_v2,1007,100,1,5,0.2,1.0,0.333333,50.0,0.7141,0.1648,1.9879
"D=0.5, white",D05_white,LSTM_v2,1008,25,3,2,1.0,0.666667,0.8,8.5,0.876,0.5423,1.7239
"D=0.5, white",D05_white,LSTM_v2,1008,50,3,2,1.0,0.666667,0.8,8.5,0.7928,0.4293,1.7239
"D=0.5, white",D05_white,LSTM_v2,1008,100,3,2,1.0,0.666667,0.8,8.5,0.6912,0.3401,1.7239
"D=0.5, white",D05_white,LSTM_v2,1009,25,3,3,0.333333,0.333333,0.333333,1.0,0.6896,0.4134,1.6247
"D=0.5, white",D05_white,LSTM_v2,1009,50,3,3,0.333333,0.333333,0.333333,1.0,0.5633,0.2457,1.6247
"D=0.5, white",D05_white,LSTM_v2,1009,100,3,3,0.333333,0.333333,0.333333,1.0,0.7187,0.2328,1.6247
"D=0.5, white",D05_white,LSTM_v2,1010,25,3,6,0.166667,0.333333,0.222222,0.0,0.871,0.3704,1.1969
"D=0.5, white",D05_white,LSTM_v2,1010,50,3,6,0.166667,0.333333,0.222222,0.0,0.801,0.2653,1.1969
"D=0.5, white",D05_white,LSTM_v2,1010,100,3,6,0.166667,0.333333,0.222222,0.0,0.6332,0.245,1.1969
"D=0.5, white",D05_white,LSTM_v2,1011,25,3,3,0.333333,0.333333,0.333333,1.0,0.8201,0.3407,1.5893
"D=0.5, white",D05_white,LSTM_v2,1011,50,3,3,0.333333,0.333333,0.333333,1.0,0.7904,0.2647,1.5893
"D=0.5, white",D05_white,LSTM_v2,1011,100,3,3,0.333333,0.333333,0.333333,1.0,0.6889,0.2851,1.5893
"D=0.5, white",D05_white,LSTM_v2,1012,25,1,1,0.0,0.0,0.0,9999.0,,,1.9491
"D=0.5, white",D05_white,LSTM_v2,1012,50,1,1,0.0,0.0,0.0,9999.0,0.938,0.0314,1.9491
"D=0.5, white",D05_white,LSTM_v2,1012,100,1,1,0.0,0.0,0.0,9999.0,0.6247,0.0606,1.9491
"D=0.5, white",D05_white,LSTM_v2,1013,25,3,3,0.333333,0.333333,0.333333,6.0,0.9505,0.2492,2.1389
"D=0.5, white",D05_white,LSTM_v2,1013,50,3,3,0.333333,0.333333,0.333333,6.0,0.7873,0.1974,2.1389
"D=0.5, white",D05_white,LSTM_v2,1013,100,3,3,0.333333,0.333333,0.333333,6.0,0.5848,0.1997,2.1389
"D=0.5, white",D05_white,LSTM_v2,1014,25,3,6,0.166667,0.333333,0.222222,1.0,0.7965,0.3266,1.2163
"D=0.5, white",D05_white,LSTM_v2,1014,50,3,6,0.166667,0.333333,0.222222,1.0,0.7117,0.2352,1.2163
"D=0.5, white",D05_white,LSTM_v2,1014,100,3,6,0.166667,0.333333,0.222222,1.0,0.5696,0.2032,1.2163
"D=0.5, white",D05_white,LSTM_v2,1015,25,1,2,0.0,0.0,0.0,9999.0,,,1.1957
"D=0.5, white",D05_white,LSTM_v2,1015,50,1,2,0.0,0.0,0.0,9999.0,0.646,0.0077,1.1957
"D=0.5, white",D05_white,LSTM_v2,1015,100,1,2,0.0,0.0,0.0,9999.0,0.7496,0.06,1.1957
"D=0.5, white",D05_white,LSTM_v2,1016,25,3,7,0.142857,0.333333,0.2,2.0,0.8428,0.3198,1.5195
"D=0.5, white",D05_white,LSTM_v2,1016,50,3,7,0.285714,0.666667,0.4,25.5,0.8106,0.2887,1.5195
"D=0.5, white",D05_white,LSTM_v2,1016,100,3,7,0.285714,0.666667,0.4,25.5,0.7705,0.2741,1.5195
"D=0.5, white",D05_white,LSTM_v2,1017,25,1,2,0.0,0.0,0.0,9999.0,,,1.6516
"D=0.5, white",D05_white,LSTM_v2,1017,50,1,2,0.0,0.0,0.0,9999.0,0.414,0.0026,1.6516
"D=0.5, white",D05_white,LSTM_v2,1017,100,1,2,0.0,0.0,0.0,9999.0,0.4669,0.025,1.6516
"D=0.5, white",D05_white,LSTM_v2,1018,25,1,7,0.0,0.0,0.0,9999.0,,,1.7699
"D=0.5, white",D05_white,LSTM_v2,1018,50,1,7,0.0,0.0,0.0,9999.0,0.4705,0.0033,1.7699
"D=0.5, white",D05_white,LSTM_v2,1018,100,1,7,0.0,0.0,0.0,9999.0,0.5325,0.029,1.7699
"D=0.5, white",D05_white,LSTM_v2,1019,25,1,2,0.0,0.0,0.0,9999.0,,,1.2645
"D=0.5, white",D05_white,LSTM_v2,1019,50,1,2,0.0,0.0,0.0,9999.0,0.7448,0.0069,1.2645
"D=0.5, white",D05_white,LSTM_v2,1019,100,1,2,0.0,0.0,0.0,9999.0,0.7341,0.0583,1.2645
"D=0.5, white",D05_white,LSTM_v2,1020,25,1,4,0.0,0.0,0.0,9999.0,,,1.2727
"D=0.5, white",D05_white,LSTM_v2,1020,50,1,4,0.0,0.0,0.0,9999.0,0.4847,0.0039,1.2727
"D=0.5, white",D05_white,LSTM_v2,1020,100,1,4,0.0,0.0,0.0,9999.0,0.499,0.0281,1.2727
"D=0.5, white",D05_white,LSTM_v2,1021,25,1,1,0.0,0.0,0.0,9999.0,,,2.6468
"D=0.5, white",D05_white,LSTM_v2,1021,50,1,1,0.0,0.0,0.0,9999.0,0.0261,0.0016,2.6468
"D=0.5, white",D05_white,LSTM_v2,1021,100,1,1,0.0,0.0,0.0,9999.0,0.3384,0.0204,2.6468
"D=0.5, white",D05_white,LSTM_v2,1022,25,3,2,0.5,0.333333,0.4,0.0,0.9191,0.5119,2.1863
"D=0.5, white",D05_white,LSTM_v2,1022,50,3,2,0.5,0.333333,0.4,0.0,0.7488,0.3432,2.1863
"D=0.5, white",D05_white,LSTM_v2,1022,100,3,2,1.0,0.666667,0.8,37.5,0.6441,0.3377,2.1863
"D=0.5, white",D05_white,LSTM_v2,1023,25,3,2,0.5,0.333333,0.4,1.0,0.809,0.3501,0.9911
"D=0.5, white",D05_white,LSTM_v2,1023,50,3,2,0.5,0.333333,0.4,1.0,0.7462,0.3261,0.9911
"D=0.5, white",D05_white,LSTM_v2,1023,100,3,2,0.5,0.333333,0.4,1.0,0.5994,0.2614,0.9911
"D=0.5, white",D05_white,LSTM_v2,1024,25,5,8,0.25,0.4,0.307692,1.0,0.8345,0.4141,1.7188
"D=0.5, white",D05_white,LSTM_v2,1024,50,5,8,0.25,0.4,0.307692,1.0,0.7768,0.3666,1.7188
"D=0.5, white",D05_white,LSTM_v2,1024,100,5,8,0.5,0.8,0.615385,36.25,0.7504,0.544,1.7188
"D=0.5, white",D05_white,LSTM_v2,1025,25,1,0,0.0,0.0,0.0,9999.0,,,1.9083
"D=0.5, white",D05_white,LSTM_v2,1025,50,1,0,0.0,0.0,0.0,9999.0,0.8684,0.0132,1.9083
"D=0.5, white",D05_white,LSTM_v2,1025,100,1,0,0.0,0.0,0.0,9999.0,0.6739,0.045,1.9083
"D=0.5, white",D05_white,LSTM_v2,1026,25,1,2,0.0,0.0,0.0,9999.0,,,1.9968
"D=0.5, white",D05_white,LSTM_v2,1026,50,1,2,0.5,1.0,0.666667,41.0,0.4242,0.016,1.9968
"D=0.5, white",D05_white,LSTM_v2,1026,100,1,2,0.5,1.0,0.666667,41.0,0.2605,0.0215,1.9968
"D=0.5, white",D05_white,LSTM_v2,1027,25,3,4,0.25,0.333333,0.285714,3.0,0.9483,0.2545,1.481
"D=0.5, white",D05_white,LSTM_v2,1027,50,3,4,0.25,0.333333,0.285714,3.0,0.728,0.1807,1.481
"D=0.5, white",D05_white,LSTM_v2,1027,100,3,4,0.25,0.333333,0.285714,3.0,0.6612,0.2039,1.481
"D=0.5, white",D05_white,LSTM_v2,1028,25,5,5,0.6,0.6,0.6,2.6667,0.8523,0.449,1.1783
"D=0.5, white",D05_white,LSTM_v2,1028,50,5,5,0.6,0.6,0.6,2.6667,0.8422,0.5498,1.1783
"D=0.5, white",D05_white,LSTM_v2,1028,100,5,5,0.6,0.6,0.6,2.6667,0.7022,0.5094,1.1783
"D=0.5, white",D05_white,LSTM_v2,1029,25,3,2,0.5,0.333333,0.4,2.0,0.8595,0.3947,1.5706
"D=0.5, white",D05_white,LSTM_v2,1029,50,3,2,0.5,0.333333,0.4,2.0,0.7874,0.2951,1.5706
"D=0.5, white",D05_white,LSTM_v2,1029,100,3,2,0.5,0.333333,0.4,2.0,0.5926,0.2423,1.5706
"D=0.5, white",D05_white,LSTM_v2,1030,25,3,2,0.5,0.333333,0.4,1.0,0.7493,0.4702,1.8321
"D=0.5, white",D05_white,LSTM_v2,1030,50,3,2,0.5,0.333333,0.4,1.0,0.6725,0.3426,1.8321
"D=0.5, white",D05_white,LSTM_v2,1030,100,3,2,0.5,0.333333,0.4,1.0,0.7256,0.2845,1.8321
"D=0.5, white",D05_white,LSTM_v2,1031,25,1,1,0.0,0.0,0.0,9999.0,,,2.1328
"D=0.5, white",D05_white,LSTM_v2,1031,50,1,1,0.0,0.0,0.0,9999.0,0.9432,0.026,2.1328
"D=0.5, white",D05_white,LSTM_v2,1031,100,1,1,0.0,0.0,0.0,9999.0,0.5871,0.0596,2.1328
"D=0.5, white",D05_white,LSTM_v2,1032,25,1,3,0.0,0.0,0.0,9999.0,,,1.1137
"D=0.5, white",D05_white,LSTM_v2,1032,50,1,3,0.0,0.0,0.0,9999.0,0.8614,0.0372,1.1137
"D=0.5, white",D05_white,LSTM_v2,1032,100,1,3,0.0,0.0,0.0,9999.0,0.8319,0.0893,1.1137
"D=0.5, white",D05_white,LSTM_v2,1033,25,1,4,0.0,0.0,0.0,9999.0,,,1.1496
"D=0.5, white",D05_white,LSTM_v2,1033,50,1,4,0.0,0.0,0.0,9999.0,0.1429,0.0015,1.1496
"D=0.5, white",D05_white,LSTM_v2,1033,100,1,4,0.0,0.0,0.0,9999.0,0.716,0.051,1.1496
"D=0.5, white",D05_white,LSTM_v2,1034,25,1,3,0.0,0.0,0.0,9999.0,,,1.844
"D=0.5, white",D05_white,LSTM_v2,1034,50,1,3,0.0,0.0,0.0,9999.0,0.824,0.0141,1.844
"D=0.5, white",D05_white,LSTM_v2,1034,100,1,3,0.0,0.0,0.0,9999.0,0.3865,0.0239,1.844
"D=0.5, white",D05_white,LSTM_v2,1035,25,3,3,0.333333,0.333333,0.333333,3.0,0.8169,0.4574,1.9832
"D=0.5, white",D05_white,LSTM_v2,1035,50,3,3,0.333333,0.333333,0.333333,3.0,0.6917,0.29,1.9832
"D=0.5, white",D05_white,LSTM_v2,1035,100,3,3,0.333333,0.333333,0.333333,3.0,0.6328,0.2721,1.9832
"D=0.5, white",D05_white,LSTM_v2,1036,25,3,4,0.5,0.666667,0.571429,3.5,0.8623,0.4353,1.8155
"D=0.5, white",D05_white,LSTM_v2,1036,50,3,4,0.5,0.666667,0.571429,3.5,0.701,0.2897,1.8155
"D=0.5, white",D05_white,LSTM_v2,1036,100,3,4,0.5,0.666667,0.571429,3.5,0.4624,0.2069,1.8155
"D=0.5, white",D05_white,LSTM_v2,1037,25,3,3,0.333333,0.333333,0.333333,2.0,0.9177,0.4055,1.1688
"D=0.5, white",D05_white,LSTM_v2,1037,50,3,3,0.333333,0.333333,0.333333,2.0,0.7945,0.301,1.1688
"D=0.5, white",D05_white,LSTM_v2,1037,100,3,3,0.666667,0.666667,0.666667,48.0,0.676,0.2717,1.1688
"D=0.5, white",D05_white,LSTM_v2,1038,25,1,1,0.0,0.0,0.0,9999.0,,,1.0565
"D=0.5, white",D05_white,LSTM_v2,1038,50,1,1,0.0,0.0,0.0,9999.0,0.8006,0.0079,1.0565
"D=0.5, white",D05_white,LSTM_v2,1038,100,1,1,1.0,1.0,1.0,61.0,0.8006,0.1545,1.0565
"D=0.5, white",D05_white,LSTM_v2,1039,25,1,2,0.0,0.0,0.0,9999.0,,,1.4375
"D=0.5, white",D05_white,LSTM_v2,1039,50,1,2,0.0,0.0,0.0,9999.0,0.0566,0.0019,1.4375
"D=0.5, white",D05_white,LSTM_v2,1039,100,1,2,0.0,0.0,0.0,9999.0,0.1048,0.0161,1.4375
"D=0.5, white",D05_white,LSTM_v2,1040,25,1,2,0.0,0.0,0.0,9999.0,,,1.6139
"D=0.5, white",D05_white,LSTM_v2,1040,50,1,2,0.0,0.0,0.0,9999.0,0.1921,0.0025,1.6139
"D=0.5, white",D05_white,LSTM_v2,1040,100,1,2,0.0,0.0,0.0,9999.0,0.2598,0.0189,1.6139
"D=0.5, white",D05_white,LSTM_v2,1041,25,1,2,0.0,0.0,0.0,9999.0,,,1.8746
"D=0.5, white",D05_white,LSTM_v2,1041,50,1,2,0.0,0.0,0.0,9999.0,0.5411,0.0076,1.8746
"D=0.5, white",D05_white,LSTM_v2,1041,100,1,2,0.0,0.0,0.0,9999.0,0.5861,0.0392,1.8746
"D=0.5, white",D05_white,LSTM_v2,1042,25,1,5,0.0,0.0,0.0,9999.0,,,1.6673
"D=0.5, white",D05_white,LSTM_v2,1042,50,1,5,0.0,0.0,0.0,9999.0,0.4108,0.003,1.6673
"D=0.5, white",D05_white,LSTM_v2,1042,100,1,5,0.0,0.0,0.0,9999.0,0.3888,0.0224,1.6673
"D=0.5, white",D05_white,LSTM_v2,1043,25,3,1,1.0,0.333333,0.5,2.0,0.8957,0.5251,1.1062
"D=0.5, white",D05_white,LSTM_v2,1043,50,3,1,1.0,0.333333,0.5,2.0,0.807,0.2872,1.1062
"D=0.5, white",D05_white,LSTM_v2,1043,100,3,1,1.0,0.333333,0.5,2.0,0.7966,0.4795,1.1062
"D=0.5, white",D05_white,LSTM_v2,1044,25,3,1,1.0,0.333333,0.5,2.0,0.8612,0.4547,2.1001
"D=0.5, white",D05_white,LSTM_v2,1044,50,3,1,1.0,0.333333,0.5,2.0,0.8201,0.3632,2.1001
"D=0.5, white",D05_white,LSTM_v2,1044,100,3,1,1.0,0.333333,0.5,2.0,0.5981,0.2592,2.1001
"D=0.5, white",D05_white,LSTM_v2,1045,25,1,4,0.0,0.0,0.0,9999.0,,,2.0699
"D=0.5, white",D05_white,LSTM_v2,1045,50,1,4,0.0,0.0,0.0,9999.0,0.5787,0.003,2.0699
"D=0.5, white",D05_white,LSTM_v2,1045,100,1,4,0.0,0.0,0.0,9999.0,0.168,0.0163,2.0699
"D=0.5, white",D05_white,LSTM_v2,1046,25,1,7,0.0,0.0,0.0,9999.0,,,1.6575
"D=0.5, white",D05_white,LSTM_v2,1046,50,1,7,0.0,0.0,0.0,9999.0,0.443,0.0045,1.6575
"D=0.5, white",D05_white,LSTM_v2,1046,100,1,7,0.0,0.0,0.0,9999.0,0.5603,0.0339,1.6575
"D=0.5, white",D05_white,LSTM_v2,1047,25,3,3,0.333333,0.333333,0.333333,2.0,0.9384,0.2611,0.9768
"D=0.5, white",D05_white,LSTM_v2,1047,50,3,3,0.333333,0.333333,0.333333,2.0,0.7499,0.1541,0.9768
"D=0.5, white",D05_white,LSTM_v2,1047,100,3,3,0.333333,0.333333,0.333333,2.0,0.7192,0.139,0.9768
"D=0.5, white",D05_white,LSTM_v2,1048,25,7,9,0.555556,0.714286,0.625,3.8,0.9193,0.7003,1.4407
"D=0.5, white",D05_white,LSTM_v2,1048,50,7,9,0.555556,0.714286,0.625,3.8,0.8778,0.6399,1.4407
"D=0.5, white",D05_white,LSTM_v2,1048,100,7,9,0.666667,0.857143,0.75,18.1667,0.8169,0.5728,1.4407
"D=0.5, white",D05_white,LSTM_v2,1049,25,3,0,0.0,0.0,0.0,9999.0,,,1.8776
"D=0.5, white",D05_white,LSTM_v2,1049,50,3,0,0.0,0.0,0.0,9999.0,0.743,0.0204,1.8776
"D=0.5, white",D05_white,LSTM_v2,1049,100,3,0,0.0,0.0,0.0,9999.0,0.4577,0.0568,1.8776
"D=1, white",D10_white,LSTM_v2,1000,25,39,26,0.807692,0.538462,0.646154,3.6667,0.7941,0.8081,1.8491
"D=1, white",D10_white,LSTM_v2,1000,50,39,26,0.846154,0.564103,0.676923,5.7727,0.8164,0.9392,1.8491
"D=1, white",D10_white,LSTM_v2,1000,100,39,26,0.884615,0.589744,0.707692,7.913,0.8539,0.9967,1.8491
"D=1, white",D10_white,LSTM_v2,1001,25,35,29,0.827586,0.685714,0.75,3.5833,0.8146,0.8245,1.0241
"D=1, white",D10_white,LSTM_v2,1001,50,35,29,0.862069,0.714286,0.78125,5.4,0.7961,0.915,1.0241
"D=1, white",D10_white,LSTM_v2,1001,100,35,29,0.965517,0.8,0.875,11.4643,0.7155,0.9749,1.0241
"D=1, white",D10_white,LSTM_v2,1002,25,43,31,0.935484,0.674419,0.783784,3.5862,0.8711,0.8848,1.4721
"D=1, white",D10_white,LSTM_v2,1002,50,43,31,0.967742,0.697674,0.810811,4.9333,0.8329,0.9353,1.4721
"D=1, white",D10_white,LSTM_v2,1002,100,43,31,0.967742,0.697674,0.810811,4.9333,0.7872,0.9893,1.4721
"D=1, white",D10_white,LSTM_v2,1003,25,43,18,0.666667,0.27907,0.393443,2.5833,0.7185,0.6557,1.9811
"D=1, white",D10_white,LSTM_v2,1003,50,43,18,0.777778,0.325581,0.459016,6.3571,0.7415,0.8175,1.9811
"D=1, white",D10_white,LSTM_v2,1003,100,43,18,0.833333,0.348837,0.491803,12.1333,0.6182,0.8885,1.9811
"D=1, white",D10_white,LSTM_v2,1004,25,45,19,0.947368,0.4,0.5625,2.7222,0.741,0.7823,1.9212
"D=1, white",D10_white,LSTM_v2,1004,50,45,19,0.947368,0.4,0.5625,2.7222,0.7348,0.9033,1.9212
"D=1, white",D10_white,LSTM_v2,1004,100,45,19,1.0,0.422222,0.59375,5.9474,0.6867,0.9693,1.9212
"D=1, white",D10_white,LSTM_v2,1005,25,37,26,0.769231,0.540541,0.634921,5.0,0.7766,0.7901,1.3428
"D=1, white",D10_white,LSTM_v2,1005,50,37,26,0.846154,0.594595,0.698413,7.6364,0.7267,0.8852,1.3428
"D=1, white",D10_white,LSTM_v2,1005,100,37,26,0.923077,0.648649,0.761905,11.9167,0.6881,0.9575,1.3428
"D=1, white",D10_white,LSTM_v2,1006,25,39,33,0.818182,0.692308,0.75,5.3333,0.8575,0.8508,1.2011
"D=1, white",D10_white,LSTM_v2,1006,50,39,33,0.909091,0.769231,0.833333,8.1333,0.8382,0.9199,1.2011
"D=1, white",D10_white,LSTM_v2,1006,100,39,33,0.909091,0.769231,0.833333,8.1333,0.8026,0.9819,1.2011
"D=1, white",D10_white,LSTM_v2,1007,25,21,14,0.857143,0.571429,0.685714,4.1667,0.843,0.744,1.7739
"D=1, white",D10_white,LSTM_v2,1007,50,21,14,0.928571,0.619048,0.742857,5.9231,0.7559,0.7756,1.7739
"D=1, white",D10_white,LSTM_v2,1007,100,21,14,0.928571,0.619048,0.742857,5.9231,0.6933,0.8275,1.7739
"D=1, white",D10_white,LSTM_v2,1008,25,57,35,0.942857,0.578947,0.717391,3.2121,0.8025,0.856,1.9064
"D=1, white",D10_white,LSTM_v2,1008,50,57,35,1.0,0.614035,0.76087,5.5143,0.8309,0.9567,1.9064
"D=1, white",D10_white,LSTM_v2,1008,100,57,35,1.0,0.614035,0.76087,5.5143,0.924,0.9982,1.9064
"D=1, white",D10_white,LSTM_v2,1009,25,45,26,0.923077,0.533333,0.676056,3.1667,0.811,0.8236,1.827
"D=1, white",D10_white,LSTM_v2,1009,50,45,26,1.0,0.577778,0.732394,6.2308,0.7748,0.8966,1.827
"D=1, white",D10_white,LSTM_v2,1009,100,45,26,1.0,0.577778,0.732394,6.2308,0.5122,0.9727,1.827
"D=1, white",D10_white,LSTM_v2,1010,25,37,31,0.83871,0.702703,0.764706,3.3077,0.8729,0.8409,1.5664
"D=1, white",D10_white,LSTM_v2,1010,50,37,31,0.870968,0.72973,0.794118,4.8148,0.8666,0.911,1.5664
"D=1, white",D10_white,LSTM_v2,1010,100,37,31,0.903226,0.756757,0.823529,8.1071,0.8053,0.9378,1.5664
"D=1, white",D10_white,LSTM_v2,1011,25,43,36,0.888889,0.744186,0.810127,3.25,0.8562,0.88,1.773
"D=1, white",D10_white,LSTM_v2,1011,50,43,36,0.888889,0.744186,0.810127,3.25,0.8216,0.9226,1.773
"D=1, white",D10_white,LSTM_v2,1011,100,43,36,0.944444,0.790698,0.860759,7.5294,0.8339,0.9802,1.773
"D=1, white",D10_white,LSTM_v2,1012,25,41,25,0.8,0.487805,0.606061,3.25,0.8001,0.7586,1.8256
"D=1, white",D10_white,LSTM_v2,1012,50,41,25,0.88,0.536585,0.666667,6.0455,0.7576,0.8471,1.8256
"D=1, white",D10_white,LSTM_v2,1012,100,41,25,0.88,0.536585,0.666667,6.0455,0.6499,0.9082,1.8256
"D=1, white",D10_white,LSTM_v2,1013,25,49,30,0.966667,0.591837,0.734177,3.2759,0.885,0.902,1.6577
"D=1, white",D10_white,LSTM_v2,1013,50,49,30,0.966667,0.591837,0.734177,3.2759,0.8513,0.9363,1.6577
"D=1, white",D10_white,LSTM_v2,1013,100,49,30,1.0,0.612245,0.759494,4.9333,0.876,0.9847,1.6577
"D=1, white",D10_white,LSTM_v2,1014,25,35,27,0.851852,0.657143,0.741935,2.6087,0.8724,0.8504,1.2623
"D=1, white",D10_white,LSTM_v2,1014,50,35,27,0.851852,0.657143,0.741935,2.6087,0.7598,0.851,1.2623
"D=1, white",D10_white,LSTM_v2,1014,100,35,27,0.925926,0.714286,0.806452,9.44,0.6695,0.9432,1.2623
"D=1, white",D10_white,LSTM_v2,1015,25,47,30,0.833333,0.531915,0.649351,4.76,0.7946,0.8315,1.5007
"D=1, white",D10_white,LSTM_v2,1015,50,47,30,0.833333,0.531915,0.649351,4.76,0.779,0.9384,1.5007
"D=1, white",D10_white,LSTM_v2,1015,100,47,30,0.9,0.574468,0.701299,9.5185,0.8045,0.9997,1.5007
"D=1, white",D10_white,LSTM_v2,1016,25,33,26,0.653846,0.515152,0.576271,2.7059,0.7982,0.7455,1.7429
"D=1, white",D10_white,LSTM_v2,1016,50,33,26,0.769231,0.606061,0.677966,7.6,0.8207,0.881,1.7429
"D=1, white",D10_white,LSTM_v2,1016,100,33,26,0.846154,0.666667,0.745763,13.5455,0.7727,0.9369,1.7429
"D=1, white",D10_white,LSTM_v2,1017,25,43,26,0.923077,0.55814,0.695652,3.75,0.8467,0.8502,1.7135
"D=1, white",D10_white,LSTM_v2,1017,50,43,26,0.923077,0.55814,0.695652,3.75,0.7998,0.8925,1.7135
"D=1, white",D10_white,LSTM_v2,1017,100,43,26,1.0,0.604651,0.753623,9.1538,0.7893,0.9622,1.7135
"D=1, white",D10_white,LSTM_v2,1018,25,49,32,0.875,0.571429,0.691358,3.0357,0.7606,0.8201,1.2852
"D=1, white",D10_white,LSTM_v2,1018,50,49,32,0.9375,0.612245,0.740741,5.1333,0.6869,0.9142,1.2852
"D=1, white",D10_white,LSTM_v2,1018,100,49,32,0.9375,0.612245,0.740741,5.1333,0.7847,0.9976,1.2852
"D=1, white",D10_white,LSTM_v2,1019,25,47,36,0.861111,0.659574,0.746988,3.6452,0.7996,0.829,1.2084
"D=1, white",D10_white,LSTM_v2,1019,50,47,36,0.888889,0.680851,0.771084,4.8125,0.7114,0.8817,1.2084
"D=1, white",D10_white,LSTM_v2,1019,100,47,36,0.944444,0.723404,0.819277,9.8235,0.5713,0.9674,1.2084
"D=1, white",D10_white,LSTM_v2,1020,25,41,29,0.965517,0.682927,0.8,2.6071,0.8339,0.8623,1.619
"D=1, white",D10_white,LSTM_v2,1020,50,41,29,1.0,0.707317,0.828571,3.6897,0.7917,0.9087,1.619
"D=1, white",D10_white,LSTM_v2,1020,100,41,29,1.0,0.707317,0.828571,3.6897,0.7691,0.9874,1.619
"D=1, white",D10_white,LSTM_v2,1021,25,37,27,0.777778,0.567568,0.65625,3.2857,0.8108,0.7699,1.8462
"D=1, white",D10_white,LSTM_v2,1021,50,37,27,0.777778,0.567568,0.65625,3.2857,0.7761,0.8717,1.8462
"D=1, white",D10_white,LSTM_v2,1021,100,37,27,0.777778,0.567568,0.65625,3.2857,0.5987,0.9345,1.8462
"D=1, white",D10_white,LSTM_v2,1022,25,40,27,0.851852,0.575,0.686567,3.5217,0.8039,0.8238,1.6493
"D=1, white",D10_white,LSTM_v2,1022,50,40,27,0.851852,0.575,0.686567,3.5217,0.7852,0.926,1.6493
"D=1, white",D10_white,LSTM_v2,1022,100,40,27,0.925926,0.625,0.746269,9.0,0.7725,0.9846,1.6493
"D=1, white",D10_white,LSTM_v2,1023,25,37,32,0.75,0.648649,0.695652,3.1667,0.8492,0.8199,1.261
"D=1, white",D10_white,LSTM_v2,1023,50,37,32,0.9375,0.810811,0.869565,9.3667,0.8563,0.9259,1.261
"D=1, white",D10_white,LSTM_v2,1023,100,37,32,0.96875,0.837838,0.898551,11.6129,0.7561,0.9777,1.261
"D=1, white",D10_white,LSTM_v2,1024,25,45,28,0.928571,0.577778,0.712329,3.1538,0.8177,0.8462,1.3031
"D=1, white",D10_white,LSTM_v2,1024,50,45,28,0.964286,0.6,0.739726,4.0,0.7867,0.9401,1.3031
"D=1, white",D10_white,LSTM_v2,1024,100,45,28,0.964286,0.6,0.739726,4.0,,,1.3031
"D=1, white",D10_white,LSTM_v2,1025,25,29,20,0.75,0.517241,0.612245,3.2667,0.768,0.7283,1.782
"D=1, white",D10_white,LSTM_v2,1025,50,29,20,0.8,0.551724,0.653061,5.3125,0.7626,0.867,1.782
"D=1, white",D10_white,LSTM_v2,1025,100,29,20,0.85,0.586207,0.693878,8.4706,0.6586,0.9423,1.782
"D=1, white",D10_white,LSTM_v2,1026,25,41,24,0.958333,0.560976,0.707692,4.2174,0.8492,0.8435,1.7867
"D=1, white",D10_white,LSTM_v2,1026,50,41,24,0.958333,0.560976,0.707692,4.2174,0.8123,0.9027,1.7867
"D=1, white",D10_white,LSTM_v2,1026,100,41,24,0.958333,0.560976,0.707692,4.2174,0.7378,0.9605,1.7867
"D=1, white",D10_white,LSTM_v2,1027,25,27,17,0.764706,0.481481,0.590909,3.8462,0.8005,0.6911,1.328
"D=1, white",D10_white,LSTM_v2,1027,50,27,17,0.764706,0.481481,0.590909,3.8462,0.7597,0.7586,1.328
"D=1, white",D10_white,LSTM_v2,1027,100,27,17,0.823529,0.518519,0.636364,9.5714,0.6825,0.8563,1.328
"D=1, white",D10_white,LSTM_v2,1028,25,45,33,0.878788,0.644444,0.74359,4.3448,0.8385,0.8412,1.0238
"D=1, white",D10_white,LSTM_v2,1028,50,45,33,0.878788,0.644444,0.74359,4.3448,0.8321,0.9408,1.0238
"D=1, white",D10_white,LSTM_v2,1028,100,45,33,0.878788,0.644444,0.74359,4.3448,0.5904,0.9758,1.0238
"D=1, white",D10_white,LSTM_v2,1029,25,29,23,0.652174,0.517241,0.576923,3.5333,0.8554,0.7843,1.7804
"D=1, white",D10_white,LSTM_v2,1029,50,29,23,0.869565,0.689655,0.769231,12.75,0.7558,0.8306,1.7804
"D=1, white",D10_white,LSTM_v2,1029,100,29,23,0.913043,0.724138,0.807692,14.5714,0.5105,0.8736,1.7804
"D=1, white",D10_white,LSTM_v2,1030,25,47,28,0.821429,0.489362,0.613333,2.4348,0.8225,0.8477,1.9895
"D=1, white",D10_white,LSTM_v2,1030,50,47,28,0.928571,0.553191,0.693333,6.8462,0.8225,0.9424,1.9895
"D=1, white",D10_white,LSTM_v2,1030,100,47,28,0.928571,0.553191,0.693333,6.8462,0.8275,0.9942,1.9895
"D=1, white",D10_white,LSTM_v2,1031,25,45,31,0.83871,0.577778,0.684211,2.8077,0.808,0.8359,1.5693
"D=1, white",D10_white,LSTM_v2,1031,50,45,31,0.903226,0.622222,0.736842,5.5714,0.7789,0.9293,1.5693
"D=1, white",D10_white,LSTM_v2,1031,100,45,31,0.967742,0.666667,0.789474,11.2,0.6594,0.984,1.5693
"D=1, white",D10_white,LSTM_v2,1032,25,39,20,0.85,0.435897,0.576271,3.2941,0.7638,0.7375,1.1498
"D=1, white",D10_white,LSTM_v2,1032,50,39,20,0.85,0.435897,0.576271,3.2941,0.7231,0.8562,1.1498
"D=1, white",D10_white,LSTM_v2,1032,100,39,20,0.9,0.461538,0.610169,6.5556,0.6722,0.9624,1.1498
"D=1, white",D10_white,LSTM_v2,1033,25,39,28,0.785714,0.564103,0.656716,4.0909,0.8088,0.7986,1.7391
"D=1, white",D10_white,LSTM_v2,1033,50,39,28,0.857143,0.615385,0.716418,7.0,0.7229,0.8759,1.7391
"D=1, white",D10_white,LSTM_v2,1033,100,39,28,0.857143,0.615385,0.716418,7.0,0.6839,0.9887,1.7391
"D=1, white",D10_white,LSTM_v2,1034,25,47,31,0.870968,0.574468,0.692308,2.9259,0.8012,0.8388,2.2459
"D=1, white",D10_white,LSTM_v2,1034,50,47,31,0.903226,0.595745,0.717949,4.6071,0.7982,0.9062,2.2459
"D=1, white",D10_white,LSTM_v2,1034,100,47,31,0.935484,0.617021,0.74359,7.1724,0.7363,0.9376,2.2459
"D=1, white",D10_white,LSTM_v2,1035,25,39,24,0.916667,0.564103,0.698413,3.6818,0.8098,0.8185,2.1737
"D=1, white",D10_white,LSTM_v2,1035,50,39,24,0.958333,0.589744,0.730159,5.3043,0.8191,0.929,2.1737
"D=1, white",D10_white,LSTM_v2,1035,100,39,24,1.0,0.615385,0.761905,7.6667,0.7797,0.9797,2.1737
"D=1, white",D10_white,LSTM_v2,1036,25,33,24,0.75,0.545455,0.631579,2.5,0.8127,0.7376,1.3134
"D=1, white",D10_white,LSTM_v2,1036,50,33,24,0.791667,0.575758,0.666667,4.0,0.8144,0.8251,1.3134
"D=1, white",D10_white,LSTM_v2,1036,100,33,24,0.875,0.636364,0.736842,12.7143,0.7628,0.9066,1.3134
"D=1, white",D10_white,LSTM_v2,1037,25,43,29,0.793103,0.534884,0.638889,2.8261,0.8243,0.8468,1.5133
"D=1, white",D10_white,LSTM_v2,1037,50,43,29,0.827586,0.55814,0.666667,4.4583,0.7959,0.9277,1.5133
"D=1, white",D10_white,LSTM_v2,1037,100,43,29,0.896552,0.604651,0.722222,10.6154,0.5374,0.9632,1.5133
"D=1, white",D10_white,LSTM_v2,1038,25,49,37,0.891892,0.673469,0.767442,3.2727,0.817,0.8822,2.3525
"D=1, white",D10_white,LSTM_v2,1038,50,49,37,0.945946,0.714286,0.813953,5.4286,0.7954,0.9473,2.3525
"D=1, white",D10_white,LSTM_v2,1038,100,49,37,0.972973,0.734694,0.837209,7.25,0.9063,0.9985,2.3525
"D=1, white",D10_white,LSTM_v2,1039,25,41,23,0.826087,0.463415,0.59375,2.5263,0.8182,0.7889,2.0697
"D=1, white",D10_white,LSTM_v2,1039,50,41,23,0.869565,0.487805,0.625,4.3,0.742,0.8319,2.0697
"D=1, white",D10_white,LSTM_v2,1039,100,41,23,0.869565,0.487805,0.625,4.3,0.6709,0.9031,2.0697
"D=1, white",D10_white,LSTM_v2,1040,25,39,30,0.833333,0.641026,0.724638,2.56,0.8106,0.7575,1.5388
"D=1, white",D10_white,LSTM_v2,1040,50,39,30,0.866667,0.666667,0.753623,3.4615,0.7182,0.7911,1.5388
"D=1, white",D10_white,LSTM_v2,1040,100,39,30,0.933333,0.717949,0.811594,10.0714,0.6425,0.8875,1.5388
"D=1, white",D10_white,LSTM_v2,1041,25,47,29,0.965517,0.595745,0.736842,3.1786,0.788,0.8303,1.3745
"D=1, white",D10_white,LSTM_v2,1041,50,47,29,0.965517,0.595745,0.736842,3.1786,0.7858,0.9366,1.3745
"D=1, white",D10_white,LSTM_v2,1041,100,47,29,0.965517,0.595745,0.736842,3.1786,0.9102,0.9994,1.3745
"D=1, white",D10_white,LSTM_v2,1042,25,43,36,0.777778,0.651163,0.708861,3.3571,0.7987,0.8303,1.2279
"D=1, white",D10_white,LSTM_v2,1042,50,43,36,0.861111,0.72093,0.78481,6.4839,0.7425,0.8772,1.2279
"D=1, white",D10_white,LSTM_v2,1042,100,43,36,0.944444,0.790698,0.860759,11.0294,0.8008,0.9707,1.2279
"D=1, white",D10_white,LSTM_v2,1043,25,39,32,0.71875,0.589744,0.647887,3.1739,0.7989,0.7755,2.2283
"D=1, white",D10_white,LSTM_v2,1043,50,39,32,0.8125,0.666667,0.732394,7.0385,0.8036,0.8983,2.2283
"D=1, white",D10_white,LSTM_v2,1043,100,39,32,0.84375,0.692308,0.760563,9.7407,0.7425,0.9599,2.2283
"D=1, white",D10_white,LSTM_v2,1044,25,36,27,0.888889,0.666667,0.761905,2.4583,0.7892,0.7999,3.8461
"D=1, white",D10_white,LSTM_v2,1044,50,36,27,0.888889,0.666667,0.761905,2.4583,0.7875,0.8974,3.8461
"D=1, white",D10_white,LSTM_v2,1044,100,36,27,0.888889,0.666667,0.761905,2.4583,0.9145,0.9942,3.8461
"D=1, white",D10_white,LSTM_v2,1045,25,51,34,0.970588,0.647059,0.776471,3.697,0.8891,0.9265,3.8446
"D=1, white",D10_white,LSTM_v2,1045,50,51,34,0.970588,0.647059,0.776471,3.697,0.9001,0.9758,3.8446
"D=1, white",D10_white,LSTM_v2,1045,100,51,34,1.0,0.666667,0.8,5.2941,0.7928,0.9845,3.8446
"D=1, white",D10_white,LSTM_v2,1046,25,55,35,0.914286,0.581818,0.711111,3.4062,0.7673,0.8594,3.1594
"D=1, white",D10_white,LSTM_v2,1046,50,55,35,0.942857,0.6,0.733333,4.4848,0.7815,0.9485,3.1594
"D=1, white",D10_white,LSTM_v2,1046,100,55,35,1.0,0.636364,0.777778,8.1429,0.8411,0.9937,3.1594
"D=1, white",D10_white,LSTM_v2,1047,25,43,24,0.791667,0.44186,0.567164,2.7368,0.7987,0.7774,2.8414
"D=1, white",D10_white,LSTM_v2,1047,50,43,24,0.875,0.488372,0.626866,5.7619,0.748,0.8658,2.8414
"D=1, white",D10_white,LSTM_v2,1047,100,43,24,0.958333,0.534884,0.686567,10.5652,0.6835,0.9501,2.8414
"D=1, white",D10_white,LSTM_v2,1048,25,51,34,0.823529,0.54902,0.658824,4.1071,0.8031,0.8284,4.2182
"D=1, white",D10_white,LSTM_v2,1048,50,51,34,0.882353,0.588235,0.705882,6.4,0.8064,0.8863,4.2182
"D=1, white",D10_white,LSTM_v2,1048,100,51,34,0.911765,0.607843,0.729412,7.8387,0.8004,0.9502,4.2182
"D=1, white",D10_white,LSTM_v2,1049,25,33,19,0.684211,0.393939,0.5,3.0769,0.7876,0.6952,4.1083
"D=1, white",D10_white,LSTM_v2,1049,50,33,19,0.789474,0.454545,0.576923,7.9333,0.73,0.7872,4.1083
"D=1, white",D10_white,LSTM_v2,1049,100,33,19,0.842105,0.484848,0.615385,10.8125,0.6412,0.9017,4.1083
"D=1, pink",D10_pink,LSTM_v2,1000,25,192,64,0.984375,0.328125,0.492188,1.746,0.8576,0.9636,3.5797
"D=1, pink",D10_pink,LSTM_v2,1000,50,192,64,1.0,0.333333,0.5,2.25,0.7987,0.9901,3.5797
"D=1, pink",D10_pink,LSTM_v2,1000,100,192,64,1.0,0.333333,0.5,2.25,,,3.5797
"D=1, pink",D10_pink,LSTM_v2,1001,25,199,57,1.0,0.286432,0.445312,1.9649,0.8839,0.9488,2.6071
"D=1, pink",D10_pink,LSTM_v2,1001,50,199,57,1.0,0.286432,0.445312,1.9649,0.7635,0.9575,2.6071
"D=1, pink",D10_pink,LSTM_v2,1001,100,199,57,1.0,0.286432,0.445312,1.9649,,,2.6071
"D=1, pink",D10_pink,LSTM_v2,1002,25,205,74,0.986486,0.356098,0.523297,1.7945,0.8975,0.9811,2.736
"D=1, pink",D10_pink,LSTM_v2,1002,50,205,74,0.986486,0.356098,0.523297,1.7945,0.8134,0.9899,2.736
"D=1, pink",D10_pink,LSTM_v2,1002,100,205,74,1.0,0.360976,0.530466,2.6351,,,2.736
"D=1, pink",D10_pink,LSTM_v2,1003,25,186,66,0.984848,0.349462,0.515873,2.5385,0.8317,0.9645,3.3256
"D=1, pink",D10_pink,LSTM_v2,1003,50,186,66,1.0,0.354839,0.52381,3.197,0.8289,0.9988,3.3256
"D=1, pink",D10_pink,LSTM_v2,1003,100,186,66,1.0,0.354839,0.52381,3.197,,,3.3256
"D=1, pink",D10_pink,LSTM_v2,1004,25,198,69,0.971014,0.338384,0.501873,1.9104,0.8499,0.953,3.5513
"D=1, pink",D10_pink,LSTM_v2,1004,50,198,69,0.985507,0.343434,0.509363,2.5,0.8428,0.9869,3.5513
"D=1, pink",D10_pink,LSTM_v2,1004,100,198,69,1.0,0.348485,0.516854,3.4493,,,3.5513
"D=1, pink",D10_pink,LSTM_v2,1005,25,179,75,0.986667,0.413408,0.582677,1.5946,0.9037,0.9823,2.9426
"D=1, pink",D10_pink,LSTM_v2,1005,50,179,75,0.986667,0.413408,0.582677,1.5946,0.7152,0.9909,2.9426
"D=1, pink",D10_pink,LSTM_v2,1005,100,179,75,1.0,0.418994,0.590551,2.4133,,,2.9426
"D=1, pink",D10_pink,LSTM_v2,1006,25,193,75,0.946667,0.367876,0.529851,2.3521,0.8548,0.9574,2.2442
"D=1, pink",D10_pink,LSTM_v2,1006,50,193,75,0.973333,0.378238,0.544776,3.3288,0.7333,0.9823,2.2442
"D=1, pink",D10_pink,LSTM_v2,1006,100,193,75,1.0,0.388601,0.559701,4.8667,,,2.2442
"D=1, pink",D10_pink,LSTM_v2,1007,25,167,74,1.0,0.443114,0.614108,2.7297,0.8958,0.9826,3.5022
"D=1, pink",D10_pink,LSTM_v2,1007,50,167,74,1.0,0.443114,0.614108,2.7297,0.9063,0.9958,3.5022
"D=1, pink",D10_pink,LSTM_v2,1007,100,167,74,1.0,0.443114,0.614108,2.7297,,,3.5022
"D=1, pink",D10_pink,LSTM_v2,1008,25,211,56,1.0,0.265403,0.419476,0.6607,0.8521,0.9389,3.9078
"D=1, pink",D10_pink,LSTM_v2,1008,50,211,56,1.0,0.265403,0.419476,0.6607,0.7875,0.9593,3.9078
"D=1, pink",D10_pink,LSTM_v2,1008,100,211,56,1.0,0.265403,0.419476,0.6607,0.5817,0.9842,3.9078
"D=1, pink",D10_pink,LSTM_v2,1009,25,178,79,0.962025,0.426966,0.59144,2.9868,0.8562,0.967,3.622
"D=1, pink",D10_pink,LSTM_v2,1009,50,178,79,0.987342,0.438202,0.607004,3.9103,0.8049,0.9849,3.622
"D=1, pink",D10_pink,LSTM_v2,1009,100,178,79,1.0,0.44382,0.614786,4.6076,,,3.622
"D=1, pink",D10_pink,LSTM_v2,1010,25,182,62,0.983871,0.335165,0.5,1.5902,0.8736,0.9689,2.8021
"D=1, pink",D10_pink,LSTM_v2,1010,50,182,62,1.0,0.340659,0.508197,2.0806,0.8623,0.9944,2.8021
"D=1, pink",D10_pink,LSTM_v2,1010,100,182,62,1.0,0.340659,0.508197,2.0806,,,2.8021
"D=1, pink",D10_pink,LSTM_v2,1011,25,176,66,0.984848,0.369318,0.53719,2.6462,0.8995,0.9777,1.8219
"D=1, pink",D10_pink,LSTM_v2,1011,50,176,66,1.0,0.375,0.545455,3.3636,0.8588,0.9941,1.8219
"D=1, pink",D10_pink,LSTM_v2,1011,100,176,66,1.0,0.375,0.545455,3.3636,,,1.8219
"D=1, pink",D10_pink,LSTM_v2,1012,25,207,70,0.971429,0.328502,0.490975,2.1176,0.8133,0.9383,1.8935
"D=1, pink",D10_pink,LSTM_v2,1012,50,207,70,0.985714,0.333333,0.498195,2.7391,0.654,0.9737,1.8935
"D=1, pink",D10_pink,LSTM_v2,1012,100,207,70,1.0,0.338164,0.505415,3.4857,,,1.8935
"D=1, pink",D10_pink,LSTM_v2,1013,25,172,59,0.983051,0.337209,0.502165,1.8448,0.8896,0.9751,1.9625
"D=1, pink",D10_pink,LSTM_v2,1013,50,172,59,1.0,0.343023,0.510823,2.2542,0.9448,0.9975,1.9625
"D=1, pink",D10_pink,LSTM_v2,1013,100,172,59,1.0,0.343023,0.510823,2.2542,,,1.9625
"D=1, pink",D10_pink,LSTM_v2,1014,25,184,59,0.966102,0.309783,0.469136,1.8421,0.8726,0.9443,1.3322
"D=1, pink",D10_pink,LSTM_v2,1014,50,184,59,0.983051,0.315217,0.477366,2.5345,0.8456,0.9798,1.3322
"D=1, pink",D10_pink,LSTM_v2,1014,100,184,59,1.0,0.320652,0.485597,3.3559,,,1.3322
"D=1, pink",D10_pink,LSTM_v2,1015,25,169,70,1.0,0.414201,0.585774,2.8429,0.8739,0.9683,2.0853
"D=1, pink",D10_pink,LSTM_v2,1015,50,169,70,1.0,0.414201,0.585774,2.8429,0.8572,0.9876,2.0853
"D=1, pink",D10_pink,LSTM_v2,1015,100,169,70,1.0,0.414201,0.585774,2.8429,,,2.0853
"D=1, pink",D10_pink,LSTM_v2,1016,25,181,68,0.985294,0.370166,0.538153,3.2239,0.8925,0.9762,3.811
"D=1, pink",D10_pink,LSTM_v2,1016,50,181,68,0.985294,0.370166,0.538153,3.2239,0.9687,0.9985,3.811
"D=1, pink",D10_pink,LSTM_v2,1016,100,181,68,1.0,0.375691,0.546185,4.2059,,,3.811
"D=1, pink",D10_pink,LSTM_v2,1017,25,175,64,1.0,0.365714,0.535565,2.0625,0.8545,0.9812,3.8068
"D=1, pink",D10_pink,LSTM_v2,1017,50,175,64,1.0,0.365714,0.535565,2.0625,,,3.8068
"D=1, pink",D10_pink,LSTM_v2,1017,100,175,64,1.0,0.365714,0.535565,2.0625,,,3.8068
"D=1, pink",D10_pink,LSTM_v2,1018,25,197,72,1.0,0.365482,0.535316,1.9583,0.8554,0.9774,3.4353
"D=1, pink",D10_pink,LSTM_v2,1018,50,197,72,1.0,0.365482,0.535316,1.9583,0.7491,0.9895,3.4353
"D=1, pink",D10_pink,LSTM_v2,1018,100,197,72,1.0,0.365482,0.535316,1.9583,0.833,0.9984,3.4353
"D=1, pink",D10_pink,LSTM_v2,1019,25,188,75,0.986667,0.393617,0.562738,2.4595,0.8786,0.9805,2.3296
"D=1, pink",D10_pink,LSTM_v2,1019,50,188,75,1.0,0.398936,0.570342,2.9467,0.8812,0.9974,2.3296
"D=1, pink",D10_pink,LSTM_v2,1019,100,188,75,1.0,0.398936,0.570342,2.9467,,,2.3296
"D=1, pink",D10_pink,LSTM_v2,1020,25,177,70,0.957143,0.378531,0.54251,3.0,0.821,0.9463,3.7276
"D=1, pink",D10_pink,LSTM_v2,1020,50,177,70,1.0,0.39548,0.566802,4.5857,0.748,0.9841,3.7276
"D=1, pink",D10_pink,LSTM_v2,1020,100,177,70,1.0,0.39548,0.566802,4.5857,,,3.7276
"D=1, pink",D10_pink,LSTM_v2,1021,25,208,63,0.984127,0.298077,0.457565,1.6613,0.8887,0.9627,3.5538
"D=1, pink",D10_pink,LSTM_v2,1021,50,208,63,0.984127,0.298077,0.457565,1.6613,0.8699,0.9855,3.5538
"D=1, pink",D10_pink,LSTM_v2,1021,100,208,63,1.0,0.302885,0.464945,2.5556,,,3.5538
"D=1, pink",D10_pink,LSTM_v2,1022,25,179,72,0.986111,0.396648,0.565737,2.6901,0.8499,0.9563,4.1339
"D=1, pink",D10_pink,LSTM_v2,1022,50,179,72,1.0,0.402235,0.573705,3.3333,0.8651,0.9931,4.1339
"D=1, pink",D10_pink,LSTM_v2,1022,100,179,72,1.0,0.402235,0.573705,3.3333,,,4.1339
"D=1, pink",D10_pink,LSTM_v2,1023,25,185,62,1.0,0.335135,0.502024,2.0484,0.8657,0.9702,3.5554
"D=1, pink",D10_pink,LSTM_v2,1023,50,185,62,1.0,0.335135,0.502024,2.0484,0.8813,0.993,3.5554
"D=1, pink",D10_pink,LSTM_v2,1023,100,185,62,1.0,0.335135,0.502024,2.0484,,,3.5554
"D=1, pink",D10_pink,LSTM_v2,1024,25,192,71,0.971831,0.359375,0.524715,2.3478,0.8412,0.9646,2.9339
"D=1, pink",D10_pink,LSTM_v2,1024,50,192,71,1.0,0.369792,0.539924,3.4366,0.7905,0.9831,2.9339
"D=1, pink",D10_pink,LSTM_v2,1024,100,192,71,1.0,0.369792,0.539924,3.4366,0.8379,0.9974,2.9339
"D=1, pink",D10_pink,LSTM_v2,1025,25,186,74,0.986486,0.392473,0.561538,2.0137,0.8831,0.9796,2.8691
"D=1, pink",D10_pink,LSTM_v2,1025,50,186,74,0.986486,0.392473,0.561538,2.0137,0.7988,0.9917,2.8691
"D=1, pink",D10_pink,LSTM_v2,1025,100,186,74,1.0,0.397849,0.569231,2.7027,,,2.8691
"D=1, pink",D10_pink,LSTM_v2,1026,25,199,63,0.984127,0.311558,0.473282,2.2903,0.8817,0.9572,2.9377
"D=1, pink",D10_pink,LSTM_v2,1026,50,199,63,1.0,0.316583,0.480916,2.6984,0.7741,0.9694,2.9377
"D=1, pink",D10_pink,LSTM_v2,1026,100,199,63,1.0,0.316583,0.480916,2.6984,0.5144,0.9941,2.9377
"D=1, pink",D10_pink,LSTM_v2,1027,25,207,77,1.0,0.371981,0.542254,1.7922,0.8871,0.9802,2.88
"D=1, pink",D10_pink,LSTM_v2,1027,50,207,77,1.0,0.371981,0.542254,1.7922,0.8539,0.9953,2.88
"D=1, pink",D10_pink,LSTM_v2,1027,100,207,77,1.0,0.371981,0.542254,1.7922,,,2.88
"D=1, pink",D10_pink,LSTM_v2,1028,25,225,71,0.985915,0.311111,0.472973,1.5429,0.9211,0.9723,1.7387
"D=1, pink",D10_pink,LSTM_v2,1028,50,225,71,1.0,0.315556,0.47973,2.0423,0.8915,0.9799,1.7387
"D=1, pink",D10_pink,LSTM_v2,1028,100,225,71,1.0,0.315556,0.47973,2.0423,0.9192,0.9981,1.7387
"D=1, pink",D10_pink,LSTM_v2,1029,25,187,67,0.985075,0.352941,0.519685,1.6667,0.8537,0.9749,2.7628
"D=1, pink",D10_pink,LSTM_v2,1029,50,187,67,1.0,0.358289,0.527559,2.1642,0.7001,0.9969,2.7628
"D=1, pink",D10_pink,LSTM_v2,1029,100,187,67,1.0,0.358289,0.527559,2.1642,,,2.7628
"D=1, pink",D10_pink,LSTM_v2,1030,25,194,68,1.0,0.350515,0.519084,2.4706,0.8802,0.9785,2.7404
"D=1, pink",D10_pink,LSTM_v2,1030,50,194,68,1.0,0.350515,0.519084,2.4706,0.7298,0.9988,2.7404
"D=1, pink",D10_pink,LSTM_v2,1030,100,194,68,1.0,0.350515,0.519084,2.4706,,,2.7404
"D=1, pink",D10_pink,LSTM_v2,1031,25,223,80,0.9875,0.35426,0.521452,1.962,0.917,0.9896,1.4189
"D=1, pink",D10_pink,LSTM_v2,1031,50,223,80,1.0,0.358744,0.528053,2.3875,0.9776,0.9996,1.4189
"D=1, pink",D10_pink,LSTM_v2,1031,100,223,80,1.0,0.358744,0.528053,2.3875,,,1.4189
"D=1, pink",D10_pink,LSTM_v2,1032,25,199,65,0.984615,0.321608,0.484848,2.0156,0.8598,0.9555,0.8211
"D=1, pink",D10_pink,LSTM_v2,1032,50,199,65,1.0,0.326633,0.492424,2.6615,0.9046,0.9971,0.8211
"D=1, pink",D10_pink,LSTM_v2,1032,100,199,65,1.0,0.326633,0.492424,2.6615,,,0.8211
"D=1, pink",D10_pink,LSTM_v2,1033,25,173,74,0.972973,0.416185,0.582996,2.6667,0.8186,0.9755,1.3271
"D=1, pink",D10_pink,LSTM_v2,1033,50,173,74,0.972973,0.416185,0.582996,2.6667,0.5282,0.9914,1.3271
"D=1, pink",D10_pink,LSTM_v2,1033,100,173,74,1.0,0.427746,0.59919,4.0405,,,1.3271
"D=1, pink",D10_pink,LSTM_v2,1034,25,187,74,1.0,0.395722,0.56705,2.6351,0.8967,0.9823,0.9562
"D=1, pink",D10_pink,LSTM_v2,1034,50,187,74,1.0,0.395722,0.56705,2.6351,0.7909,0.9942,0.9562
"D=1, pink",D10_pink,LSTM_v2,1034,100,187,74,1.0,0.395722,0.56705,2.6351,,,0.9562
"D=1, pink",D10_pink,LSTM_v2,1035,25,193,70,1.0,0.362694,0.532319,1.9571,0.9165,0.9835,0.7427
"D=1, pink",D10_pink,LSTM_v2,1035,50,193,70,1.0,0.362694,0.532319,1.9571,0.8417,0.9967,0.7427
"D=1, pink",D10_pink,LSTM_v2,1035,100,193,70,1.0,0.362694,0.532319,1.9571,,,0.7427
"D=1, pink",D10_pink,LSTM_v2,1036,25,208,73,0.986301,0.346154,0.512456,1.9167,0.8564,0.9729,2.1323
"D=1, pink",D10_pink,LSTM_v2,1036,50,208,73,0.986301,0.346154,0.512456,1.9167,0.8002,0.9957,2.1323
"D=1, pink",D10_pink,LSTM_v2,1036,100,208,73,1.0,0.350962,0.519573,2.589,,,2.1323
"D=1, pink",D10_pink,LSTM_v2,1037,25,172,70,0.928571,0.377907,0.53719,2.4462,0.886,0.9616,2.2092
"D=1, pink",D10_pink,LSTM_v2,1037,50,172,70,0.971429,0.395349,0.561983,4.1765,0.7531,0.9776,2.2092
"D=1, pink",D10_pink,LSTM_v2,1037,100,172,70,1.0,0.406977,0.578512,5.8,,,2.2092
"D=1, pink",D10_pink,LSTM_v2,1038,25,184,65,0.953846,0.336957,0.497992,1.7742,0.8164,0.9546,1.237
"D=1, pink",D10_pink,LSTM_v2,1038,50,184,65,0.984615,0.347826,0.514056,3.0625,0.5258,0.9842,1.237
"D=1, pink",D10_pink,LSTM_v2,1038,100,184,65,1.0,0.353261,0.522088,4.1385,,,1.237
"D=1, pink",D10_pink,LSTM_v2,1039,25,183,73,0.931507,0.371585,0.53125,2.3971,0.79,0.9313,1.884
"D=1, pink",D10_pink,LSTM_v2,1039,50,183,73,0.931507,0.371585,0.53125,2.3971,0.7037,0.9537,1.884
"D=1, pink",D10_pink,LSTM_v2,1039,100,183,73,0.958904,0.382514,0.546875,3.9,0.5082,0.9895,1.884
"D=1, pink",D10_pink,LSTM_v2,1040,25,176,58,0.948276,0.3125,0.470085,2.1636,0.8711,0.938,2.0028
"D=1, pink",D10_pink,LSTM_v2,1040,50,176,58,0.948276,0.3125,0.470085,2.1636,0.7669,0.9593,2.0028
"D=1, pink",D10_pink,LSTM_v2,1040,100,176,58,1.0,0.329545,0.495726,6.0862,0.5855,0.9986,2.0028
"D=1, pink",D10_pink,LSTM_v2,1041,25,184,73,0.958904,0.380435,0.544747,2.8429,0.901,0.9644,2.1287
"D=1, pink",D10_pink,LSTM_v2,1041,50,184,73,0.972603,0.38587,0.552529,3.4648,0.8392,0.9724,2.1287
"D=1, pink",D10_pink,LSTM_v2,1041,100,184,73,1.0,0.396739,0.568093,5.7123,,,2.1287
"D=1, pink",D10_pink,LSTM_v2,1042,25,190,71,0.929577,0.347368,0.505747,2.1818,0.8452,0.9573,1.1762
"D=1, pink",D10_pink,LSTM_v2,1042,50,190,71,0.971831,0.363158,0.528736,3.6522,0.7949,0.9762,1.1762
"D=1, pink",D10_pink,LSTM_v2,1042,100,190,71,1.0,0.373684,0.544061,5.6901,0.9476,0.9988,1.1762
"D=1, pink",D10_pink,LSTM_v2,1043,25,200,74,1.0,0.37,0.540146,1.527,0.9178,0.9831,1.9386
"D=1, pink",D10_pink,LSTM_v2,1043,50,200,74,1.0,0.37,0.540146,1.527,0.9004,0.9939,1.9386
"D=1, pink",D10_pink,LSTM_v2,1043,100,200,74,1.0,0.37,0.540146,1.527,0.9216,1.0,1.9386
"D=1, pink",D10_pink,LSTM_v2,1044,25,204,77,0.987013,0.372549,0.540925,2.0263,0.879,0.9673,2.105
"D=1, pink",D10_pink,LSTM_v2,1044,50,204,77,1.0,0.377451,0.548043,2.6104,0.8248,0.9785,2.105
"D=1, pink",D10_pink,LSTM_v2,1044,100,204,77,1.0,0.377451,0.548043,2.6104,0.8196,0.9976,2.105
"D=1, pink",D10_pink,LSTM_v2,1045,25,180,61,1.0,0.338889,0.506224,1.541,0.8483,0.9662,1.9376
"D=1, pink",D10_pink,LSTM_v2,1045,50,180,61,1.0,0.338889,0.506224,1.541,0.807,0.9935,1.9376
"D=1, pink",D10_pink,LSTM_v2,1045,100,180,61,1.0,0.338889,0.506224,1.541,0.8832,0.9998,1.9376
"D=1, pink",D10_pink,LSTM_v2,1046,25,215,76,0.973684,0.344186,0.508591,1.7973,0.8824,0.966,0.7398
"D=1, pink",D10_pink,LSTM_v2,1046,50,215,76,0.986842,0.348837,0.515464,2.36,0.7876,0.9835,0.7398
"D=1, pink",D10_pink,LSTM_v2,1046,100,215,76,1.0,0.353488,0.522337,3.1842,,,0.7398
"D=1, pink",D10_pink,LSTM_v2,1047,25,199,62,1.0,0.311558,0.475096,1.4355,0.8672,0.955,1.6549
"D=1, pink",D10_pink,LSTM_v2,1047,50,199,62,1.0,0.311558,0.475096,1.4355,0.81,0.9784,1.6549
"D=1, pink",D10_pink,LSTM_v2,1047,100,199,62,1.0,0.311558,0.475096,1.4355,,,1.6549
"D=1, pink",D10_pink,LSTM_v2,1048,25,215,70,1.0,0.325581,0.491228,1.9286,0.896,0.9727,2.1482
"D=1, pink",D10_pink,LSTM_v2,1048,50,215,70,1.0,0.325581,0.491228,1.9286,0.8462,0.9825,2.1482
"D=1, pink",D10_pink,LSTM_v2,1048,100,215,70,1.0,0.325581,0.491228,1.9286,,,2.1482
"D=1, pink",D10_pink,LSTM_v2,1049,25,203,68,0.970588,0.325123,0.487085,1.3939,0.8528,0.9607,2.0608
"D=1, pink",D10_pink,LSTM_v2,1049,50,203,68,0.985294,0.330049,0.494465,1.9403,0.763,0.9884,2.0608
"D=1, pink",D10_pink,LSTM_v2,1049,100,203,68,1.0,0.334975,0.501845,3.0735,,,2.0608
"D=1.5, white",D15_white,LSTM_v2,1000,25,121,61,0.967213,0.487603,0.648352,3.4576,0.8798,0.9744,1.5256
"D=1.5, white",D15_white,LSTM_v2,1000,50,121,61,0.967213,0.487603,0.648352,3.4576,0.9031,0.9949,1.5256
"D=1.5, white",D15_white,LSTM_v2,1000,100,121,61,1.0,0.504132,0.67033,5.5082,,,1.5256
"D=1.5, white",D15_white,LSTM_v2,1001,25,116,55,0.927273,0.439655,0.596491,3.4902,0.7814,0.9548,1.9614
"D=1.5, white",D15_white,LSTM_v2,1001,50,116,55,0.963636,0.456897,0.619883,4.434,0.5987,0.9967,1.9614
"D=1.5, white",D15_white,LSTM_v2,1001,100,116,55,1.0,0.474138,0.643275,7.0909,,,1.9614
"D=1.5, white",D15_white,LSTM_v2,1002,25,106,53,0.943396,0.471698,0.628931,4.48,0.8298,0.9641,2.1295
"D=1.5, white",D15_white,LSTM_v2,1002,50,106,53,0.981132,0.490566,0.654088,5.4808,0.9497,0.9986,2.1295
"D=1.5, white",D15_white,LSTM_v2,1002,100,106,53,1.0,0.5,0.666667,7.0566,,,2.1295
"D=1.5, white",D15_white,LSTM_v2,1003,25,107,44,0.954545,0.392523,0.556291,3.4524,0.7992,0.9527,1.991
"D=1.5, white",D15_white,LSTM_v2,1003,50,107,44,1.0,0.411215,0.582781,4.8409,0.9676,0.9995,1.991
"D=1.5, white",D15_white,LSTM_v2,1003,100,107,44,1.0,0.411215,0.582781,4.8409,,,1.991
"D=1.5, white",D15_white,LSTM_v2,1004,25,133,59,0.932203,0.413534,0.572917,3.7091,0.7866,0.9784,0.8578
"D=1.5, white",D15_white,LSTM_v2,1004,50,133,59,0.966102,0.428571,0.59375,4.9298,,,0.8578
"D=1.5, white",D15_white,LSTM_v2,1004,100,133,59,1.0,0.443609,0.614583,6.8644,,,0.8578
"D=1.5, white",D15_white,LSTM_v2,1005,25,93,50,0.96,0.516129,0.671329,3.8125,0.7963,0.9481,1.1379
"D=1.5, white",D15_white,LSTM_v2,1005,50,93,50,0.98,0.526882,0.685315,4.6939,0.9061,0.9985,1.1379
"D=1.5, white",D15_white,LSTM_v2,1005,100,93,50,1.0,0.537634,0.699301,5.64,,,1.1379
"D=1.5, white",D15_white,LSTM_v2,1006,25,121,48,0.979167,0.38843,0.556213,3.0426,0.8447,0.9706,0.9976
"D=1.5, white",D15_white,LSTM_v2,1006,50,121,48,1.0,0.396694,0.568047,3.5417,0.9245,0.9991,0.9976
"D=1.5, white",D15_white,LSTM_v2,1006,100,121,48,1.0,0.396694,0.568047,3.5417,,,0.9976
"D=1.5, white",D15_white,LSTM_v2,1007,25,102,58,0.982759,0.558824,0.7125,4.4561,0.8092,0.9519,0.7787
"D=1.5, white",D15_white,LSTM_v2,1007,50,102,58,1.0,0.568627,0.725,4.931,0.9104,0.9984,0.7787
"D=1.5, white",D15_white,LSTM_v2,1007,100,102,58,1.0,0.568627,0.725,4.931,,,0.7787
"D=1.5, white",D15_white,LSTM_v2,1008,25,117,66,0.893939,0.504274,0.644809,3.9661,0.8345,0.9534,0.8452
"D=1.5, white",D15_white,LSTM_v2,1008,50,117,66,0.984848,0.555556,0.710383,7.0308,0.9462,0.9955,0.8452
"D=1.5, white",D15_white,LSTM_v2,1008,100,117,66,1.0,0.564103,0.721311,7.8182,0.8265,0.9976,0.8452
"D=1.5, white",D15_white,LSTM_v2,1009,25,112,52,0.942308,0.4375,0.597561,3.6122,0.7321,0.9556,1.1909
"D=1.5, white",D15_white,LSTM_v2,1009,50,112,52,0.942308,0.4375,0.597561,3.6122,0.7044,0.9899,1.1909
"D=1.5, white",D15_white,LSTM_v2,1009,100,112,52,0.961538,0.446429,0.609756,5.38,,,1.1909
"D=1.5, white",D15_white,LSTM_v2,1010,25,123,59,0.966102,0.463415,0.626374,3.614,0.8792,0.9733,1.2947
"D=1.5, white",D15_white,LSTM_v2,1010,50,123,59,0.983051,0.471545,0.637363,4.2759,0.9443,0.9981,1.2947
"D=1.5, white",D15_white,LSTM_v2,1010,100,123,59,0.983051,0.471545,0.637363,4.2759,,,1.2947
"D=1.5, white",D15_white,LSTM_v2,1011,25,121,63,0.984127,0.512397,0.673913,3.6935,0.8658,0.9824,0.7452
"D=1.5, white",D15_white,LSTM_v2,1011,50,121,63,1.0,0.520661,0.684783,4.2857,0.9363,0.9984,0.7452
"D=1.5, white",D15_white,LSTM_v2,1011,100,121,63,1.0,0.520661,0.684783,4.2857,,,0.7452
"D=1.5, white",D15_white,LSTM_v2,1012,25,107,48,0.958333,0.429907,0.593548,2.5217,0.8231,0.9554,0.909
"D=1.5, white",D15_white,LSTM_v2,1012,50,107,48,0.979167,0.439252,0.606452,3.4894,0.847,0.995,0.909
"D=1.5, white",D15_white,LSTM_v2,1012,100,107,48,1.0,0.448598,0.619355,4.5417,,,0.909
"D=1.5, white",D15_white,LSTM_v2,1013,25,106,46,0.913043,0.396226,0.552632,3.3333,0.7821,0.9337,1.2192
"D=1.5, white",D15_white,LSTM_v2,1013,50,106,46,0.934783,0.40566,0.565789,4.093,0.8029,0.9919,1.2192
"D=1.5, white",D15_white,LSTM_v2,1013,100,106,46,1.0,0.433962,0.605263,7.8696,,,1.2192
"D=1.5, white",D15_white,LSTM_v2,1014,25,101,49,0.918367,0.445545,0.6,3.6,0.7707,0.944,0.9331
"D=1.5, white",D15_white,LSTM_v2,1014,50,101,49,0.979592,0.475248,0.64,5.7083,0.806,0.9912,0.9331
"D=1.5, white",D15_white,LSTM_v2,1014,100,101,49,1.0,0.485149,0.653333,7.3673,,,0.9331
"D=1.5, white",D15_white,LSTM_v2,1015,25,110,46,0.978261,0.409091,0.576923,3.8,0.798,0.9527,0.5429
"D=1.5, white",D15_white,LSTM_v2,1015,50,110,46,1.0,0.418182,0.589744,4.3696,0.8102,0.9987,0.5429
"D=1.5, white",D15_white,LSTM_v2,1015,100,110,46,1.0,0.418182,0.589744,4.3696,,,0.5429
"D=1.5, white",D15_white,LSTM_v2,1016,25,111,57,0.964912,0.495495,0.654762,3.4727,0.8719,0.9791,1.3163
"D=1.5, white",D15_white,LSTM_v2,1016,50,111,57,1.0,0.513514,0.678571,4.3509,0.7584,0.9915,1.3163
"D=1.5, white",D15_white,LSTM_v2,1016,100,111,57,1.0,0.513514,0.678571,4.3509,,,1.3163
"D=1.5, white",D15_white,LSTM_v2,1017,25,110,53,0.90566,0.436364,0.588957,3.9167,0.8008,0.9586,1.1283
"D=1.5, white",D15_white,LSTM_v2,1017,50,110,53,0.981132,0.472727,0.638037,6.2692,0.8688,0.997,1.1283
"D=1.5, white",D15_white,LSTM_v2,1017,100,110,53,1.0,0.481818,0.650307,8.0189,,,1.1283
"D=1.5, white",D15_white,LSTM_v2,1018,25,117,60,0.95,0.487179,0.644068,4.0526,0.7849,0.9725,0.7128
"D=1.5, white",D15_white,LSTM_v2,1018,50,117,60,0.983333,0.504274,0.666667,5.4237,0.9244,0.9998,0.7128
"D=1.5, white",D15_white,LSTM_v2,1018,100,117,60,1.0,0.512821,0.677966,6.2333,,,0.7128
"D=1.5, white",D15_white,LSTM_v2,1019,25,111,52,1.0,0.468468,0.638037,2.9423,0.8205,0.9577,1.1848
"D=1.5, white",D15_white,LSTM_v2,1019,50,111,52,1.0,0.468468,0.638037,2.9423,0.6386,0.9908,1.1848
"D=1.5, white",D15_white,LSTM_v2,1019,100,111,52,1.0,0.468468,0.638037,2.9423,,,1.1848
"D=1.5, white",D15_white,LSTM_v2,1020,25,119,48,0.958333,0.386555,0.550898,3.0,0.8354,0.9668,0.9401
"D=1.5, white",D15_white,LSTM_v2,1020,50,119,48,1.0,0.403361,0.57485,4.4792,0.884,0.9941,0.9401
"D=1.5, white",D15_white,LSTM_v2,1020,100,119,48,1.0,0.403361,0.57485,4.4792,,,0.9401
"D=1.5, white",D15_white,LSTM_v2,1021,25,117,55,0.963636,0.452991,0.616279,4.434,0.8633,0.9654,0.8325
"D=1.5, white",D15_white,LSTM_v2,1021,50,117,55,0.981818,0.461538,0.627907,5.037,0.9501,0.9977,0.8325
"D=1.5, white",D15_white,LSTM_v2,1021,100,117,55,0.981818,0.461538,0.627907,5.037,,,0.8325
"D=1.5, white",D15_white,LSTM_v2,1022,25,124,55,0.963636,0.427419,0.592179,3.0943,0.7161,0.9503,0.5802
"D=1.5, white",D15_white,LSTM_v2,1022,50,124,55,0.963636,0.427419,0.592179,3.0943,0.8289,0.9999,0.5802
"D=1.5, white",D15_white,LSTM_v2,1022,100,124,55,1.0,0.443548,0.614525,5.4909,,,0.5802
"D=1.5, white",D15_white,LSTM_v2,1023,25,115,43,0.976744,0.365217,0.531646,3.6667,0.8758,0.9649,1.0299
"D=1.5, white",D15_white,LSTM_v2,1023,50,115,43,0.976744,0.365217,0.531646,3.6667,0.9696,0.9976,1.0299
"D=1.5, white",D15_white,LSTM_v2,1023,100,115,43,1.0,0.373913,0.544304,5.0698,0.8664,0.9993,1.0299
"D=1.5, white",D15_white,LSTM_v2,1024,25,101,54,0.944444,0.50495,0.658065,4.2549,0.8319,0.9619,1.0107
"D=1.5, white",D15_white,LSTM_v2,1024,50,101,54,1.0,0.534653,0.696774,6.1296,0.897,0.9992,1.0107
"D=1.5, white",D15_white,LSTM_v2,1024,100,101,54,1.0,0.534653,0.696774,6.1296,,,1.0107
"D=1.5, white",D15_white,LSTM_v2,1025,25,103,55,0.890909,0.475728,0.620253,4.7143,0.7297,0.942,0.7624
"D=1.5, white",D15_white,LSTM_v2,1025,50,103,55,0.963636,0.514563,0.670886,6.9245,0.8189,0.9973,0.7624
"D=1.5, white",D15_white,LSTM_v2,1025,100,103,55,1.0,0.533981,0.696203,8.8909,,,0.7624
"D=1.5, white",D15_white,LSTM_v2,1026,25,100,43,0.953488,0.41,0.573427,3.878,0.8106,0.9483,1.365
"D=1.5, white",D15_white,LSTM_v2,1026,50,100,43,0.976744,0.42,0.587413,4.6429,0.9335,0.9991,1.365
"D=1.5, white",D15_white,LSTM_v2,1026,100,100,43,1.0,0.43,0.601399,6.2326,,,1.365
"D=1.5, white",D15_white,LSTM_v2,1027,25,106,45,0.955556,0.40566,0.569536,3.3488,0.8368,0.9508,1.1066
"D=1.5, white",D15_white,LSTM_v2,1027,50,106,45,1.0,0.424528,0.596026,4.8667,0.8437,0.9891,1.1066
"D=1.5, white",D15_white,LSTM_v2,1027,100,106,45,1.0,0.424528,0.596026,4.8667,,,1.1066
"D=1.5, white",D15_white,LSTM_v2,1028,25,122,52,0.980769,0.418033,0.586207,3.902,0.794,0.9499,0.5207
"D=1.5, white",D15_white,LSTM_v2,1028,50,122,52,0.980769,0.418033,0.586207,3.902,0.7751,0.9892,0.5207
"D=1.5, white",D15_white,LSTM_v2,1028,100,122,52,1.0,0.42623,0.597701,4.8077,,,0.5207
"D=1.5, white",D15_white,LSTM_v2,1029,25,111,46,1.0,0.414414,0.585987,3.3913,0.802,0.953,1.3631
"D=1.5, white",D15_white,LSTM_v2,1029,50,111,46,1.0,0.414414,0.585987,3.3913,0.6284,0.9938,1.3631
"D=1.5, white",D15_white,LSTM_v2,1029,100,111,46,1.0,0.414414,0.585987,3.3913,,,1.3631
"D=1.5, white",D15_white,LSTM_v2,1030,25,127,59,0.983051,0.456693,0.623656,3.3966,0.8803,0.9872,1.192
"D=1.5, white",D15_white,LSTM_v2,1030,50,127,59,1.0,0.464567,0.634409,4.1525,,,1.192
"D=1.5, white",D15_white,LSTM_v2,1030,100,127,59,1.0,0.464567,0.634409,4.1525,,,1.192
"D=1.5, white",D15_white,LSTM_v2,1031,25,154,51,0.960784,0.318182,0.478049,3.4898,0.6946,0.9744,0.7158
"D=1.5, white",D15_white,LSTM_v2,1031,50,154,51,1.0,0.331169,0.497561,4.7451,,,0.7158
"D=1.5, white",D15_white,LSTM_v2,1031,100,154,51,1.0,0.331169,0.497561,4.7451,,,0.7158
"D=1.5, white",D15_white,LSTM_v2,1032,25,112,49,0.938776,0.410714,0.571429,2.6739,0.6702,0.9411,0.9606
"D=1.5, white",D15_white,LSTM_v2,1032,50,112,49,0.979592,0.428571,0.596273,4.0833,,,0.9606
"D=1.5, white",D15_white,LSTM_v2,1032,100,112,49,1.0,0.4375,0.608696,5.3673,,,0.9606
"D=1.5, white",D15_white,LSTM_v2,1033,25,101,52,1.0,0.514851,0.679739,3.8654,0.8738,0.9657,1.2428
"D=1.5, white",D15_white,LSTM_v2,1033,50,101,52,1.0,0.514851,0.679739,3.8654,0.9871,0.9995,1.2428
"D=1.5, white",D15_white,LSTM_v2,1033,100,101,52,1.0,0.514851,0.679739,3.8654,,,1.2428
"D=1.5, white",D15_white,LSTM_v2,1034,25,125,44,0.977273,0.344,0.508876,3.7907,0.8263,0.9771,0.9119
"D=1.5, white",D15_white,LSTM_v2,1034,50,125,44,1.0,0.352,0.52071,4.6591,0.8773,0.9972,0.9119
"D=1.5, white",D15_white,LSTM_v2,1034,100,125,44,1.0,0.352,0.52071,4.6591,,,0.9119
"D=1.5, white",D15_white,LSTM_v2,1035,25,107,51,1.0,0.476636,0.64557,3.098,0.7988,0.9645,0.8416
"D=1.5, white",D15_white,LSTM_v2,1035,50,107,51,1.0,0.476636,0.64557,3.098,0.8581,0.9991,0.8416
"D=1.5, white",D15_white,LSTM_v2,1035,100,107,51,1.0,0.476636,0.64557,3.098,,,0.8416
"D=1.5, white",D15_white,LSTM_v2,1036,25,116,56,0.910714,0.439655,0.593023,2.8235,0.8714,0.977,1.1251
"D=1.5, white",D15_white,LSTM_v2,1036,50,116,56,0.982143,0.474138,0.639535,5.1091,0.9698,0.999,1.1251
"D=1.5, white",D15_white,LSTM_v2,1036,100,116,56,1.0,0.482759,0.651163,6.2321,,,1.1251
"D=1.5, white",D15_white,LSTM_v2,1037,25,112,51,0.980392,0.446429,0.613497,3.84,0.8459,0.9584,1.1417
"D=1.5, white",D15_white,LSTM_v2,1037,50,112,51,1.0,0.455357,0.625767,4.3333,0.7858,0.9939,1.1417
"D=1.5, white",D15_white,LSTM_v2,1037,100,112,51,1.0,0.455357,0.625767,4.3333,,,1.1417
"D=1.5, white",D15_white,LSTM_v2,1038,25,130,63,0.952381,0.461538,0.621762,3.2167,0.8346,0.9731,0.7276
"D=1.5, white",D15_white,LSTM_v2,1038,50,130,63,0.968254,0.469231,0.632124,3.8033,0.7542,0.9985,0.7276
"D=1.5, white",D15_white,LSTM_v2,1038,100,130,63,1.0,0.484615,0.65285,5.5079,,,0.7276
"D=1.5, white",D15_white,LSTM_v2,1039,25,105,54,0.907407,0.466667,0.616352,3.6939,0.8146,0.9556,1.2435
"D=1.5, white",D15_white,LSTM_v2,1039,50,105,54,0.944444,0.485714,0.641509,4.7059,0.9324,0.998,1.2435
"D=1.5, white",D15_white,LSTM_v2,1039,100,105,54,0.962963,0.495238,0.654088,5.7692,,,1.2435
"D=1.5, white",D15_white,LSTM_v2,1040,25,113,45,1.0,0.39823,0.56962,3.1556,0.8035,0.9494,1.0464
"D=1.5, white",D15_white,LSTM_v2,1040,50,113,45,1.0,0.39823,0.56962,3.1556,0.9111,0.9982,1.0464
"D=1.5, white",D15_white,LSTM_v2,1040,100,113,45,1.0,0.39823,0.56962,3.1556,,,1.0464
"D=1.5, white",D15_white,LSTM_v2,1041,25,133,50,1.0,0.37594,0.546448,3.12,0.8088,0.9751,0.9185
"D=1.5, white",D15_white,LSTM_v2,1041,50,133,50,1.0,0.37594,0.546448,3.12,0.9964,1.0,0.9185
"D=1.5, white",D15_white,LSTM_v2,1041,100,133,50,1.0,0.37594,0.546448,3.12,,,0.9185
"D=1.5, white",D15_white,LSTM_v2,1042,25,127,63,0.936508,0.464567,0.621053,4.0847,0.8395,0.9774,0.8315
"D=1.5, white",D15_white,LSTM_v2,1042,50,127,63,0.952381,0.472441,0.631579,4.8,0.9399,0.9973,0.8315
"D=1.5, white",D15_white,LSTM_v2,1042,100,127,63,0.984127,0.488189,0.652632,6.7097,,,0.8315
"D=1.5, white",D15_white,LSTM_v2,1043,25,123,46,0.978261,0.365854,0.532544,3.2222,0.7799,0.955,1.2661
"D=1.5, white",D15_white,LSTM_v2,1043,50,123,46,1.0,0.373984,0.544379,4.2391,0.8512,0.9975,1.2661
"D=1.5, white",D15_white,LSTM_v2,1043,100,123,46,1.0,0.373984,0.544379,4.2391,,,1.2661
"D=1.5, white",D15_white,LSTM_v2,1044,25,101,51,0.921569,0.465347,0.618421,3.7872,0.7412,0.939,1.0368
"D=1.5, white",D15_white,LSTM_v2,1044,50,101,51,1.0,0.50495,0.671053,6.902,0.7443,0.9982,1.0368
"D=1.5, white",D15_white,LSTM_v2,1044,100,101,51,1.0,0.50495,0.671053,6.902,,,1.0368
"D=1.5, white",D15_white,LSTM_v2,1045,25,113,50,0.96,0.424779,0.588957,2.9375,0.8376,0.9636,0.6407
"D=1.5, white",D15_white,LSTM_v2,1045,50,113,50,0.98,0.433628,0.601227,3.7143,0.8852,0.9935,0.6407
"D=1.5, white",D15_white,LSTM_v2,1045,100,113,50,1.0,0.442478,0.613497,5.28,,,0.6407
"D=1.5, white",D15_white,LSTM_v2,1046,25,124,60,0.983333,0.475806,0.641304,4.0847,0.796,0.9784,1.2172
"D=1.5, white",D15_white,LSTM_v2,1046,50,124,60,0.983333,0.475806,0.641304,4.0847,,,1.2172
"D=1.5, white",D15_white,LSTM_v2,1046,100,124,60,1.0,0.483871,0.652174,4.8833,,,1.2172
"D=1.5, white",D15_white,LSTM_v2,1047,25,111,47,0.93617,0.396396,0.556962,3.6591,0.7303,0.9277,1.0405
"D=1.5, white",D15_white,LSTM_v2,1047,50,111,47,0.93617,0.396396,0.556962,3.6591,0.8473,0.9977,1.0405
"D=1.5, white",D15_white,LSTM_v2,1047,100,111,47,1.0,0.423423,0.594937,8.1915,,,1.0405
"D=1.5, white",D15_white,LSTM_v2,1048,25,134,49,0.938776,0.343284,0.502732,3.4348,0.7934,0.9612,0.8662
"D=1.5, white",D15_white,LSTM_v2,1048,50,134,49,1.0,0.365672,0.535519,5.6735,0.9277,0.9992,0.8662
"D=1.5, white",D15_white,LSTM_v2,1048,100,134,49,1.0,0.365672,0.535519,5.6735,,,0.8662
"D=1.5, white",D15_white,LSTM_v2,1049,25,123,61,0.901639,0.447154,0.597826,3.8364,0.7434,0.9505,0.787
"D=1.5, white",D15_white,LSTM_v2,1049,50,123,61,0.983607,0.487805,0.652174,6.35,0.9253,0.998,0.787
"D=1.5, white",D15_white,LSTM_v2,1049,100,123,61,0.983607,0.487805,0.652174,6.35,,,0.787
"D=0.5, white",D05_white,GP,1000,25,5,1,1.0,0.2,0.333333,8.0,,,2.6355
"D=0.5, white",D05_white,GP,1000,50,5,1,1.0,0.2,0.333333,8.0,,,2.6355
"D=0.5, white",D05_white,GP,1000,100,5,1,1.0,0.2,0.333333,8.0,,,2.6355
"D=0.5, white",D05_white,GP,1001,25,1,1,0.0,0.0,0.0,9999.0,,,2.5272
"D=0.5, white",D05_white,GP,1001,50,1,1,0.0,0.0,0.0,9999.0,,,2.5272
"D=0.5, white",D05_white,GP,1001,100,1,1,0.0,0.0,0.0,9999.0,,,2.5272
"D=0.5, white",D05_white,GP,1002,25,1,1,0.0,0.0,0.0,9999.0,,,2.4189
"D=0.5, white",D05_white,GP,1002,50,1,1,0.0,0.0,0.0,9999.0,,,2.4189
"D=0.5, white",D05_white,GP,1002,100,1,1,0.0,0.0,0.0,9999.0,,,2.4189
"D=0.5, white",D05_white,GP,1003,25,3,1,0.0,0.0,0.0,9999.0,,,2.8118
"D=0.5, white",D05_white,GP,1003,50,3,1,0.0,0.0,0.0,9999.0,,,2.8118
"D=0.5, white",D05_white,GP,1003,100,3,1,0.0,0.0,0.0,9999.0,,,2.8118
"D=0.5, white",D05_white,GP,1004,25,3,1,0.0,0.0,0.0,9999.0,,,3.3902
"D=0.5, white",D05_white,GP,1004,50,3,1,0.0,0.0,0.0,9999.0,,,3.3902
"D=0.5, white",D05_white,GP,1004,100,3,1,0.0,0.0,0.0,9999.0,,,3.3902
"D=0.5, white",D05_white,GP,1005,25,3,1,1.0,0.333333,0.5,2.0,,,3.1605
"D=0.5, white",D05_white,GP,1005,50,3,1,1.0,0.333333,0.5,2.0,,,3.1605
"D=0.5, white",D05_white,GP,1005,100,3,1,1.0,0.333333,0.5,2.0,,,3.1605
"D=0.5, white",D05_white,GP,1006,25,1,1,0.0,0.0,0.0,9999.0,,,3.3155
"D=0.5, white",D05_white,GP,1006,50,1,1,0.0,0.0,0.0,9999.0,,,3.3155
"D=0.5, white",D05_white,GP,1006,100,1,1,0.0,0.0,0.0,9999.0,,,3.3155
"D=0.5, white",D05_white,GP,1007,25,1,1,0.0,0.0,0.0,9999.0,,,2.5842
"D=0.5, white",D05_white,GP,1007,50,1,1,0.0,0.0,0.0,9999.0,,,2.5842
"D=0.5, white",D05_white,GP,1007,100,1,1,0.0,0.0,0.0,9999.0,,,2.5842
"D=0.5, white",D05_white,GP,1008,25,3,1,1.0,0.333333,0.5,1.0,,,2.712
"D=0.5, white",D05_white,GP,1008,50,3,1,1.0,0.333333,0.5,1.0,,,2.712
"D=0.5, white",D05_white,GP,1008,100,3,1,1.0,0.333333,0.5,1.0,,,2.712
"D=0.5, white",D05_white,GP,1009,25,3,1,0.0,0.0,0.0,9999.0,,,3.0626
"D=0.5, white",D05_white,GP,1009,50,3,1,0.0,0.0,0.0,9999.0,,,3.0626
"D=0.5, white",D05_white,GP,1009,100,3,1,0.0,0.0,0.0,9999.0,,,3.0626
"D=0.5, white",D05_white,GP,1010,25,3,1,1.0,0.333333,0.5,1.0,,,2.7254
"D=0.5, white",D05_white,GP,1010,50,3,1,1.0,0.333333,0.5,1.0,,,2.7254
"D=0.5, white",D05_white,GP,1010,100,3,1,1.0,0.333333,0.5,1.0,,,2.7254
"D=0.5, white",D05_white,GP,1011,25,3,1,1.0,0.333333,0.5,25.0,,,3.3159
"D=0.5, white",D05_white,GP,1011,50,3,1,1.0,0.333333,0.5,25.0,,,3.3159
"D=0.5, white",D05_white,GP,1011,100,3,1,1.0,0.333333,0.5,25.0,,,3.3159
"D=0.5, white",D05_white,GP,1012,25,1,1,0.0,0.0,0.0,9999.0,,,6.1663
"D=0.5, white",D05_white,GP,1012,50,1,1,0.0,0.0,0.0,9999.0,,,6.1663
"D=0.5, white",D05_white,GP,1012,100,1,1,0.0,0.0,0.0,9999.0,,,6.1663
"D=0.5, white",D05_white,GP,1013,25,3,0,0.0,0.0,0.0,9999.0,,,2.6764
"D=0.5, white",D05_white,GP,1013,50,3,0,0.0,0.0,0.0,9999.0,,,2.6764
"D=0.5, white",D05_white,GP,1013,100,3,0,0.0,0.0,0.0,9999.0,,,2.6764
"D=0.5, white",D05_white,GP,1014,25,3,1,0.0,0.0,0.0,9999.0,,,2.9198
"D=0.5, white",D05_white,GP,1014,50,3,1,0.0,0.0,0.0,9999.0,,,2.9198
"D=0.5, white",D05_white,GP,1014,100,3,1,1.0,0.333333,0.5,64.0,,,2.9198
"D=0.5, white",D05_white,GP,1015,25,1,0,0.0,0.0,0.0,9999.0,,,2.9861
"D=0.5, white",D05_white,GP,1015,50,1,0,0.0,0.0,0.0,9999.0,,,2.9861
"D=0.5, white",D05_white,GP,1015,100,1,0,0.0,0.0,0.0,9999.0,,,2.9861
"D=0.5, white",D05_white,GP,1016,25,3,1,0.0,0.0,0.0,9999.0,,,2.4421
"D=0.5, white",D05_white,GP,1016,50,3,1,0.0,0.0,0.0,9999.0,,,2.4421
"D=0.5, white",D05_white,GP,1016,100,3,1,0.0,0.0,0.0,9999.0,,,2.4421
"D=0.5, white",D05_white,GP,1017,25,1,1,0.0,0.0,0.0,9999.0,,,2.7745
"D=0.5, white",D05_white,GP,1017,50,1,1,0.0,0.0,0.0,9999.0,,,2.7745
"D=0.5, white",D05_white,GP,1017,100,1,1,0.0,0.0,0.0,9999.0,,,2.7745
"D=0.5, white",D05_white,GP,1018,25,1,1,0.0,0.0,0.0,9999.0,,,2.7304
"D=0.5, white",D05_white,GP,1018,50,1,1,0.0,0.0,0.0,9999.0,,,2.7304
"D=0.5, white",D05_white,GP,1018,100,1,1,0.0,0.0,0.0,9999.0,,,2.7304
"D=0.5, white",D05_white,GP,1019,25,1,1,0.0,0.0,0.0,9999.0,,,2.2735
"D=0.5, white",D05_white,GP,1019,50,1,1,0.0,0.0,0.0,9999.0,,,2.2735
"D=0.5, white",D05_white,GP,1019,100,1,1,0.0,0.0,0.0,9999.0,,,2.2735
"D=0.5, white",D05_white,GP,1020,25,1,1,0.0,0.0,0.0,9999.0,,,2.3636
"D=0.5, white",D05_white,GP,1020,50,1,1,0.0,0.0,0.0,9999.0,,,2.3636
"D=0.5, white",D05_white,GP,1020,100,1,1,0.0,0.0,0.0,9999.0,,,2.3636
"D=0.5, white",D05_white,GP,1021,25,1,1,0.0,0.0,0.0,9999.0,,,2.6173
"D=0.5, white",D05_white,GP,1021,50,1,1,0.0,0.0,0.0,9999.0,,,2.6173
"D=0.5, white",D05_white,GP,1021,100,1,1,0.0,0.0,0.0,9999.0,,,2.6173
"D=0.5, white",D05_white,GP,1022,25,3,1,1.0,0.333333,0.5,3.0,,,2.4242
"D=0.5, white",D05_white,GP,1022,50,3,1,1.0,0.333333,0.5,3.0,,,2.4242
"D=0.5, white",D05_white,GP,1022,100,3,1,1.0,0.333333,0.5,3.0,,,2.4242
"D=0.5, white",D05_white,GP,1023,25,3,1,1.0,0.333333,0.5,6.0,,,2.99
"D=0.5, white",D05_white,GP,1023,50,3,1,1.0,0.333333,0.5,6.0,,,2.99
"D=0.5, white",D05_white,GP,1023,100,3,1,1.0,0.333333,0.5,6.0,,,2.99
"D=0.5, white",D05_white,GP,1024,25,5,1,1.0,0.2,0.333333,15.0,,,2.261
"D=0.5, white",D05_white,GP,1024,50,5,1,1.0,0.2,0.333333,15.0,,,2.261
"D=0.5, white",D05_white,GP,1024,100,5,1,1.0,0.2,0.333333,15.0,,,2.261
"D=0.5, white",D05_white,GP,1025,25,1,1,0.0,0.0,0.0,9999.0,,,2.5262
"D=0.5, white",D05_white,GP,1025,50,1,1,0.0,0.0,0.0,9999.0,,,2.5262
"D=0.5, white",D05_white,GP,1025,100,1,1,0.0,0.0,0.0,9999.0,,,2.5262
"D=0.5, white",D05_white,GP,1026,25,1,1,0.0,0.0,0.0,9999.0,,,2.7459
"D=0.5, white",D05_white,GP,1026,50,1,1,0.0,0.0,0.0,9999.0,,,2.7459
"D=0.5, white",D05_white,GP,1026,100,1,1,0.0,0.0,0.0,9999.0,,,2.7459
"D=0.5, white",D05_white,GP,1027,25,3,1,0.0,0.0,0.0,9999.0,,,2.3646
"D=0.5, white",D05_white,GP,1027,50,3,1,0.0,0.0,0.0,9999.0,,,2.3646
"D=0.5, white",D05_white,GP,1027,100,3,1,0.0,0.0,0.0,9999.0,,,2.3646
"D=0.5, white",D05_white,GP,1028,25,5,1,1.0,0.2,0.333333,17.0,,,3.0799
"D=0.5, white",D05_white,GP,1028,50,5,1,1.0,0.2,0.333333,17.0,,,3.0799
"D=0.5, white",D05_white,GP,1028,100,5,1,1.0,0.2,0.333333,17.0,,,3.0799
"D=0.5, white",D05_white,GP,1029,25,3,1,1.0,0.333333,0.5,5.0,,,2.1743
"D=0.5, white",D05_white,GP,1029,50,3,1,1.0,0.333333,0.5,5.0,,,2.1743
"D=0.5, white",D05_white,GP,1029,100,3,1,1.0,0.333333,0.5,5.0,,,2.1743
"D=0.5, white",D05_white,GP,1030,25,3,1,0.0,0.0,0.0,9999.0,,,2.1343
"D=0.5, white",D05_white,GP,1030,50,3,1,0.0,0.0,0.0,9999.0,,,2.1343
"D=0.5, white",D05_white,GP,1030,100,3,1,0.0,0.0,0.0,9999.0,,,2.1343
"D=0.5, white",D05_white,GP,1031,25,1,1,0.0,0.0,0.0,9999.0,,,2.1121
"D=0.5, white",D05_white,GP,1031,50,1,1,0.0,0.0,0.0,9999.0,,,2.1121
"D=0.5, white",D05_white,GP,1031,100,1,1,0.0,0.0,0.0,9999.0,,,2.1121
"D=0.5, white",D05_white,GP,1032,25,1,1,0.0,0.0,0.0,9999.0,,,2.3813
"D=0.5, white",D05_white,GP,1032,50,1,1,0.0,0.0,0.0,9999.0,,,2.3813
"D=0.5, white",D05_white,GP,1032,100,1,1,0.0,0.0,0.0,9999.0,,,2.3813
"D=0.5, white",D05_white,GP,1033,25,1,1,0.0,0.0,0.0,9999.0,,,2.1479
"D=0.5, white",D05_white,GP,1033,50,1,1,0.0,0.0,0.0,9999.0,,,2.1479
"D=0.5, white",D05_white,GP,1033,100,1,1,0.0,0.0,0.0,9999.0,,,2.1479
"D=0.5, white",D05_white,GP,1034,25,1,1,0.0,0.0,0.0,9999.0,,,2.1556
"D=0.5, white",D05_white,GP,1034,50,1,1,0.0,0.0,0.0,9999.0,,,2.1556
"D=0.5, white",D05_white,GP,1034,100,1,1,0.0,0.0,0.0,9999.0,,,2.1556
"D=0.5, white",D05_white,GP,1035,25,3,1,0.0,0.0,0.0,9999.0,,,2.506
"D=0.5, white",D05_white,GP,1035,50,3,1,0.0,0.0,0.0,9999.0,,,2.506
"D=0.5, white",D05_white,GP,1035,100,3,1,0.0,0.0,0.0,9999.0,,,2.506
"D=0.5, white",D05_white,GP,1036,25,3,1,1.0,0.333333,0.5,19.0,,,6.1932
"D=0.5, white",D05_white,GP,1036,50,3,1,1.0,0.333333,0.5,19.0,,,6.1932
"D=0.5, white",D05_white,GP,1036,100,3,1,1.0,0.333333,0.5,19.0,,,6.1932
"D=0.5, white",D05_white,GP,1037,25,3,1,1.0,0.333333,0.5,3.0,,,6.2549
"D=0.5, white",D05_white,GP,1037,50,3,1,1.0,0.333333,0.5,3.0,,,6.2549
"D=0.5, white",D05_white,GP,1037,100,3,1,1.0,0.333333,0.5,3.0,,,6.2549
"D=0.5, white",D05_white,GP,1038,25,1,1,0.0,0.0,0.0,9999.0,,,6.3046
"D=0.5, white",D05_white,GP,1038,50,1,1,0.0,0.0,0.0,9999.0,,,6.3046
"D=0.5, white",D05_white,GP,1038,100,1,1,0.0,0.0,0.0,9999.0,,,6.3046
"D=0.5, white",D05_white,GP,1039,25,1,1,0.0,0.0,0.0,9999.0,,,6.0524
"D=0.5, white",D05_white,GP,1039,50,1,1,0.0,0.0,0.0,9999.0,,,6.0524
"D=0.5, white",D05_white,GP,1039,100,1,1,0.0,0.0,0.0,9999.0,,,6.0524
"D=0.5, white",D05_white,GP,1040,25,1,1,0.0,0.0,0.0,9999.0,,,5.0619
"D=0.5, white",D05_white,GP,1040,50,1,1,0.0,0.0,0.0,9999.0,,,5.0619
"D=0.5, white",D05_white,GP,1040,100,1,1,0.0,0.0,0.0,9999.0,,,5.0619
"D=0.5, white",D05_white,GP,1041,25,1,0,0.0,0.0,0.0,9999.0,,,5.9179
"D=0.5, white",D05_white,GP,1041,50,1,0,0.0,0.0,0.0,9999.0,,,5.9179
"D=0.5, white",D05_white,GP,1041,100,1,0,0.0,0.0,0.0,9999.0,,,5.9179
"D=0.5, white",D05_white,GP,1042,25,1,1,0.0,0.0,0.0,9999.0,,,5.997
"D=0.5, white",D05_white,GP,1042,50,1,1,0.0,0.0,0.0,9999.0,,,5.997
"D=0.5, white",D05_white,GP,1042,100,1,1,0.0,0.0,0.0,9999.0,,,5.997
"D=0.5, white",D05_white,GP,1043,25,3,1,0.0,0.0,0.0,9999.0,,,2.9867
"D=0.5, white",D05_white,GP,1043,50,3,1,0.0,0.0,0.0,9999.0,,,2.9867
"D=0.5, white",D05_white,GP,1043,100,3,1,0.0,0.0,0.0,9999.0,,,2.9867
"D=0.5, white",D05_white,GP,1044,25,3,1,0.0,0.0,0.0,9999.0,,,2.7229
"D=0.5, white",D05_white,GP,1044,50,3,1,1.0,0.333333,0.5,29.0,,,2.7229
"D=0.5, white",D05_white,GP,1044,100,3,1,1.0,0.333333,0.5,29.0,,,2.7229
"D=0.5, white",D05_white,GP,1045,25,1,1,0.0,0.0,0.0,9999.0,,,2.3631
"D=0.5, white",D05_white,GP,1045,50,1,1,0.0,0.0,0.0,9999.0,,,2.3631
"D=0.5, white",D05_white,GP,1045,100,1,1,0.0,0.0,0.0,9999.0,,,2.3631
"D=0.5, white",D05_white,GP,1046,25,1,1,0.0,0.0,0.0,9999.0,,,2.6042
"D=0.5, white",D05_white,GP,1046,50,1,1,0.0,0.0,0.0,9999.0,,,2.6042
"D=0.5, white",D05_white,GP,1046,100,1,1,0.0,0.0,0.0,9999.0,,,2.6042
"D=0.5, white",D05_white,GP,1047,25,3,1,0.0,0.0,0.0,9999.0,,,2.7974
"D=0.5, white",D05_white,GP,1047,50,3,1,0.0,0.0,0.0,9999.0,,,2.7974
"D=0.5, white",D05_white,GP,1047,100,3,1,0.0,0.0,0.0,9999.0,,,2.7974
"D=0.5, white",D05_white,GP,1048,25,7,1,1.0,0.142857,0.25,2.0,,,2.5734
"D=0.5, white",D05_white,GP,1048,50,7,1,1.0,0.142857,0.25,2.0,,,2.5734
"D=0.5, white",D05_white,GP,1048,100,7,1,1.0,0.142857,0.25,2.0,,,2.5734
"D=0.5, white",D05_white,GP,1049,25,3,1,0.0,0.0,0.0,9999.0,,,3.833
"D=0.5, white",D05_white,GP,1049,50,3,1,0.0,0.0,0.0,9999.0,,,3.833
"D=0.5, white",D05_white,GP,1049,100,3,1,0.0,0.0,0.0,9999.0,,,3.833
"D=1, white",D10_white,GP,1000,25,39,1,1.0,0.025641,0.05,0.0,,,2.6506
"D=1, white",D10_white,GP,1000,50,39,1,1.0,0.025641,0.05,0.0,,,2.6506
"D=1, white",D10_white,GP,1000,100,39,1,1.0,0.025641,0.05,0.0,,,2.6506
"D=1, white",D10_white,GP,1001,25,35,1,1.0,0.028571,0.055556,18.0,,,2.7985
"D=1, white",D10_white,GP,1001,50,35,1,1.0,0.028571,0.055556,18.0,,,2.7985
"D=1, white",D10_white,GP,1001,100,35,1,1.0,0.028571,0.055556,18.0,,,2.7985
"D=1, white",D10_white,GP,1002,25,43,1,1.0,0.023256,0.045455,1.0,,,2.396
"D=1, white",D10_white,GP,1002,50,43,1,1.0,0.023256,0.045455,1.0,,,2.396
"D=1, white",D10_white,GP,1002,100,43,1,1.0,0.023256,0.045455,1.0,,,2.396
"D=1, white",D10_white,GP,1003,25,43,1,1.0,0.023256,0.045455,1.0,,,2.6213
"D=1, white",D10_white,GP,1003,50,43,1,1.0,0.023256,0.045455,1.0,,,2.6213
"D=1, white",D10_white,GP,1003,100,43,1,1.0,0.023256,0.045455,1.0,,,2.6213
"D=1, white",D10_white,GP,1004,25,45,1,1.0,0.022222,0.043478,4.0,,,2.5606
"D=1, white",D10_white,GP,1004,50,45,1,1.0,0.022222,0.043478,4.0,,,2.5606
"D=1, white",D10_white,GP,1004,100,45,1,1.0,0.022222,0.043478,4.0,,,2.5606
"D=1, white",D10_white,GP,1005,25,37,1,1.0,0.027027,0.052632,10.0,,,2.4344
"D=1, white",D10_white,GP,1005,50,37,1,1.0,0.027027,0.052632,10.0,,,2.4344
"D=1, white",D10_white,GP,1005,100,37,1,1.0,0.027027,0.052632,10.0,,,2.4344
"D=1, white",D10_white,GP,1006,25,39,1,1.0,0.025641,0.05,4.0,,,2.3934
"D=1, white",D10_white,GP,1006,50,39,1,1.0,0.025641,0.05,4.0,,,2.3934
"D=1, white",D10_white,GP,1006,100,39,1,1.0,0.025641,0.05,4.0,,,2.3934
"D=1, white",D10_white,GP,1007,25,21,1,1.0,0.047619,0.090909,1.0,,,2.5076
"D=1, white",D10_white,GP,1007,50,21,1,1.0,0.047619,0.090909,1.0,,,2.5076
"D=1, white",D10_white,GP,1007,100,21,1,1.0,0.047619,0.090909,1.0,,,2.5076
"D=1, white",D10_white,GP,1008,25,57,1,1.0,0.017544,0.034483,1.0,,,2.3271
"D=1, white",D10_white,GP,1008,50,57,1,1.0,0.017544,0.034483,1.0,,,2.3271
"D=1, white",D10_white,GP,1008,100,57,1,1.0,0.017544,0.034483,1.0,,,2.3271
"D=1, white",D10_white,GP,1009,25,45,1,1.0,0.022222,0.043478,1.0,,,2.5455
"D=1, white",D10_white,GP,1009,50,45,1,1.0,0.022222,0.043478,1.0,,,2.5455
"D=1, white",D10_white,GP,1009,100,45,1,1.0,0.022222,0.043478,1.0,,,2.5455
"D=1, white",D10_white,GP,1010,25,37,1,1.0,0.027027,0.052632,1.0,,,2.582
"D=1, white",D10_white,GP,1010,50,37,1,1.0,0.027027,0.052632,1.0,,,2.582
"D=1, white",D10_white,GP,1010,100,37,1,1.0,0.027027,0.052632,1.0,,,2.582
"D=1, white",D10_white,GP,1011,25,43,1,1.0,0.023256,0.045455,2.0,,,2.4397
"D=1, white",D10_white,GP,1011,50,43,1,1.0,0.023256,0.045455,2.0,,,2.4397
"D=1, white",D10_white,GP,1011,100,43,1,1.0,0.023256,0.045455,2.0,,,2.4397
"D=1, white",D10_white,GP,1012,25,41,1,1.0,0.02439,0.047619,1.0,,,2.5598
"D=1, white",D10_white,GP,1012,50,41,1,1.0,0.02439,0.047619,1.0,,,2.5598
"D=1, white",D10_white,GP,1012,100,41,1,1.0,0.02439,0.047619,1.0,,,2.5598
"D=1, white",D10_white,GP,1013,25,49,1,1.0,0.020408,0.04,1.0,,,2.5551
"D=1, white",D10_white,GP,1013,50,49,1,1.0,0.020408,0.04,1.0,,,2.5551
"D=1, white",D10_white,GP,1013,100,49,1,1.0,0.020408,0.04,1.0,,,2.5551
"D=1, white",D10_white,GP,1014,25,35,1,1.0,0.028571,0.055556,1.0,,,2.3934
"D=1, white",D10_white,GP,1014,50,35,1,1.0,0.028571,0.055556,1.0,,,2.3934
"D=1, white",D10_white,GP,1014,100,35,1,1.0,0.028571,0.055556,1.0,,,2.3934
"D=1, white",D10_white,GP,1015,25,47,1,1.0,0.021277,0.041667,3.0,,,2.4008
"D=1, white",D10_white,GP,1015,50,47,1,1.0,0.021277,0.041667,3.0,,,2.4008
"D=1, white",D10_white,GP,1015,100,47,1,1.0,0.021277,0.041667,3.0,,,2.4008
"D=1, white",D10_white,GP,1016,25,33,1,1.0,0.030303,0.058824,1.0,,,2.3984
"D=1, white",D10_white,GP,1016,50,33,1,1.0,0.030303,0.058824,1.0,,,2.3984
"D=1, white",D10_white,GP,1016,100,33,1,1.0,0.030303,0.058824,1.0,,,2.3984
"D=1, white",D10_white,GP,1017,25,43,1,1.0,0.023256,0.045455,15.0,,,2.4085
"D=1, white",D10_white,GP,1017,50,43,1,1.0,0.023256,0.045455,15.0,,,2.4085
"D=1, white",D10_white,GP,1017,100,43,1,1.0,0.023256,0.045455,15.0,,,2.4085
"D=1, white",D10_white,GP,1018,25,49,1,1.0,0.020408,0.04,0.0,,,2.5112
"D=1, white",D10_white,GP,1018,50,49,1,1.0,0.020408,0.04,0.0,,,2.5112
"D=1, white",D10_white,GP,1018,100,49,1,1.0,0.020408,0.04,0.0,,,2.5112
"D=1, white",D10_white,GP,1019,25,47,1,1.0,0.021277,0.041667,2.0,,,2.6153
"D=1, white",D10_white,GP,1019,50,47,1,1.0,0.021277,0.041667,2.0,,,2.6153
"D=1, white",D10_white,GP,1019,100,47,1,1.0,0.021277,0.041667,2.0,,,2.6153
"D=1, white",D10_white,GP,1020,25,41,1,1.0,0.02439,0.047619,2.0,,,2.4027
"D=1, white",D10_white,GP,1020,50,41,1,1.0,0.02439,0.047619,2.0,,,2.4027
"D=1, white",D10_white,GP,1020,100,41,1,1.0,0.02439,0.047619,2.0,,,2.4027
"D=1, white",D10_white,GP,1021,25,37,1,1.0,0.027027,0.052632,3.0,,,2.4493
"D=1, white",D10_white,GP,1021,50,37,1,1.0,0.027027,0.052632,3.0,,,2.4493
"D=1, white",D10_white,GP,1021,100,37,1,1.0,0.027027,0.052632,3.0,,,2.4493
"D=1, white",D10_white,GP,1022,25,40,1,1.0,0.025,0.04878,0.0,,,2.418
"D=1, white",D10_white,GP,1022,50,40,1,1.0,0.025,0.04878,0.0,,,2.418
"D=1, white",D10_white,GP,1022,100,40,1,1.0,0.025,0.04878,0.0,,,2.418
"D=1, white",D10_white,GP,1023,25,37,1,1.0,0.027027,0.052632,7.0,,,2.547
"D=1, white",D10_white,GP,1023,50,37,1,1.0,0.027027,0.052632,7.0,,,2.547
"D=1, white",D10_white,GP,1023,100,37,1,1.0,0.027027,0.052632,7.0,,,2.547
"D=1, white",D10_white,GP,1024,25,45,1,1.0,0.022222,0.043478,6.0,,,2.802
"D=1, white",D10_white,GP,1024,50,45,1,1.0,0.022222,0.043478,6.0,,,2.802
"D=1, white",D10_white,GP,1024,100,45,1,1.0,0.022222,0.043478,6.0,,,2.802
"D=1, white",D10_white,GP,1025,25,29,1,1.0,0.034483,0.066667,16.0,,,2.7036
"D=1, white",D10_white,GP,1025,50,29,1,1.0,0.034483,0.066667,16.0,,,2.7036
"D=1, white",D10_white,GP,1025,100,29,1,1.0,0.034483,0.066667,16.0,,,2.7036
"D=1, white",D10_white,GP,1026,25,41,1,1.0,0.02439,0.047619,1.0,,,2.7994
"D=1, white",D10_white,GP,1026,50,41,1,1.0,0.02439,0.047619,1.0,,,2.7994
"D=1, white",D10_white,GP,1026,100,41,1,1.0,0.02439,0.047619,1.0,,,2.7994
"D=1, white",D10_white,GP,1027,25,27,1,1.0,0.037037,0.071429,5.0,,,2.7684
"D=1, white",D10_white,GP,1027,50,27,1,1.0,0.037037,0.071429,5.0,,,2.7684
"D=1, white",D10_white,GP,1027,100,27,1,1.0,0.037037,0.071429,5.0,,,2.7684
"D=1, white",D10_white,GP,1028,25,45,1,1.0,0.022222,0.043478,14.0,,,2.4457
"D=1, white",D10_white,GP,1028,50,45,1,1.0,0.022222,0.043478,14.0,,,2.4457
"D=1, white",D10_white,GP,1028,100,45,1,1.0,0.022222,0.043478,14.0,,,2.4457
"D=1, white",D10_white,GP,1029,25,29,1,1.0,0.034483,0.066667,12.0,,,2.57
"D=1, white",D10_white,GP,1029,50,29,1,1.0,0.034483,0.066667,12.0,,,2.57
"D=1, white",D10_white,GP,1029,100,29,1,1.0,0.034483,0.066667,12.0,,,2.57
"D=1, white",D10_white,GP,1030,25,47,1,1.0,0.021277,0.041667,5.0,,,2.5008
"D=1, white",D10_white,GP,1030,50,47,1,1.0,0.021277,0.041667,5.0,,,2.5008
"D=1, white",D10_white,GP,1030,100,47,1,1.0,0.021277,0.041667,5.0,,,2.5008
"D=1, white",D10_white,GP,1031,25,45,1,1.0,0.022222,0.043478,10.0,,,2.7472
"D=1, white",D10_white,GP,1031,50,45,1,1.0,0.022222,0.043478,10.0,,,2.7472
"D=1, white",D10_white,GP,1031,100,45,1,1.0,0.022222,0.043478,10.0,,,2.7472
"D=1, white",D10_white,GP,1032,25,39,1,1.0,0.025641,0.05,1.0,,,2.9535
"D=1, white",D10_white,GP,1032,50,39,1,1.0,0.025641,0.05,1.0,,,2.9535
"D=1, white",D10_white,GP,1032,100,39,1,1.0,0.025641,0.05,1.0,,,2.9535
"D=1, white",D10_white,GP,1033,25,39,1,1.0,0.025641,0.05,1.0,,,2.3933
"D=1, white",D10_white,GP,1033,50,39,1,1.0,0.025641,0.05,1.0,,,2.3933
"D=1, white",D10_white,GP,1033,100,39,1,1.0,0.025641,0.05,1.0,,,2.3933
"D=1, white",D10_white,GP,1034,25,47,1,1.0,0.021277,0.041667,1.0,,,2.5517
"D=1, white",D10_white,GP,1034,50,47,1,1.0,0.021277,0.041667,1.0,,,2.5517
"D=1, white",D10_white,GP,1034,100,47,1,1.0,0.021277,0.041667,1.0,,,2.5517
"D=1, white",D10_white,GP,1035,25,39,1,1.0,0.025641,0.05,2.0,,,2.4117
"D=1, white",D10_white,GP,1035,50,39,1,1.0,0.025641,0.05,2.0,,,2.4117
"D=1, white",D10_white,GP,1035,100,39,1,1.0,0.025641,0.05,2.0,,,2.4117
"D=1, white",D10_white,GP,1036,25,33,1,1.0,0.030303,0.058824,1.0,,,3.0665
"D=1, white",D10_white,GP,1036,50,33,1,1.0,0.030303,0.058824,1.0,,,3.0665
"D=1, white",D10_white,GP,1036,100,33,1,1.0,0.030303,0.058824,1.0,,,3.0665
"D=1, white",D10_white,GP,1037,25,43,1,1.0,0.023256,0.045455,0.0,,,2.9278
"D=1, white",D10_white,GP,1037,50,43,1,1.0,0.023256,0.045455,0.0,,,2.9278
"D=1, white",D10_white,GP,1037,100,43,1,1.0,0.023256,0.045455,0.0,,,2.9278
"D=1, white",D10_white,GP,1038,25,49,1,1.0,0.020408,0.04,0.0,,,2.9835
"D=1, white",D10_white,GP,1038,50,49,1,1.0,0.020408,0.04,0.0,,,2.9835
"D=1, white",D10_white,GP,1038,100,49,1,1.0,0.020408,0.04,0.0,,,2.9835
"D=1, white",D10_white,GP,1039,25,41,1,1.0,0.02439,0.047619,1.0,,,2.7429
"D=1, white",D10_white,GP,1039,50,41,1,1.0,0.02439,0.047619,1.0,,,2.7429
"D=1, white",D10_white,GP,1039,100,41,1,1.0,0.02439,0.047619,1.0,,,2.7429
"D=1, white",D10_white,GP,1040,25,39,1,1.0,0.025641,0.05,2.0,,,2.482
"D=1, white",D10_white,GP,1040,50,39,1,1.0,0.025641,0.05,2.0,,,2.482
"D=1, white",D10_white,GP,1040,100,39,1,1.0,0.025641,0.05,2.0,,,2.482
"D=1, white",D10_white,GP,1041,25,47,1,1.0,0.021277,0.041667,1.0,,,2.3609
"D=1, white",D10_white,GP,1041,50,47,1,1.0,0.021277,0.041667,1.0,,,2.3609
"D=1, white",D10_white,GP,1041,100,47,1,1.0,0.021277,0.041667,1.0,,,2.3609
"D=1, white",D10_white,GP,1042,25,43,1,1.0,0.023256,0.045455,1.0,,,2.5229
"D=1, white",D10_white,GP,1042,50,43,1,1.0,0.023256,0.045455,1.0,,,2.5229
"D=1, white",D10_white,GP,1042,100,43,1,1.0,0.023256,0.045455,1.0,,,2.5229
"D=1, white",D10_white,GP,1043,25,39,1,1.0,0.025641,0.05,1.0,,,2.4972
"D=1, white",D10_white,GP,1043,50,39,1,1.0,0.025641,0.05,1.0,,,2.4972
"D=1, white",D10_white,GP,1043,100,39,1,1.0,0.025641,0.05,1.0,,,2.4972
"D=1, white",D10_white,GP,1044,25,36,1,1.0,0.027778,0.054054,0.0,,,2.5395
"D=1, white",D10_white,GP,1044,50,36,1,1.0,0.027778,0.054054,0.0,,,2.5395
"D=1, white",D10_white,GP,1044,100,36,1,1.0,0.027778,0.054054,0.0,,,2.5395
"D=1, white",D10_white,GP,1045,25,51,1,1.0,0.019608,0.038462,1.0,,,2.6512
"D=1, white",D10_white,GP,1045,50,51,1,1.0,0.019608,0.038462,1.0,,,2.6512
"D=1, white",D10_white,GP,1045,100,51,1,1.0,0.019608,0.038462,1.0,,,2.6512
"D=1, white",D10_white,GP,1046,25,55,1,1.0,0.018182,0.035714,0.0,,,2.6722
"D=1, white",D10_white,GP,1046,50,55,1,1.0,0.018182,0.035714,0.0,,,2.6722
"D=1, white",D10_white,GP,1046,100,55,1,1.0,0.018182,0.035714,0.0,,,2.6722
"D=1, white",D10_white,GP,1047,25,43,1,1.0,0.023256,0.045455,1.0,,,2.3098
"D=1, white",D10_white,GP,1047,50,43,1,1.0,0.023256,0.045455,1.0,,,2.3098
"D=1, white",D10_white,GP,1047,100,43,1,1.0,0.023256,0.045455,1.0,,,2.3098
"D=1, white",D10_white,GP,1048,25,51,1,1.0,0.019608,0.038462,1.0,,,2.6597
"D=1, white",D10_white,GP,1048,50,51,1,1.0,0.019608,0.038462,1.0,,,2.6597
"D=1, white",D10_white,GP,1048,100,51,1,1.0,0.019608,0.038462,1.0,,,2.6597
"D=1, white",D10_white,GP,1049,25,33,1,1.0,0.030303,0.058824,1.0,,,2.2462
"D=1, white",D10_white,GP,1049,50,33,1,1.0,0.030303,0.058824,1.0,,,2.2462
"D=1, white",D10_white,GP,1049,100,33,1,1.0,0.030303,0.058824,1.0,,,2.2462
"D=1, pink",D10_pink,GP,1000,25,192,2,1.0,0.010417,0.020619,0.0,,,2.4222
"D=1, pink",D10_pink,GP,1000,50,192,2,1.0,0.010417,0.020619,0.0,,,2.4222
"D=1, pink",D10_pink,GP,1000,100,192,2,1.0,0.010417,0.020619,0.0,,,2.4222
"D=1, pink",D10_pink,GP,1001,25,199,1,1.0,0.005025,0.01,0.0,,,2.2859
"D=1, pink",D10_pink,GP,1001,50,199,1,1.0,0.005025,0.01,0.0,,,2.2859
"D=1, pink",D10_pink,GP,1001,100,199,1,1.0,0.005025,0.01,0.0,,,2.2859
"D=1, pink",D10_pink,GP,1002,25,205,2,1.0,0.009756,0.019324,0.5,,,2.3699
"D=1, pink",D10_pink,GP,1002,50,205,2,1.0,0.009756,0.019324,0.5,,,2.3699
"D=1, pink",D10_pink,GP,1002,100,205,2,1.0,0.009756,0.019324,0.5,,,2.3699
"D=1, pink",D10_pink,GP,1003,25,186,1,1.0,0.005376,0.010695,0.0,,,2.4407
"D=1, pink",D10_pink,GP,1003,50,186,1,1.0,0.005376,0.010695,0.0,,,2.4407
"D=1, pink",D10_pink,GP,1003,100,186,1,1.0,0.005376,0.010695,0.0,,,2.4407
"D=1, pink",D10_pink,GP,1004,25,198,1,1.0,0.005051,0.01005,0.0,,,2.4187
"D=1, pink",D10_pink,GP,1004,50,198,1,1.0,0.005051,0.01005,0.0,,,2.4187
"D=1, pink",D10_pink,GP,1004,100,198,1,1.0,0.005051,0.01005,0.0,,,2.4187
"D=1, pink",D10_pink,GP,1005,25,179,1,1.0,0.005587,0.011111,1.0,,,2.379
"D=1, pink",D10_pink,GP,1005,50,179,1,1.0,0.005587,0.011111,1.0,,,2.379
"D=1, pink",D10_pink,GP,1005,100,179,1,1.0,0.005587,0.011111,1.0,,,2.379
"D=1, pink",D10_pink,GP,1006,25,193,1,1.0,0.005181,0.010309,0.0,,,2.4459
"D=1, pink",D10_pink,GP,1006,50,193,1,1.0,0.005181,0.010309,0.0,,,2.4459
"D=1, pink",D10_pink,GP,1006,100,193,1,1.0,0.005181,0.010309,0.0,,,2.4459
"D=1, pink",D10_pink,GP,1007,25,167,1,1.0,0.005988,0.011905,10.0,,,2.5442
"D=1, pink",D10_pink,GP,1007,50,167,1,1.0,0.005988,0.011905,10.0,,,2.5442
"D=1, pink",D10_pink,GP,1007,100,167,1,1.0,0.005988,0.011905,10.0,,,2.5442
"D=1, pink",D10_pink,GP,1008,25,211,0,0.0,0.0,0.0,9999.0,,,2.3488
"D=1, pink",D10_pink,GP,1008,50,211,0,0.0,0.0,0.0,9999.0,,,2.3488
"D=1, pink",D10_pink,GP,1008,100,211,0,0.0,0.0,0.0,9999.0,,,2.3488
"D=1, pink",D10_pink,GP,1009,25,178,1,1.0,0.005618,0.011173,1.0,,,2.5081
"D=1, pink",D10_pink,GP,1009,50,178,1,1.0,0.005618,0.011173,1.0,,,2.5081
"D=1, pink",D10_pink,GP,1009,100,178,1,1.0,0.005618,0.011173,1.0,,,2.5081
"D=1, pink",D10_pink,GP,1010,25,182,2,1.0,0.010989,0.021739,4.5,,,2.5008
"D=1, pink",D10_pink,GP,1010,50,182,2,1.0,0.010989,0.021739,4.5,,,2.5008
"D=1, pink",D10_pink,GP,1010,100,182,2,1.0,0.010989,0.021739,4.5,,,2.5008
"D=1, pink",D10_pink,GP,1011,25,176,1,1.0,0.005682,0.011299,0.0,,,2.4959
"D=1, pink",D10_pink,GP,1011,50,176,1,1.0,0.005682,0.011299,0.0,,,2.4959
"D=1, pink",D10_pink,GP,1011,100,176,1,1.0,0.005682,0.011299,0.0,,,2.4959
"D=1, pink",D10_pink,GP,1012,25,207,0,0.0,0.0,0.0,9999.0,,,2.6218
"D=1, pink",D10_pink,GP,1012,50,207,0,0.0,0.0,0.0,9999.0,,,2.6218
"D=1, pink",D10_pink,GP,1012,100,207,0,0.0,0.0,0.0,9999.0,,,2.6218
"D=1, pink",D10_pink,GP,1013,25,172,1,1.0,0.005814,0.011561,0.0,,,3.3446
"D=1, pink",D10_pink,GP,1013,50,172,1,1.0,0.005814,0.011561,0.0,,,3.3446
"D=1, pink",D10_pink,GP,1013,100,172,1,1.0,0.005814,0.011561,0.0,,,3.3446
"D=1, pink",D10_pink,GP,1014,25,184,1,1.0,0.005435,0.010811,0.0,,,3.6439
"D=1, pink",D10_pink,GP,1014,50,184,1,1.0,0.005435,0.010811,0.0,,,3.6439
"D=1, pink",D10_pink,GP,1014,100,184,1,1.0,0.005435,0.010811,0.0,,,3.6439
"D=1, pink",D10_pink,GP,1015,25,169,1,1.0,0.005917,0.011765,11.0,,,3.8307
"D=1, pink",D10_pink,GP,1015,50,169,1,1.0,0.005917,0.011765,11.0,,,3.8307
"D=1, pink",D10_pink,GP,1015,100,169,1,1.0,0.005917,0.011765,11.0,,,3.8307
"D=1, pink",D10_pink,GP,1016,25,181,1,1.0,0.005525,0.010989,0.0,,,3.6311
"D=1, pink",D10_pink,GP,1016,50,181,1,1.0,0.005525,0.010989,0.0,,,3.6311
"D=1, pink",D10_pink,GP,1016,100,181,1,1.0,0.005525,0.010989,0.0,,,3.6311
"D=1, pink",D10_pink,GP,1017,25,175,1,1.0,0.005714,0.011364,6.0,,,3.3838
"D=1, pink",D10_pink,GP,1017,50,175,1,1.0,0.005714,0.011364,6.0,,,3.3838
"D=1, pink",D10_pink,GP,1017,100,175,1,1.0,0.005714,0.011364,6.0,,,3.3838
"D=1, pink",D10_pink,GP,1018,25,197,0,0.0,0.0,0.0,9999.0,,,4.7094
"D=1, pink",D10_pink,GP,1018,50,197,0,0.0,0.0,0.0,9999.0,,,4.7094
"D=1, pink",D10_pink,GP,1018,100,197,0,0.0,0.0,0.0,9999.0,,,4.7094
"D=1, pink",D10_pink,GP,1019,25,188,2,1.0,0.010638,0.021053,3.0,,,3.5658
"D=1, pink",D10_pink,GP,1019,50,188,2,1.0,0.010638,0.021053,3.0,,,3.5658
"D=1, pink",D10_pink,GP,1019,100,188,2,1.0,0.010638,0.021053,3.0,,,3.5658
"D=1, pink",D10_pink,GP,1020,25,177,1,1.0,0.00565,0.011236,1.0,,,3.6051
"D=1, pink",D10_pink,GP,1020,50,177,1,1.0,0.00565,0.011236,1.0,,,3.6051
"D=1, pink",D10_pink,GP,1020,100,177,1,1.0,0.00565,0.011236,1.0,,,3.6051
"D=1, pink",D10_pink,GP,1021,25,208,1,1.0,0.004808,0.009569,2.0,,,3.5586
"D=1, pink",D10_pink,GP,1021,50,208,1,1.0,0.004808,0.009569,2.0,,,3.5586
"D=1, pink",D10_pink,GP,1021,100,208,1,1.0,0.004808,0.009569,2.0,,,3.5586
"D=1, pink",D10_pink,GP,1022,25,179,1,1.0,0.005587,0.011111,0.0,,,3.5546
"D=1, pink",D10_pink,GP,1022,50,179,1,1.0,0.005587,0.011111,0.0,,,3.5546
"D=1, pink",D10_pink,GP,1022,100,179,1,1.0,0.005587,0.011111,0.0,,,3.5546
"D=1, pink",D10_pink,GP,1023,25,185,1,1.0,0.005405,0.010753,0.0,,,3.7437
"D=1, pink",D10_pink,GP,1023,50,185,1,1.0,0.005405,0.010753,0.0,,,3.7437
"D=1, pink",D10_pink,GP,1023,100,185,1,1.0,0.005405,0.010753,0.0,,,3.7437
"D=1, pink",D10_pink,GP,1024,25,192,1,1.0,0.005208,0.010363,0.0,,,3.7392
"D=1, pink",D10_pink,GP,1024,50,192,1,1.0,0.005208,0.010363,0.0,,,3.7392
"D=1, pink",D10_pink,GP,1024,100,192,1,1.0,0.005208,0.010363,0.0,,,3.7392
"D=1, pink",D10_pink,GP,1025,25,186,1,1.0,0.005376,0.010695,0.0,,,2.7063
"D=1, pink",D10_pink,GP,1025,50,186,1,1.0,0.005376,0.010695,0.0,,,2.7063
"D=1, pink",D10_pink,GP,1025,100,186,1,1.0,0.005376,0.010695,0.0,,,2.7063
"D=1, pink",D10_pink,GP,1026,25,199,1,1.0,0.005025,0.01,0.0,,,2.9497
"D=1, pink",D10_pink,GP,1026,50,199,1,1.0,0.005025,0.01,0.0,,,2.9497
"D=1, pink",D10_pink,GP,1026,100,199,1,1.0,0.005025,0.01,0.0,,,2.9497
"D=1, pink",D10_pink,GP,1027,25,207,0,0.0,0.0,0.0,9999.0,,,3.006
"D=1, pink",D10_pink,GP,1027,50,207,0,0.0,0.0,0.0,9999.0,,,3.006
"D=1, pink",D10_pink,GP,1027,100,207,0,0.0,0.0,0.0,9999.0,,,3.006
"D=1, pink",D10_pink,GP,1028,25,225,2,1.0,0.008889,0.017621,4.5,,,2.9235
"D=1, pink",D10_pink,GP,1028,50,225,2,1.0,0.008889,0.017621,4.5,,,2.9235
"D=1, pink",D10_pink,GP,1028,100,225,2,1.0,0.008889,0.017621,4.5,,,2.9235
"D=1, pink",D10_pink,GP,1029,25,187,1,1.0,0.005348,0.010638,0.0,,,3.0246
"D=1, pink",D10_pink,GP,1029,50,187,1,1.0,0.005348,0.010638,0.0,,,3.0246
"D=1, pink",D10_pink,GP,1029,100,187,1,1.0,0.005348,0.010638,0.0,,,3.0246
"D=1, pink",D10_pink,GP,1030,25,194,0,0.0,0.0,0.0,9999.0,,,2.4381
"D=1, pink",D10_pink,GP,1030,50,194,0,0.0,0.0,0.0,9999.0,,,2.4381
"D=1, pink",D10_pink,GP,1030,100,194,0,0.0,0.0,0.0,9999.0,,,2.4381
"D=1, pink",D10_pink,GP,1031,25,223,1,1.0,0.004484,0.008929,0.0,,,2.4097
"D=1, pink",D10_pink,GP,1031,50,223,1,1.0,0.004484,0.008929,0.0,,,2.4097
"D=1, pink",D10_pink,GP,1031,100,223,1,1.0,0.004484,0.008929,0.0,,,2.4097
"D=1, pink",D10_pink,GP,1032,25,199,0,0.0,0.0,0.0,9999.0,,,2.4388
"D=1, pink",D10_pink,GP,1032,50,199,0,0.0,0.0,0.0,9999.0,,,2.4388
"D=1, pink",D10_pink,GP,1032,100,199,0,0.0,0.0,0.0,9999.0,,,2.4388
"D=1, pink",D10_pink,GP,1033,25,173,1,1.0,0.00578,0.011494,9.0,,,2.4828
"D=1, pink",D10_pink,GP,1033,50,173,1,1.0,0.00578,0.011494,9.0,,,2.4828
"D=1, pink",D10_pink,GP,1033,100,173,1,1.0,0.00578,0.011494,9.0,,,2.4828
"D=1, pink",D10_pink,GP,1034,25,187,1,1.0,0.005348,0.010638,0.0,,,2.687
"D=1, pink",D10_pink,GP,1034,50,187,1,1.0,0.005348,0.010638,0.0,,,2.687
"D=1, pink",D10_pink,GP,1034,100,187,1,1.0,0.005348,0.010638,0.0,,,2.687
"D=1, pink",D10_pink,GP,1035,25,193,1,1.0,0.005181,0.010309,0.0,,,2.8002
"D=1, pink",D10_pink,GP,1035,50,193,1,1.0,0.005181,0.010309,0.0,,,2.8002
"D=1, pink",D10_pink,GP,1035,100,193,1,1.0,0.005181,0.010309,0.0,,,2.8002
"D=1, pink",D10_pink,GP,1036,25,208,1,1.0,0.004808,0.009569,1.0,,,2.9711
"D=1, pink",D10_pink,GP,1036,50,208,1,1.0,0.004808,0.009569,1.0,,,2.9711
"D=1, pink",D10_pink,GP,1036,100,208,1,1.0,0.004808,0.009569,1.0,,,2.9711
"D=1, pink",D10_pink,GP,1037,25,172,1,1.0,0.005814,0.011561,3.0,,,2.6628
"D=1, pink",D10_pink,GP,1037,50,172,1,1.0,0.005814,0.011561,3.0,,,2.6628
"D=1, pink",D10_pink,GP,1037,100,172,1,1.0,0.005814,0.011561,3.0,,,2.6628
"D=1, pink",D10_pink,GP,1038,25,184,1,1.0,0.005435,0.010811,0.0,,,2.9003
"D=1, pink",D10_pink,GP,1038,50,184,1,1.0,0.005435,0.010811,0.0,,,2.9003
"D=1, pink",D10_pink,GP,1038,100,184,1,1.0,0.005435,0.010811,0.0,,,2.9003
"D=1, pink",D10_pink,GP,1039,25,183,1,1.0,0.005464,0.01087,0.0,,,3.6224
"D=1, pink",D10_pink,GP,1039,50,183,1,1.0,0.005464,0.01087,0.0,,,3.6224
"D=1, pink",D10_pink,GP,1039,100,183,1,1.0,0.005464,0.01087,0.0,,,3.6224
"D=1, pink",D10_pink,GP,1040,25,176,1,1.0,0.005682,0.011299,0.0,,,4.111
"D=1, pink",D10_pink,GP,1040,50,176,1,1.0,0.005682,0.011299,0.0,,,4.111
"D=1, pink",D10_pink,GP,1040,100,176,1,1.0,0.005682,0.011299,0.0,,,4.111
"D=1, pink",D10_pink,GP,1041,25,184,0,0.0,0.0,0.0,9999.0,,,3.4275
"D=1, pink",D10_pink,GP,1041,50,184,0,0.0,0.0,0.0,9999.0,,,3.4275
"D=1, pink",D10_pink,GP,1041,100,184,0,0.0,0.0,0.0,9999.0,,,3.4275
"D=1, pink",D10_pink,GP,1042,25,190,1,1.0,0.005263,0.010471,0.0,,,2.7329
"D=1, pink",D10_pink,GP,1042,50,190,1,1.0,0.005263,0.010471,0.0,,,2.7329
"D=1, pink",D10_pink,GP,1042,100,190,1,1.0,0.005263,0.010471,0.0,,,2.7329
"D=1, pink",D10_pink,GP,1043,25,200,0,0.0,0.0,0.0,9999.0,,,2.4571
"D=1, pink",D10_pink,GP,1043,50,200,0,0.0,0.0,0.0,9999.0,,,2.4571
"D=1, pink",D10_pink,GP,1043,100,200,0,0.0,0.0,0.0,9999.0,,,2.4571
"D=1, pink",D10_pink,GP,1044,25,204,0,0.0,0.0,0.0,9999.0,,,2.0623
"D=1, pink",D10_pink,GP,1044,50,204,0,0.0,0.0,0.0,9999.0,,,2.0623
"D=1, pink",D10_pink,GP,1044,100,204,0,0.0,0.0,0.0,9999.0,,,2.0623
"D=1, pink",D10_pink,GP,1045,25,180,1,1.0,0.005556,0.01105,0.0,,,1.9789
"D=1, pink",D10_pink,GP,1045,50,180,1,1.0,0.005556,0.01105,0.0,,,1.9789
"D=1, pink",D10_pink,GP,1045,100,180,1,1.0,0.005556,0.01105,0.0,,,1.9789
"D=1, pink",D10_pink,GP,1046,25,215,2,1.0,0.009302,0.018433,0.5,,,2.0924
"D=1, pink",D10_pink,GP,1046,50,215,2,1.0,0.009302,0.018433,0.5,,,2.0924
"D=1, pink",D10_pink,GP,1046,100,215,2,1.0,0.009302,0.018433,0.5,,,2.0924
"D=1, pink",D10_pink,GP,1047,25,199,2,1.0,0.01005,0.0199,0.0,,,2.235
"D=1, pink",D10_pink,GP,1047,50,199,2,1.0,0.01005,0.0199,0.0,,,2.235
"D=1, pink",D10_pink,GP,1047,100,199,2,1.0,0.01005,0.0199,0.0,,,2.235
"D=1, pink",D10_pink,GP,1048,25,215,1,1.0,0.004651,0.009259,1.0,,,2.4059
"D=1, pink",D10_pink,GP,1048,50,215,1,1.0,0.004651,0.009259,1.0,,,2.4059
"D=1, pink",D10_pink,GP,1048,100,215,1,1.0,0.004651,0.009259,1.0,,,2.4059
"D=1, pink",D10_pink,GP,1049,25,203,1,1.0,0.004926,0.009804,0.0,,,2.2129
"D=1, pink",D10_pink,GP,1049,50,203,1,1.0,0.004926,0.009804,0.0,,,2.2129
"D=1, pink",D10_pink,GP,1049,100,203,1,1.0,0.004926,0.009804,0.0,,,2.2129
"D=1.5, white",D15_white,GP,1000,25,121,1,1.0,0.008264,0.016393,6.0,,,2.6363
"D=1.5, white",D15_white,GP,1000,50,121,1,1.0,0.008264,0.016393,6.0,,,2.6363
"D=1.5, white",D15_white,GP,1000,100,121,1,1.0,0.008264,0.016393,6.0,,,2.6363
"D=1.5, white",D15_white,GP,1001,25,116,1,1.0,0.008621,0.017094,1.0,,,2.4794
"D=1.5, white",D15_white,GP,1001,50,116,1,1.0,0.008621,0.017094,1.0,,,2.4794
"D=1.5, white",D15_white,GP,1001,100,116,1,1.0,0.008621,0.017094,1.0,,,2.4794
"D=1.5, white",D15_white,GP,1002,25,106,1,1.0,0.009434,0.018692,1.0,,,2.485
"D=1.5, white",D15_white,GP,1002,50,106,1,1.0,0.009434,0.018692,1.0,,,2.485
"D=1.5, white",D15_white,GP,1002,100,106,1,1.0,0.009434,0.018692,1.0,,,2.485
"D=1.5, white",D15_white,GP,1003,25,107,1,1.0,0.009346,0.018519,6.0,,,2.0246
"D=1.5, white",D15_white,GP,1003,50,107,1,1.0,0.009346,0.018519,6.0,,,2.0246
"D=1.5, white",D15_white,GP,1003,100,107,1,1.0,0.009346,0.018519,6.0,,,2.0246
"D=1.5, white",D15_white,GP,1004,25,133,1,1.0,0.007519,0.014925,1.0,,,2.109
"D=1.5, white",D15_white,GP,1004,50,133,1,1.0,0.007519,0.014925,1.0,,,2.109
"D=1.5, white",D15_white,GP,1004,100,133,1,1.0,0.007519,0.014925,1.0,,,2.109
"D=1.5, white",D15_white,GP,1005,25,93,1,1.0,0.010753,0.021277,0.0,,,2.126
"D=1.5, white",D15_white,GP,1005,50,93,1,1.0,0.010753,0.021277,0.0,,,2.126
"D=1.5, white",D15_white,GP,1005,100,93,1,1.0,0.010753,0.021277,0.0,,,2.126
"D=1.5, white",D15_white,GP,1006,25,121,1,1.0,0.008264,0.016393,1.0,,,2.2192
"D=1.5, white",D15_white,GP,1006,50,121,1,1.0,0.008264,0.016393,1.0,,,2.2192
"D=1.5, white",D15_white,GP,1006,100,121,1,1.0,0.008264,0.016393,1.0,,,2.2192
"D=1.5, white",D15_white,GP,1007,25,102,1,1.0,0.009804,0.019417,1.0,,,2.1702
"D=1.5, white",D15_white,GP,1007,50,102,1,1.0,0.009804,0.019417,1.0,,,2.1702
"D=1.5, white",D15_white,GP,1007,100,102,1,1.0,0.009804,0.019417,1.0,,,2.1702
"D=1.5, white",D15_white,GP,1008,25,117,1,1.0,0.008547,0.016949,1.0,,,1.8921
"D=1.5, white",D15_white,GP,1008,50,117,1,1.0,0.008547,0.016949,1.0,,,1.8921
"D=1.5, white",D15_white,GP,1008,100,117,1,1.0,0.008547,0.016949,1.0,,,1.8921
"D=1.5, white",D15_white,GP,1009,25,112,1,1.0,0.008929,0.017699,0.0,,,2.1078
"D=1.5, white",D15_white,GP,1009,50,112,1,1.0,0.008929,0.017699,0.0,,,2.1078
"D=1.5, white",D15_white,GP,1009,100,112,1,1.0,0.008929,0.017699,0.0,,,2.1078
"D=1.5, white",D15_white,GP,1010,25,123,1,1.0,0.00813,0.016129,1.0,,,1.9139
"D=1.5, white",D15_white,GP,1010,50,123,1,1.0,0.00813,0.016129,1.0,,,1.9139
"D=1.5, white",D15_white,GP,1010,100,123,1,1.0,0.00813,0.016129,1.0,,,1.9139
"D=1.5, white",D15_white,GP,1011,25,121,1,1.0,0.008264,0.016393,3.0,,,2.1059
"D=1.5, white",D15_white,GP,1011,50,121,1,1.0,0.008264,0.016393,3.0,,,2.1059
"D=1.5, white",D15_white,GP,1011,100,121,1,1.0,0.008264,0.016393,3.0,,,2.1059
"D=1.5, white",D15_white,GP,1012,25,107,1,1.0,0.009346,0.018519,1.0,,,2.3422
"D=1.5, white",D15_white,GP,1012,50,107,1,1.0,0.009346,0.018519,1.0,,,2.3422
"D=1.5, white",D15_white,GP,1012,100,107,1,1.0,0.009346,0.018519,1.0,,,2.3422
"D=1.5, white",D15_white,GP,1013,25,106,1,1.0,0.009434,0.018692,1.0,,,2.1229
"D=1.5, white",D15_white,GP,1013,50,106,1,1.0,0.009434,0.018692,1.0,,,2.1229
"D=1.5, white",D15_white,GP,1013,100,106,1,1.0,0.009434,0.018692,1.0,,,2.1229
"D=1.5, white",D15_white,GP,1014,25,101,1,1.0,0.009901,0.019608,5.0,,,2.0884
"D=1.5, white",D15_white,GP,1014,50,101,1,1.0,0.009901,0.019608,5.0,,,2.0884
"D=1.5, white",D15_white,GP,1014,100,101,1,1.0,0.009901,0.019608,5.0,,,2.0884
"D=1.5, white",D15_white,GP,1015,25,110,1,1.0,0.009091,0.018018,1.0,,,2.2051
"D=1.5, white",D15_white,GP,1015,50,110,1,1.0,0.009091,0.018018,1.0,,,2.2051
"D=1.5, white",D15_white,GP,1015,100,110,1,1.0,0.009091,0.018018,1.0,,,2.2051
"D=1.5, white",D15_white,GP,1016,25,111,1,1.0,0.009009,0.017857,6.0,,,2.1872
"D=1.5, white",D15_white,GP,1016,50,111,1,1.0,0.009009,0.017857,6.0,,,2.1872
"D=1.5, white",D15_white,GP,1016,100,111,1,1.0,0.009009,0.017857,6.0,,,2.1872
"D=1.5, white",D15_white,GP,1017,25,110,1,1.0,0.009091,0.018018,2.0,,,2.185
"D=1.5, white",D15_white,GP,1017,50,110,1,1.0,0.009091,0.018018,2.0,,,2.185
"D=1.5, white",D15_white,GP,1017,100,110,1,1.0,0.009091,0.018018,2.0,,,2.185
"D=1.5, white",D15_white,GP,1018,25,117,1,1.0,0.008547,0.016949,9.0,,,2.0785
"D=1.5, white",D15_white,GP,1018,50,117,1,1.0,0.008547,0.016949,9.0,,,2.0785
"D=1.5, white",D15_white,GP,1018,100,117,1,1.0,0.008547,0.016949,9.0,,,2.0785
"D=1.5, white",D15_white,GP,1019,25,111,1,1.0,0.009009,0.017857,0.0,,,1.994
"D=1.5, white",D15_white,GP,1019,50,111,1,1.0,0.009009,0.017857,0.0,,,1.994
"D=1.5, white",D15_white,GP,1019,100,111,1,1.0,0.009009,0.017857,0.0,,,1.994
"D=1.5, white",D15_white,GP,1020,25,119,1,1.0,0.008403,0.016667,1.0,,,2.1242
"D=1.5, white",D15_white,GP,1020,50,119,1,1.0,0.008403,0.016667,1.0,,,2.1242
"D=1.5, white",D15_white,GP,1020,100,119,1,1.0,0.008403,0.016667,1.0,,,2.1242
"D=1.5, white",D15_white,GP,1021,25,117,1,1.0,0.008547,0.016949,1.0,,,1.9962
"D=1.5, white",D15_white,GP,1021,50,117,1,1.0,0.008547,0.016949,1.0,,,1.9962
"D=1.5, white",D15_white,GP,1021,100,117,1,1.0,0.008547,0.016949,1.0,,,1.9962
"D=1.5, white",D15_white,GP,1022,25,124,1,1.0,0.008065,0.016,1.0,,,2.0286
"D=1.5, white",D15_white,GP,1022,50,124,1,1.0,0.008065,0.016,1.0,,,2.0286
"D=1.5, white",D15_white,GP,1022,100,124,1,1.0,0.008065,0.016,1.0,,,2.0286
"D=1.5, white",D15_white,GP,1023,25,115,1,1.0,0.008696,0.017241,0.0,,,2.0835
"D=1.5, white",D15_white,GP,1023,50,115,1,1.0,0.008696,0.017241,0.0,,,2.0835
"D=1.5, white",D15_white,GP,1023,100,115,1,1.0,0.008696,0.017241,0.0,,,2.0835
"D=1.5, white",D15_white,GP,1024,25,101,1,1.0,0.009901,0.019608,0.0,,,1.9961
"D=1.5, white",D15_white,GP,1024,50,101,1,1.0,0.009901,0.019608,0.0,,,1.9961
"D=1.5, white",D15_white,GP,1024,100,101,1,1.0,0.009901,0.019608,0.0,,,1.9961
"D=1.5, white",D15_white,GP,1025,25,103,1,1.0,0.009709,0.019231,1.0,,,2.086
"D=1.5, white",D15_white,GP,1025,50,103,1,1.0,0.009709,0.019231,1.0,,,2.086
"D=1.5, white",D15_white,GP,1025,100,103,1,1.0,0.009709,0.019231,1.0,,,2.086
"D=1.5, white",D15_white,GP,1026,25,100,1,1.0,0.01,0.019802,0.0,,,2.0875
"D=1.5, white",D15_white,GP,1026,50,100,1,1.0,0.01,0.019802,0.0,,,2.0875
"D=1.5, white",D15_white,GP,1026,100,100,1,1.0,0.01,0.019802,0.0,,,2.0875
"D=1.5, white",D15_white,GP,1027,25,106,1,1.0,0.009434,0.018692,20.0,,,2.0513
"D=1.5, white",D15_white,GP,1027,50,106,1,1.0,0.009434,0.018692,20.0,,,2.0513
"D=1.5, white",D15_white,GP,1027,100,106,1,1.0,0.009434,0.018692,20.0,,,2.0513
"D=1.5, white",D15_white,GP,1028,25,122,1,1.0,0.008197,0.01626,1.0,,,2.0552
"D=1.5, white",D15_white,GP,1028,50,122,1,1.0,0.008197,0.01626,1.0,,,2.0552
"D=1.5, white",D15_white,GP,1028,100,122,1,1.0,0.008197,0.01626,1.0,,,2.0552
"D=1.5, white",D15_white,GP,1029,25,111,1,1.0,0.009009,0.017857,1.0,,,1.843
"D=1.5, white",D15_white,GP,1029,50,111,1,1.0,0.009009,0.017857,1.0,,,1.843
"D=1.5, white",D15_white,GP,1029,100,111,1,1.0,0.009009,0.017857,1.0,,,1.843
"D=1.5, white",D15_white,GP,1030,25,127,1,1.0,0.007874,0.015625,1.0,,,2.1678
"D=1.5, white",D15_white,GP,1030,50,127,1,1.0,0.007874,0.015625,1.0,,,2.1678
"D=1.5, white",D15_white,GP,1030,100,127,1,1.0,0.007874,0.015625,1.0,,,2.1678
"D=1.5, white",D15_white,GP,1031,25,154,1,1.0,0.006494,0.012903,4.0,,,2.2582
"D=1.5, white",D15_white,GP,1031,50,154,1,1.0,0.006494,0.012903,4.0,,,2.2582
"D=1.5, white",D15_white,GP,1031,100,154,1,1.0,0.006494,0.012903,4.0,,,2.2582
"D=1.5, white",D15_white,GP,1032,25,112,1,1.0,0.008929,0.017699,1.0,,,2.1249
"D=1.5, white",D15_white,GP,1032,50,112,1,1.0,0.008929,0.017699,1.0,,,2.1249
"D=1.5, white",D15_white,GP,1032,100,112,1,1.0,0.008929,0.017699,1.0,,,2.1249
"D=1.5, white",D15_white,GP,1033,25,101,1,1.0,0.009901,0.019608,1.0,,,1.995
"D=1.5, white",D15_white,GP,1033,50,101,1,1.0,0.009901,0.019608,1.0,,,1.995
"D=1.5, white",D15_white,GP,1033,100,101,1,1.0,0.009901,0.019608,1.0,,,1.995
"D=1.5, white",D15_white,GP,1034,25,125,1,1.0,0.008,0.015873,1.0,,,2.0408
"D=1.5, white",D15_white,GP,1034,50,125,1,1.0,0.008,0.015873,1.0,,,2.0408
"D=1.5, white",D15_white,GP,1034,100,125,1,1.0,0.008,0.015873,1.0,,,2.0408
"D=1.5, white",D15_white,GP,1035,25,107,1,1.0,0.009346,0.018519,1.0,,,2.0934
"D=1.5, white",D15_white,GP,1035,50,107,1,1.0,0.009346,0.018519,1.0,,,2.0934
"D=1.5, white",D15_white,GP,1035,100,107,1,1.0,0.009346,0.018519,1.0,,,2.0934
"D=1.5, white",D15_white,GP,1036,25,116,1,1.0,0.008621,0.017094,1.0,,,2.2836
"D=1.5, white",D15_white,GP,1036,50,116,1,1.0,0.008621,0.017094,1.0,,,2.2836
"D=1.5, white",D15_white,GP,1036,100,116,1,1.0,0.008621,0.017094,1.0,,,2.2836
"D=1.5, white",D15_white,GP,1037,25,112,1,1.0,0.008929,0.017699,0.0,,,2.4002
"D=1.5, white",D15_white,GP,1037,50,112,1,1.0,0.008929,0.017699,0.0,,,2.4002
"D=1.5, white",D15_white,GP,1037,100,112,1,1.0,0.008929,0.017699,0.0,,,2.4002
"D=1.5, white",D15_white,GP,1038,25,130,1,1.0,0.007692,0.015267,1.0,,,1.9124
"D=1.5, white",D15_white,GP,1038,50,130,1,1.0,0.007692,0.015267,1.0,,,1.9124
"D=1.5, white",D15_white,GP,1038,100,130,1,1.0,0.007692,0.015267,1.0,,,1.9124
"D=1.5, white",D15_white,GP,1039,25,105,1,1.0,0.009524,0.018868,1.0,,,1.9746
"D=1.5, white",D15_white,GP,1039,50,105,1,1.0,0.009524,0.018868,1.0,,,1.9746
"D=1.5, white",D15_white,GP,1039,100,105,1,1.0,0.009524,0.018868,1.0,,,1.9746
"D=1.5, white",D15_white,GP,1040,25,113,1,1.0,0.00885,0.017544,3.0,,,2.0414
"D=1.5, white",D15_white,GP,1040,50,113,1,1.0,0.00885,0.017544,3.0,,,2.0414
"D=1.5, white",D15_white,GP,1040,100,113,1,1.0,0.00885,0.017544,3.0,,,2.0414
"D=1.5, white",D15_white,GP,1041,25,133,1,1.0,0.007519,0.014925,1.0,,,2.0648
"D=1.5, white",D15_white,GP,1041,50,133,1,1.0,0.007519,0.014925,1.0,,,2.0648
"D=1.5, white",D15_white,GP,1041,100,133,1,1.0,0.007519,0.014925,1.0,,,2.0648
"D=1.5, white",D15_white,GP,1042,25,127,1,1.0,0.007874,0.015625,13.0,,,2.1495
"D=1.5, white",D15_white,GP,1042,50,127,1,1.0,0.007874,0.015625,13.0,,,2.1495
"D=1.5, white",D15_white,GP,1042,100,127,1,1.0,0.007874,0.015625,13.0,,,2.1495
"D=1.5, white",D15_white,GP,1043,25,123,2,1.0,0.01626,0.032,1.0,,,2.0133
"D=1.5, white",D15_white,GP,1043,50,123,2,1.0,0.01626,0.032,1.0,,,2.0133
"D=1.5, white",D15_white,GP,1043,100,123,2,1.0,0.01626,0.032,1.0,,,2.0133
"D=1.5, white",D15_white,GP,1044,25,101,1,1.0,0.009901,0.019608,1.0,,,2.1288
"D=1.5, white",D15_white,GP,1044,50,101,1,1.0,0.009901,0.019608,1.0,,,2.1288
"D=1.5, white",D15_white,GP,1044,100,101,1,1.0,0.009901,0.019608,1.0,,,2.1288
"D=1.5, white",D15_white,GP,1045,25,113,1,1.0,0.00885,0.017544,9.0,,,2.2724
"D=1.5, white",D15_white,GP,1045,50,113,1,1.0,0.00885,0.017544,9.0,,,2.2724
"D=1.5, white",D15_white,GP,1045,100,113,1,1.0,0.00885,0.017544,9.0,,,2.2724
"D=1.5, white",D15_white,GP,1046,25,124,1,1.0,0.008065,0.016,1.0,,,2.2797
"D=1.5, white",D15_white,GP,1046,50,124,1,1.0,0.008065,0.016,1.0,,,2.2797
"D=1.5, white",D15_white,GP,1046,100,124,1,1.0,0.008065,0.016,1.0,,,2.2797
"D=1.5, white",D15_white,GP,1047,25,111,1,1.0,0.009009,0.017857,1.0,,,2.1462
"D=1.5, white",D15_white,GP,1047,50,111,1,1.0,0.009009,0.017857,1.0,,,2.1462
"D=1.5, white",D15_white,GP,1047,100,111,1,1.0,0.009009,0.017857,1.0,,,2.1462
"D=1.5, white",D15_white,GP,1048,25,134,1,1.0,0.007463,0.014815,1.0,,,2.0381
"D=1.5, white",D15_white,GP,1048,50,134,1,1.0,0.007463,0.014815,1.0,,,2.0381
"D=1.5, white",D15_white,GP,1048,100,134,1,1.0,0.007463,0.014815,1.0,,,2.0381
"D=1.5, white",D15_white,GP,1049,25,123,1,1.0,0.00813,0.016129,1.0,,,2.2102
"D=1.5, white",D15_white,GP,1049,50,123,1,1.0,0.00813,0.016129,1.0,,,2.2102
"D=1.5, white",D15_white,GP,1049,100,123,1,1.0,0.00813,0.016129,1.0,,,2.2102
"D=0.5, white",D05_white,Transformer_v2,1000,25,5,13,0.307692,0.8,0.444444,3.75,0.908,0.4625,15.9479
"D=0.5, white",D05_white,Transformer_v2,1000,50,5,13,0.307692,0.8,0.444444,3.75,0.8278,0.3967,15.9479
"D=0.5, white",D05_white,Transformer_v2,1000,100,5,13,0.307692,0.8,0.444444,3.75,0.6204,0.401,15.9479
"D=0.5, white",D05_white,Transformer_v2,1001,25,1,20,0.0,0.0,0.0,9999.0,,,7.3868
"D=0.5, white",D05_white,Transformer_v2,1001,50,1,20,0.0,0.0,0.0,9999.0,0.7279,0.0046,7.3868
"D=0.5, white",D05_white,Transformer_v2,1001,100,1,20,0.0,0.0,0.0,9999.0,0.4544,0.024,7.3868
"D=0.5, white",D05_white,Transformer_v2,1002,25,1,16,0.0,0.0,0.0,9999.0,,,8.8523
"D=0.5, white",D05_white,Transformer_v2,1002,50,1,16,0.0,0.0,0.0,9999.0,0.3869,0.0033,8.8523
"D=0.5, white",D05_white,Transformer_v2,1002,100,1,16,0.0,0.0,0.0,9999.0,0.4463,0.0251,8.8523
"D=0.5, white",D05_white,Transformer_v2,1003,25,3,15,0.066667,0.333333,0.111111,2.0,0.6977,0.1203,7.5173
"D=0.5, white",D05_white,Transformer_v2,1003,50,3,15,0.066667,0.333333,0.111111,2.0,0.5591,0.0997,7.5173
"D=0.5, white",D05_white,Transformer_v2,1003,100,3,15,0.133333,0.666667,0.222222,33.0,0.5417,0.1447,7.5173
"D=0.5, white",D05_white,Transformer_v2,1004,25,3,19,0.105263,0.666667,0.181818,3.0,0.6105,0.293,6.279
"D=0.5, white",D05_white,Transformer_v2,1004,50,3,19,0.105263,0.666667,0.181818,3.0,0.4425,0.1767,6.279
"D=0.5, white",D05_white,Transformer_v2,1004,100,3,19,0.105263,0.666667,0.181818,3.0,0.5164,0.1972,6.279
"D=0.5, white",D05_white,Transformer_v2,1005,25,3,19,0.105263,0.666667,0.181818,3.5,0.8781,0.3953,8.2539
"D=0.5, white",D05_white,Transformer_v2,1005,50,3,19,0.105263,0.666667,0.181818,3.5,0.7926,0.2688,8.2539
"D=0.5, white",D05_white,Transformer_v2,1005,100,3,19,0.105263,0.666667,0.181818,3.5,0.5744,0.2208,8.2539
"D=0.5, white",D05_white,Transformer_v2,1006,25,1,17,0.0,0.0,0.0,9999.0,,,7.7872
"D=0.5, white",D05_white,Transformer_v2,1006,50,1,17,0.0,0.0,0.0,9999.0,0.1642,0.0031,7.7872
"D=0.5, white",D05_white,Transformer_v2,1006,100,1,17,0.0,0.0,0.0,9999.0,0.3719,0.0227,7.7872
"D=0.5, white",D05_white,Transformer_v2,1007,25,1,16,0.0,0.0,0.0,9999.0,,,8.2922
"D=0.5, white",D05_white,Transformer_v2,1007,50,1,16,0.0,0.0,0.0,9999.0,0.5861,0.0042,8.2922
"D=0.5, white",D05_white,Transformer_v2,1007,100,1,16,0.0625,1.0,0.117647,61.0,0.6737,0.0869,8.2922
"D=0.5, white",D05_white,Transformer_v2,1008,25,3,14,0.142857,0.666667,0.235294,2.5,0.8792,0.3877,7.449
"D=0.5, white",D05_white,Transformer_v2,1008,50,3,14,0.142857,0.666667,0.235294,2.5,0.7917,0.2699,7.449
"D=0.5, white",D05_white,Transformer_v2,1008,100,3,14,0.142857,0.666667,0.235294,2.5,0.6486,0.2583,7.449
"D=0.5, white",D05_white,Transformer_v2,1009,25,3,19,0.052632,0.333333,0.090909,1.0,0.8911,0.3971,7.6851
"D=0.5, white",D05_white,Transformer_v2,1009,50,3,19,0.052632,0.333333,0.090909,1.0,0.7771,0.2504,7.6851
"D=0.5, white",D05_white,Transformer_v2,1009,100,3,19,0.052632,0.333333,0.090909,1.0,0.6429,0.1878,7.6851
"D=0.5, white",D05_white,Transformer_v2,1010,25,3,17,0.117647,0.666667,0.2,4.5,0.9076,0.3891,6.568
"D=0.5, white",D05_white,Transformer_v2,1010,50,3,17,0.117647,0.666667,0.2,4.5,0.8311,0.2917,6.568
"D=0.5, white",D05_white,Transformer_v2,1010,100,3,17,0.117647,0.666667,0.2,4.5,0.5759,0.2201,6.568
"D=0.5, white",D05_white,Transformer_v2,1011,25,3,14,0.142857,0.666667,0.235294,3.5,0.8975,0.3691,6.7169
"D=0.5, white",D05_white,Transformer_v2,1011,50,3,14,0.142857,0.666667,0.235294,3.5,0.8668,0.3114,6.7169
"D=0.5, white",D05_white,Transformer_v2,1011,100,3,14,0.142857,0.666667,0.235294,3.5,0.6034,0.2465,6.7169
"D=0.5, white",D05_white,Transformer_v2,1012,25,1,17,0.0,0.0,0.0,9999.0,,,7.0482
"D=0.5, white",D05_white,Transformer_v2,1012,50,1,17,0.058824,1.0,0.111111,49.0,0.8261,0.0122,7.0482
"D=0.5, white",D05_white,Transformer_v2,1012,100,1,17,0.058824,1.0,0.111111,49.0,0.5072,0.0332,7.0482
"D=0.5, white",D05_white,Transformer_v2,1013,25,3,21,0.047619,0.333333,0.083333,2.0,0.6257,0.2979,7.6476
"D=0.5, white",D05_white,Transformer_v2,1013,50,3,21,0.047619,0.333333,0.083333,2.0,0.5438,0.1944,7.6476
"D=0.5, white",D05_white,Transformer_v2,1013,100,3,21,0.047619,0.333333,0.083333,2.0,0.4793,0.189,7.6476
"D=0.5, white",D05_white,Transformer_v2,1014,25,3,13,0.153846,0.666667,0.25,3.5,0.9224,0.411,7.4759
"D=0.5, white",D05_white,Transformer_v2,1014,50,3,13,0.153846,0.666667,0.25,3.5,0.8592,0.3098,7.4759
"D=0.5, white",D05_white,Transformer_v2,1014,100,3,13,0.153846,0.666667,0.25,3.5,0.6245,0.2382,7.4759
"D=0.5, white",D05_white,Transformer_v2,1015,25,1,14,0.0,0.0,0.0,9999.0,,,7.1543
"D=0.5, white",D05_white,Transformer_v2,1015,50,1,14,0.0,0.0,0.0,9999.0,0.4292,0.0039,7.1543
"D=0.5, white",D05_white,Transformer_v2,1015,100,1,14,0.0,0.0,0.0,9999.0,0.3011,0.0204,7.1543
"D=0.5, white",D05_white,Transformer_v2,1016,25,3,13,0.153846,0.666667,0.25,4.5,0.9185,0.4164,6.7293
"D=0.5, white",D05_white,Transformer_v2,1016,50,3,13,0.153846,0.666667,0.25,4.5,0.8822,0.3668,6.7293
"D=0.5, white",D05_white,Transformer_v2,1016,100,3,13,0.230769,1.0,0.375,22.6667,0.743,0.3235,6.7293
"D=0.5, white",D05_white,Transformer_v2,1017,25,1,10,0.0,0.0,0.0,9999.0,,,7.0803
"D=0.5, white",D05_white,Transformer_v2,1017,50,1,10,0.0,0.0,0.0,9999.0,0.1318,0.0017,7.0803
"D=0.5, white",D05_white,Transformer_v2,1017,100,1,10,0.1,1.0,0.181818,68.0,0.4884,0.049,7.0803
"D=0.5, white",D05_white,Transformer_v2,1018,25,1,17,0.0,0.0,0.0,9999.0,,,8.3739
"D=0.5, white",D05_white,Transformer_v2,1018,50,1,17,0.0,0.0,0.0,9999.0,0.5843,0.0042,8.3739
"D=0.5, white",D05_white,Transformer_v2,1018,100,1,17,0.058824,1.0,0.111111,89.0,0.6827,0.1242,8.3739
"D=0.5, white",D05_white,Transformer_v2,1019,25,1,13,0.0,0.0,0.0,9999.0,,,8.0365
"D=0.5, white",D05_white,Transformer_v2,1019,50,1,13,0.0,0.0,0.0,9999.0,0.1551,0.0021,8.0365
"D=0.5, white",D05_white,Transformer_v2,1019,100,1,13,0.0,0.0,0.0,9999.0,0.309,0.0196,8.0365
"D=0.5, white",D05_white,Transformer_v2,1020,25,1,17,0.0,0.0,0.0,9999.0,,,14.6392
"D=0.5, white",D05_white,Transformer_v2,1020,50,1,17,0.0,0.0,0.0,9999.0,0.2104,0.0025,14.6392
"D=0.5, white",D05_white,Transformer_v2,1020,100,1,17,0.058824,1.0,0.111111,87.0,0.3874,0.0249,14.6392
"D=0.5, white",D05_white,Transformer_v2,1021,25,1,14,0.0,0.0,0.0,9999.0,,,16.6285
"D=0.5, white",D05_white,Transformer_v2,1021,50,1,14,0.071429,1.0,0.133333,49.0,0.8834,0.0233,16.6285
"D=0.5, white",D05_white,Transformer_v2,1021,100,1,14,0.071429,1.0,0.133333,49.0,0.4442,0.0256,16.6285
"D=0.5, white",D05_white,Transformer_v2,1022,25,3,18,0.111111,0.666667,0.190476,3.0,0.9045,0.4186,14.9439
"D=0.5, white",D05_white,Transformer_v2,1022,50,3,18,0.111111,0.666667,0.190476,3.0,0.7857,0.2975,14.9439
"D=0.5, white",D05_white,Transformer_v2,1022,100,3,18,0.111111,0.666667,0.190476,3.0,0.6837,0.2919,14.9439
"D=0.5, white",D05_white,Transformer_v2,1023,25,3,19,0.105263,0.666667,0.181818,4.5,0.9273,0.4781,14.9345
"D=0.5, white",D05_white,Transformer_v2,1023,50,3,19,0.105263,0.666667,0.181818,4.5,0.8311,0.3279,14.9345
"D=0.5, white",D05_white,Transformer_v2,1023,100,3,19,0.157895,1.0,0.272727,21.3333,0.619,0.2643,14.9345
"D=0.5, white",D05_white,Transformer_v2,1024,25,5,19,0.157895,0.6,0.25,2.6667,0.9028,0.4672,7.4026
"D=0.5, white",D05_white,Transformer_v2,1024,50,5,19,0.157895,0.6,0.25,2.6667,0.821,0.3862,7.4026
"D=0.5, white",D05_white,Transformer_v2,1024,100,5,19,0.263158,1.0,0.416667,29.8,0.688,0.4396,7.4026
"D=0.5, white",D05_white,Transformer_v2,1025,25,1,16,0.0,0.0,0.0,9999.0,,,14.5251
"D=0.5, white",D05_white,Transformer_v2,1025,50,1,16,0.0,0.0,0.0,9999.0,0.5617,0.0041,14.5251
"D=0.5, white",D05_white,Transformer_v2,1025,100,1,16,0.0625,1.0,0.117647,56.0,0.619,0.0639,14.5251
"D=0.5, white",D05_white,Transformer_v2,1026,25,1,16,0.0,0.0,0.0,9999.0,,,16.8659
"D=0.5, white",D05_white,Transformer_v2,1026,50,1,16,0.0,0.0,0.0,9999.0,0.4352,0.0047,16.8659
"D=0.5, white",D05_white,Transformer_v2,1026,100,1,16,0.0,0.0,0.0,9999.0,0.4128,0.0252,16.8659
"D=0.5, white",D05_white,Transformer_v2,1027,25,3,14,0.142857,0.666667,0.235294,0.5,0.6364,0.2867,12.9943
"D=0.5, white",D05_white,Transformer_v2,1027,50,3,14,0.142857,0.666667,0.235294,0.5,0.5493,0.1906,12.9943
"D=0.5, white",D05_white,Transformer_v2,1027,100,3,14,0.214286,1.0,0.352941,27.3333,0.5974,0.2197,12.9943
"D=0.5, white",D05_white,Transformer_v2,1028,25,5,14,0.142857,0.4,0.210526,1.5,0.9097,0.4678,8.0415
"D=0.5, white",D05_white,Transformer_v2,1028,50,5,14,0.214286,0.6,0.315789,17.6667,0.8872,0.4635,8.0415
"D=0.5, white",D05_white,Transformer_v2,1028,100,5,14,0.285714,0.8,0.421053,26.25,0.6825,0.4591,8.0415
"D=0.5, white",D05_white,Transformer_v2,1029,25,3,14,0.142857,0.666667,0.235294,3.0,0.9225,0.4063,3.3579
"D=0.5, white",D05_white,Transformer_v2,1029,50,3,14,0.142857,0.666667,0.235294,3.0,0.882,0.325,3.3579
"D=0.5, white",D05_white,Transformer_v2,1029,100,3,14,0.142857,0.666667,0.235294,3.0,0.6754,0.2824,3.3579
"D=0.5, white",D05_white,Transformer_v2,1030,25,3,16,0.125,0.666667,0.210526,4.0,0.925,0.482,5.7558
"D=0.5, white",D05_white,Transformer_v2,1030,50,3,16,0.125,0.666667,0.210526,4.0,0.8025,0.3511,5.7558
"D=0.5, white",D05_white,Transformer_v2,1030,100,3,16,0.1875,1.0,0.315789,29.3333,0.6967,0.324,5.7558
"D=0.5, white",D05_white,Transformer_v2,1031,25,1,21,0.0,0.0,0.0,9999.0,,,7.3008
"D=0.5, white",D05_white,Transformer_v2,1031,50,1,21,0.0,0.0,0.0,9999.0,0.8089,0.0078,7.3008
"D=0.5, white",D05_white,Transformer_v2,1031,100,1,21,0.047619,1.0,0.090909,61.0,0.588,0.0387,7.3008
"D=0.5, white",D05_white,Transformer_v2,1032,25,1,16,0.0,0.0,0.0,9999.0,,,7.0835
"D=0.5, white",D05_white,Transformer_v2,1032,50,1,16,0.0625,1.0,0.117647,44.0,0.964,0.0564,7.0835
"D=0.5, white",D05_white,Transformer_v2,1032,100,1,16,0.0625,1.0,0.117647,44.0,0.378,0.0277,7.0835
"D=0.5, white",D05_white,Transformer_v2,1033,25,1,13,0.0,0.0,0.0,9999.0,,,7.4917
"D=0.5, white",D05_white,Transformer_v2,1033,50,1,13,0.0,0.0,0.0,9999.0,0.2584,0.0017,7.4917
"D=0.5, white",D05_white,Transformer_v2,1033,100,1,13,0.076923,1.0,0.142857,70.0,0.5769,0.0447,7.4917
"D=0.5, white",D05_white,Transformer_v2,1034,25,1,18,0.0,0.0,0.0,9999.0,,,6.4899
"D=0.5, white",D05_white,Transformer_v2,1034,50,1,18,0.055556,1.0,0.105263,48.0,0.8656,0.0287,6.4899
"D=0.5, white",D05_white,Transformer_v2,1034,100,1,18,0.055556,1.0,0.105263,48.0,0.4344,0.0272,6.4899
"D=0.5, white",D05_white,Transformer_v2,1035,25,3,14,0.071429,0.333333,0.117647,2.0,0.7792,0.2945,3.7154
"D=0.5, white",D05_white,Transformer_v2,1035,50,3,14,0.071429,0.333333,0.117647,2.0,0.5594,0.185,3.7154
"D=0.5, white",D05_white,Transformer_v2,1035,100,3,14,0.142857,0.666667,0.235294,35.5,0.528,0.1957,3.7154
"D=0.5, white",D05_white,Transformer_v2,1036,25,3,16,0.125,0.666667,0.210526,4.5,0.9139,0.4505,3.9023
"D=0.5, white",D05_white,Transformer_v2,1036,50,3,16,0.125,0.666667,0.210526,4.5,0.8009,0.3036,3.9023
"D=0.5, white",D05_white,Transformer_v2,1036,100,3,16,0.125,0.666667,0.210526,4.5,0.6514,0.2579,3.9023
"D=0.5, white",D05_white,Transformer_v2,1037,25,3,18,0.055556,0.333333,0.095238,0.0,0.892,0.3812,3.5447
"D=0.5, white",D05_white,Transformer_v2,1037,50,3,18,0.111111,0.666667,0.190476,15.5,0.8085,0.2756,3.5447
"D=0.5, white",D05_white,Transformer_v2,1037,100,3,18,0.111111,0.666667,0.190476,15.5,0.6405,0.2519,3.5447
"D=0.5, white",D05_white,Transformer_v2,1038,25,1,16,0.0,0.0,0.0,9999.0,,,3.3987
"D=0.5, white",D05_white,Transformer_v2,1038,50,1,16,0.0,0.0,0.0,9999.0,0.536,0.0032,3.3987
"D=0.5, white",D05_white,Transformer_v2,1038,100,1,16,0.0,0.0,0.0,9999.0,0.5463,0.0317,3.3987
"D=0.5, white",D05_white,Transformer_v2,1039,25,1,13,0.0,0.0,0.0,9999.0,,,3.2367
"D=0.5, white",D05_white,Transformer_v2,1039,50,1,13,0.0,0.0,0.0,9999.0,0.4303,0.0031,3.2367
"D=0.5, white",D05_white,Transformer_v2,1039,100,1,13,0.0,0.0,0.0,9999.0,0.2978,0.0197,3.2367
"D=0.5, white",D05_white,Transformer_v2,1040,25,1,13,0.0,0.0,0.0,9999.0,,,3.0124
"D=0.5, white",D05_white,Transformer_v2,1040,50,1,13,0.0,0.0,0.0,9999.0,0.533,0.0042,3.0124
"D=0.5, white",D05_white,Transformer_v2,1040,100,1,13,0.076923,1.0,0.142857,65.0,0.6682,0.0555,3.0124
"D=0.5, white",D05_white,Transformer_v2,1041,25,1,11,0.0,0.0,0.0,9999.0,,,3.1776
"D=0.5, white",D05_white,Transformer_v2,1041,50,1,11,0.0,0.0,0.0,9999.0,0.7675,0.0145,3.1776
"D=0.5, white",D05_white,Transformer_v2,1041,100,1,11,0.0,0.0,0.0,9999.0,0.5203,0.0322,3.1776
"D=0.5, white",D05_white,Transformer_v2,1042,25,1,21,0.0,0.0,0.0,9999.0,,,3.6413
"D=0.5, white",D05_white,Transformer_v2,1042,50,1,21,0.0,0.0,0.0,9999.0,0.5501,0.0038,3.6413
"D=0.5, white",D05_white,Transformer_v2,1042,100,1,21,0.0,0.0,0.0,9999.0,0.5009,0.0272,3.6413
"D=0.5, white",D05_white,Transformer_v2,1043,25,3,18,0.055556,0.333333,0.095238,2.0,0.893,0.3583,3.2047
"D=0.5, white",D05_white,Transformer_v2,1043,50,3,18,0.055556,0.333333,0.095238,2.0,0.7917,0.2012,3.2047
"D=0.5, white",D05_white,Transformer_v2,1043,100,3,18,0.166667,1.0,0.285714,48.0,0.6653,0.2195,3.2047
"D=0.5, white",D05_white,Transformer_v2,1044,25,3,15,0.133333,0.666667,0.222222,3.5,0.8882,0.3576,3.7279
"D=0.5, white",D05_white,Transformer_v2,1044,50,3,15,0.133333,0.666667,0.222222,3.5,0.815,0.2618,3.7279
"D=0.5, white",D05_white,Transformer_v2,1044,100,3,15,0.2,1.0,0.333333,30.3333,0.6045,0.2559,3.7279
"D=0.5, white",D05_white,Transformer_v2,1045,25,1,13,0.0,0.0,0.0,9999.0,,,3.4814
"D=0.5, white",D05_white,Transformer_v2,1045,50,1,13,0.0,0.0,0.0,9999.0,0.787,0.0059,3.4814
"D=0.5, white",D05_white,Transformer_v2,1045,100,1,13,0.0,0.0,0.0,9999.0,0.4611,0.0248,3.4814
"D=0.5, white",D05_white,Transformer_v2,1046,25,1,18,0.0,0.0,0.0,9999.0,,,3.6659
"D=0.5, white",D05_white,Transformer_v2,1046,50,1,18,0.0,0.0,0.0,9999.0,0.4928,0.0048,3.6659
"D=0.5, white",D05_white,Transformer_v2,1046,100,1,18,0.055556,1.0,0.105263,92.0,0.5273,0.0445,3.6659
"D=0.5, white",D05_white,Transformer_v2,1047,25,3,11,0.090909,0.333333,0.142857,2.0,0.8951,0.2022,3.4337
"D=0.5, white",D05_white,Transformer_v2,1047,50,3,11,0.090909,0.333333,0.142857,2.0,0.8009,0.1325,3.4337
"D=0.5, white",D05_white,Transformer_v2,1047,100,3,11,0.090909,0.333333,0.142857,2.0,0.5998,0.1047,3.4337
"D=0.5, white",D05_white,Transformer_v2,1048,25,7,20,0.3,0.857143,0.444444,4.3333,0.915,0.5733,3.4388
"D=0.5, white",D05_white,Transformer_v2,1048,50,7,20,0.3,0.857143,0.444444,4.3333,0.8617,0.5312,3.4388
"D=0.5, white",D05_white,Transformer_v2,1048,100,7,20,0.3,0.857143,0.444444,4.3333,0.811,0.5398,3.4388
"D=0.5, white",D05_white,Transformer_v2,1049,25,3,21,0.0,0.0,0.0,9999.0,,,2.1843
"D=0.5, white",D05_white,Transformer_v2,1049,50,3,21,0.0,0.0,0.0,9999.0,0.756,0.0217,2.1843
"D=0.5, white",D05_white,Transformer_v2,1049,100,3,21,0.047619,0.333333,0.083333,54.0,0.4664,0.0581,2.1843
"D=1, white",D10_white,Transformer_v2,1000,25,39,28,0.785714,0.564103,0.656716,3.6818,0.7579,0.7632,2.0968
"D=1, white",D10_white,Transformer_v2,1000,50,39,28,0.821429,0.589744,0.686567,4.7826,0.7269,0.8872,2.0968
"D=1, white",D10_white,Transformer_v2,1000,100,39,28,0.928571,0.666667,0.776119,12.1154,0.8763,0.9974,2.0968
"D=1, white",D10_white,Transformer_v2,1001,25,35,34,0.676471,0.657143,0.666667,2.913,0.7978,0.7654,2.1018
"D=1, white",D10_white,Transformer_v2,1001,50,35,34,0.705882,0.685714,0.695652,3.875,0.7279,0.8507,2.1018
"D=1, white",D10_white,Transformer_v2,1001,100,35,34,0.794118,0.771429,0.782609,9.4444,0.5745,0.9501,2.1018
"D=1, white",D10_white,Transformer_v2,1002,25,43,33,0.818182,0.627907,0.710526,2.7407,0.8396,0.8292,2.1576
"D=1, white",D10_white,Transformer_v2,1002,50,43,33,0.818182,0.627907,0.710526,2.7407,0.8052,0.9005,2.1576
"D=1, white",D10_white,Transformer_v2,1002,100,43,33,0.909091,0.697674,0.789474,8.4667,0.6601,0.9756,2.1576
"D=1, white",D10_white,Transformer_v2,1003,25,43,33,0.666667,0.511628,0.578947,3.5909,0.7568,0.6794,2.1003
"D=1, white",D10_white,Transformer_v2,1003,50,43,33,0.757576,0.581395,0.657895,6.92,0.6946,0.7863,2.1003
"D=1, white",D10_white,Transformer_v2,1003,100,43,33,0.787879,0.604651,0.684211,9.1923,0.6014,0.8914,2.1003
"D=1, white",D10_white,Transformer_v2,1004,25,45,35,0.828571,0.644444,0.725,5.3103,0.731,0.758,2.2619
"D=1, white",D10_white,Transformer_v2,1004,50,45,35,0.828571,0.644444,0.725,5.3103,0.7052,0.8634,2.2619
"D=1, white",D10_white,Transformer_v2,1004,100,45,35,0.885714,0.688889,0.775,8.9355,0.6729,0.9621,2.2619
"D=1, white",D10_white,Transformer_v2,1005,25,37,31,0.741935,0.621622,0.676471,3.4348,0.7699,0.76,2.0962
"D=1, white",D10_white,Transformer_v2,1005,50,37,31,0.741935,0.621622,0.676471,3.4348,0.7239,0.859,2.0962
"D=1, white",D10_white,Transformer_v2,1005,100,37,31,0.83871,0.702703,0.764706,10.2308,0.689,0.9447,2.0962
"D=1, white",D10_white,Transformer_v2,1006,25,39,41,0.731707,0.769231,0.75,4.9667,0.8819,0.8631,1.995
"D=1, white",D10_white,Transformer_v2,1006,50,39,41,0.756098,0.794872,0.775,5.6774,0.832,0.901,1.995
"D=1, white",D10_white,Transformer_v2,1006,100,39,41,0.829268,0.871795,0.85,10.8824,0.7124,0.9644,1.995
"D=1, white",D10_white,Transformer_v2,1007,25,21,24,0.625,0.714286,0.666667,3.6667,0.7727,0.6256,1.6886
"D=1, white",D10_white,Transformer_v2,1007,50,21,24,0.625,0.714286,0.666667,3.6667,0.6954,0.6591,1.6886
"D=1, white",D10_white,Transformer_v2,1007,100,21,24,0.666667,0.761905,0.711111,8.0,0.5908,0.7296,1.6886
"D=1, white",D10_white,Transformer_v2,1008,25,57,36,0.888889,0.561404,0.688172,2.7188,0.8066,0.8634,1.726
"D=1, white",D10_white,Transformer_v2,1008,50,57,36,0.916667,0.578947,0.709677,3.7273,0.7807,0.9424,1.726
"D=1, white",D10_white,Transformer_v2,1008,100,57,36,1.0,0.631579,0.774194,9.4722,0.696,0.9901,1.726
"D=1, white",D10_white,Transformer_v2,1009,25,45,36,0.75,0.6,0.666667,2.8519,0.7954,0.7795,1.7878
"D=1, white",D10_white,Transformer_v2,1009,50,45,36,0.777778,0.622222,0.691358,4.5357,0.7434,0.8521,1.7878
"D=1, white",D10_white,Transformer_v2,1009,100,45,36,0.861111,0.688889,0.765432,9.9032,0.7088,0.9816,1.7878
"D=1, white",D10_white,Transformer_v2,1010,25,37,35,0.742857,0.702703,0.722222,4.3077,0.8377,0.8034,2.0892
"D=1, white",D10_white,Transformer_v2,1010,50,37,35,0.742857,0.702703,0.722222,4.3077,0.7776,0.8326,2.0892
"D=1, white",D10_white,Transformer_v2,1010,100,37,35,0.828571,0.783784,0.805556,12.5172,0.7308,0.9062,2.0892
"D=1, white",D10_white,Transformer_v2,1011,25,43,36,0.916667,0.767442,0.835443,4.0606,0.8879,0.8943,2.2938
"D=1, white",D10_white,Transformer_v2,1011,50,43,36,0.944444,0.790698,0.860759,4.7647,0.8837,0.9478,2.2938
"D=1, white",D10_white,Transformer_v2,1011,100,43,36,0.944444,0.790698,0.860759,4.7647,0.8186,0.9792,2.2938
"D=1, white",D10_white,Transformer_v2,1012,25,41,43,0.697674,0.731707,0.714286,4.6,0.8308,0.7793,2.2294
"D=1, white",D10_white,Transformer_v2,1012,50,41,43,0.72093,0.756098,0.738095,6.0,0.7818,0.8509,2.2294
"D=1, white",D10_white,Transformer_v2,1012,100,41,43,0.767442,0.804878,0.785714,9.0,0.7091,0.9309,2.2294
"D=1, white",D10_white,Transformer_v2,1013,25,49,37,0.810811,0.612245,0.697674,2.8,0.8197,0.8207,2.5106
"D=1, white",D10_white,Transformer_v2,1013,50,49,37,0.810811,0.612245,0.697674,2.8,0.787,0.8767,2.5106
"D=1, white",D10_white,Transformer_v2,1013,100,49,37,0.891892,0.673469,0.767442,9.9697,0.7668,0.9598,2.5106
"D=1, white",D10_white,Transformer_v2,1014,25,35,31,0.741935,0.657143,0.69697,3.1739,0.8709,0.8143,3.9344
"D=1, white",D10_white,Transformer_v2,1014,50,35,31,0.774194,0.685714,0.727273,4.375,0.8393,0.8853,3.9344
"D=1, white",D10_white,Transformer_v2,1014,100,35,31,0.806452,0.714286,0.757576,7.56,0.6507,0.9377,3.9344
"D=1, white",D10_white,Transformer_v2,1015,25,47,33,0.727273,0.510638,0.6,2.2083,0.7614,0.791,2.5318
"D=1, white",D10_white,Transformer_v2,1015,50,47,33,0.848485,0.595745,0.7,7.25,0.7299,0.914,2.5318
"D=1, white",D10_white,Transformer_v2,1015,100,47,33,0.878788,0.617021,0.725,9.4483,0.8892,0.9998,2.5318
"D=1, white",D10_white,Transformer_v2,1016,25,33,25,0.84,0.636364,0.724138,3.4286,0.8134,0.7665,2.3781
"D=1, white",D10_white,Transformer_v2,1016,50,33,25,0.88,0.666667,0.758621,4.9545,0.8056,0.8645,2.3781
"D=1, white",D10_white,Transformer_v2,1016,100,33,25,0.96,0.727273,0.827586,9.625,0.7107,0.9066,2.3781
"D=1, white",D10_white,Transformer_v2,1017,25,43,36,0.75,0.627907,0.683544,3.4074,0.8123,0.8065,2.2338
"D=1, white",D10_white,Transformer_v2,1017,50,43,36,0.75,0.627907,0.683544,3.4074,0.8017,0.8823,2.2338
"D=1, white",D10_white,Transformer_v2,1017,100,43,36,0.833333,0.697674,0.759494,10.6333,0.7218,0.9418,2.2338
"D=1, white",D10_white,Transformer_v2,1018,25,49,34,0.823529,0.571429,0.674699,3.25,0.8374,0.8656,2.1749
"D=1, white",D10_white,Transformer_v2,1018,50,49,34,0.941176,0.653061,0.771084,7.4688,0.7659,0.9282,2.1749
"D=1, white",D10_white,Transformer_v2,1018,100,49,34,0.941176,0.653061,0.771084,7.4688,0.7694,0.9976,2.1749
"D=1, white",D10_white,Transformer_v2,1019,25,47,37,0.891892,0.702128,0.785714,4.5152,0.8613,0.8692,2.6706
"D=1, white",D10_white,Transformer_v2,1019,50,47,37,0.891892,0.702128,0.785714,4.5152,0.8109,0.9154,2.6706
"D=1, white",D10_white,Transformer_v2,1019,100,47,37,0.945946,0.744681,0.833333,9.2,0.6823,0.9729,2.6706
"D=1, white",D10_white,Transformer_v2,1020,25,41,33,0.818182,0.658537,0.72973,3.1111,0.8324,0.8269,2.1593
"D=1, white",D10_white,Transformer_v2,1020,50,41,33,0.848485,0.682927,0.756757,4.3929,0.7875,0.8837,2.1593
"D=1, white",D10_white,Transformer_v2,1020,100,41,33,0.969697,0.780488,0.864865,11.8125,0.7041,0.9807,2.1593
"D=1, white",D10_white,Transformer_v2,1021,25,37,38,0.684211,0.702703,0.693333,3.6154,0.7877,0.773,2.062
"D=1, white",D10_white,Transformer_v2,1021,50,37,38,0.736842,0.756757,0.746667,6.1071,0.7602,0.8663,2.062
"D=1, white",D10_white,Transformer_v2,1021,100,37,38,0.789474,0.810811,0.8,9.9,0.6495,0.9542,2.062
"D=1, white",D10_white,Transformer_v2,1022,25,40,34,0.794118,0.675,0.72973,3.6296,0.8177,0.8244,1.8811
"D=1, white",D10_white,Transformer_v2,1022,50,40,34,0.823529,0.7,0.756757,5.1786,0.8129,0.9228,1.8811
"D=1, white",D10_white,Transformer_v2,1022,100,40,34,0.882353,0.75,0.810811,9.4667,0.7014,0.9723,1.8811
"D=1, white",D10_white,Transformer_v2,1023,25,37,36,0.694444,0.675676,0.684932,3.48,0.8755,0.8268,1.7701
"D=1, white",D10_white,Transformer_v2,1023,50,37,36,0.75,0.72973,0.739726,6.037,0.8259,0.8872,1.7701
"D=1, white",D10_white,Transformer_v2,1023,100,37,36,0.833333,0.810811,0.821918,11.9333,0.6484,0.9643,1.7701
"D=1, white",D10_white,Transformer_v2,1024,25,45,38,0.842105,0.711111,0.771084,3.5312,0.8229,0.8484,1.7561
"D=1, white",D10_white,Transformer_v2,1024,50,45,38,0.868421,0.733333,0.795181,4.8485,0.7338,0.9084,1.7561
"D=1, white",D10_white,Transformer_v2,1024,100,45,38,0.894737,0.755556,0.819277,6.3529,,,1.7561
"D=1, white",D10_white,Transformer_v2,1025,25,29,26,0.692308,0.62069,0.654545,3.1111,0.7825,0.7128,1.7893
"D=1, white",D10_white,Transformer_v2,1025,50,29,26,0.769231,0.689655,0.727273,6.5,0.744,0.8245,1.7893
"D=1, white",D10_white,Transformer_v2,1025,100,29,26,0.884615,0.793103,0.836364,14.8696,0.6993,0.9432,1.7893
"D=1, white",D10_white,Transformer_v2,1026,25,41,33,0.69697,0.560976,0.621622,3.4348,0.7993,0.7522,1.766
"D=1, white",D10_white,Transformer_v2,1026,50,41,33,0.69697,0.560976,0.621622,3.4348,0.7738,0.8484,1.766
"D=1, white",D10_white,Transformer_v2,1026,100,41,33,0.818182,0.658537,0.72973,13.4444,0.7343,0.9523,1.766
"D=1, white",D10_white,Transformer_v2,1027,25,27,26,0.615385,0.592593,0.603774,2.125,0.8352,0.7235,1.7197
"D=1, white",D10_white,Transformer_v2,1027,50,27,26,0.653846,0.62963,0.641509,3.9412,0.7681,0.7532,1.7197
"D=1, white",D10_white,Transformer_v2,1027,100,27,26,0.769231,0.740741,0.754717,14.35,0.6507,0.8367,1.7197
"D=1, white",D10_white,Transformer_v2,1028,25,45,30,0.9,0.6,0.72,3.2593,0.8316,0.8341,1.7219
"D=1, white",D10_white,Transformer_v2,1028,50,45,30,0.9,0.6,0.72,3.2593,0.7817,0.9016,1.7219
"D=1, white",D10_white,Transformer_v2,1028,100,45,30,0.933333,0.622222,0.746667,6.3571,0.5904,0.9684,1.7219
"D=1, white",D10_white,Transformer_v2,1029,25,29,26,0.653846,0.586207,0.618182,3.0,0.8003,0.7197,1.7833
"D=1, white",D10_white,Transformer_v2,1029,50,29,26,0.692308,0.62069,0.654545,5.0,0.7619,0.8083,1.7833
"D=1, white",D10_white,Transformer_v2,1029,100,29,26,0.846154,0.758621,0.8,18.3636,0.6508,0.9079,1.7833
"D=1, white",D10_white,Transformer_v2,1030,25,47,38,0.842105,0.680851,0.752941,3.625,0.8233,0.8422,1.9639
"D=1, white",D10_white,Transformer_v2,1030,50,47,38,0.868421,0.702128,0.776471,4.3333,0.8203,0.93,1.9639
"D=1, white",D10_white,Transformer_v2,1030,100,47,38,0.921053,0.744681,0.823529,8.3143,0.6348,0.9848,1.9639
"D=1, white",D10_white,Transformer_v2,1031,25,45,38,0.736842,0.622222,0.674699,3.8214,0.7967,0.8168,1.9859
"D=1, white",D10_white,Transformer_v2,1031,50,45,38,0.763158,0.644444,0.698795,4.6552,0.7924,0.9178,1.9859
"D=1, white",D10_white,Transformer_v2,1031,100,45,38,0.842105,0.711111,0.771084,9.9062,0.7389,0.9834,1.9859
"D=1, white",D10_white,Transformer_v2,1032,25,39,30,0.733333,0.564103,0.637681,3.1364,0.7959,0.7702,1.9865
"D=1, white",D10_white,Transformer_v2,1032,50,39,30,0.833333,0.641026,0.724638,6.32,0.7224,0.8441,1.9865
"D=1, white",D10_white,Transformer_v2,1032,100,39,30,0.933333,0.717949,0.811594,14.6786,0.6495,0.9543,1.9865
"D=1, white",D10_white,Transformer_v2,1033,25,39,33,0.878788,0.74359,0.805556,4.3103,0.818,0.806,1.8429
"D=1, white",D10_white,Transformer_v2,1033,50,39,33,0.878788,0.74359,0.805556,4.3103,0.7585,0.8822,1.8429
"D=1, white",D10_white,Transformer_v2,1033,100,39,33,0.909091,0.769231,0.833333,7.4333,0.6165,0.9843,1.8429
"D=1, white",D10_white,Transformer_v2,1034,25,47,40,0.775,0.659574,0.712644,4.3226,0.8376,0.8431,1.8993
"D=1, white",D10_white,Transformer_v2,1034,50,47,40,0.775,0.659574,0.712644,4.3226,0.7761,0.8842,1.8993
"D=1, white",D10_white,Transformer_v2,1034,100,47,40,0.875,0.744681,0.804598,12.2286,0.7712,0.9452,1.8993
"D=1, white",D10_white,Transformer_v2,1035,25,39,32,0.78125,0.641026,0.704225,3.68,0.799,0.8111,1.7355
"D=1, white",D10_white,Transformer_v2,1035,50,39,32,0.8125,0.666667,0.732394,4.6154,0.7812,0.8976,1.7355
"D=1, white",D10_white,Transformer_v2,1035,100,39,32,0.90625,0.74359,0.816901,10.7931,0.7372,0.9779,1.7355
"D=1, white",D10_white,Transformer_v2,1036,25,33,30,0.666667,0.606061,0.634921,3.15,0.8167,0.7205,1.7813
"D=1, white",D10_white,Transformer_v2,1036,50,33,30,0.666667,0.606061,0.634921,3.15,0.7789,0.7769,1.7813
"D=1, white",D10_white,Transformer_v2,1036,100,33,30,0.8,0.727273,0.761905,13.0,0.7086,0.878,1.7813
"D=1, white",D10_white,Transformer_v2,1037,25,43,43,0.813953,0.813953,0.813953,3.8,0.8504,0.8498,1.856
"D=1, white",D10_white,Transformer_v2,1037,50,43,43,0.813953,0.813953,0.813953,3.8,0.8133,0.9175,1.856
"D=1, white",D10_white,Transformer_v2,1037,100,43,43,0.813953,0.813953,0.813953,3.8,0.7324,0.9774,1.856
"D=1, white",D10_white,Transformer_v2,1038,25,49,37,0.837838,0.632653,0.72093,3.7097,0.8454,0.8852,1.8301
"D=1, white",D10_white,Transformer_v2,1038,50,49,37,0.837838,0.632653,0.72093,3.7097,0.7942,0.9404,1.8301
"D=1, white",D10_white,Transformer_v2,1038,100,49,37,0.918919,0.693878,0.790698,10.2647,0.9068,0.9985,1.8301
"D=1, white",D10_white,Transformer_v2,1039,25,41,29,0.827586,0.585366,0.685714,4.0417,0.8224,0.7812,1.7213
"D=1, white",D10_white,Transformer_v2,1039,50,41,29,0.827586,0.585366,0.685714,4.0417,0.7531,0.8241,1.7213
"D=1, white",D10_white,Transformer_v2,1039,100,41,29,0.896552,0.634146,0.742857,9.7308,0.7031,0.9045,1.7213
"D=1, white",D10_white,Transformer_v2,1040,25,39,30,0.8,0.615385,0.695652,3.9167,0.8267,0.7772,1.7511
"D=1, white",D10_white,Transformer_v2,1040,50,39,30,0.833333,0.641026,0.724638,5.4,0.8217,0.8536,1.7511
"D=1, white",D10_white,Transformer_v2,1040,100,39,30,0.966667,0.74359,0.84058,14.7241,0.7743,0.9404,1.7511
"D=1, white",D10_white,Transformer_v2,1041,25,47,44,0.772727,0.723404,0.747253,3.3824,0.8235,0.8423,1.7775
"D=1, white",D10_white,Transformer_v2,1041,50,47,44,0.795455,0.744681,0.769231,4.6857,0.7688,0.9208,1.7775
"D=1, white",D10_white,Transformer_v2,1041,100,47,44,0.886364,0.829787,0.857143,11.4615,0.8897,0.9993,1.7775
"D=1, white",D10_white,Transformer_v2,1042,25,43,34,0.705882,0.55814,0.623377,3.6667,0.7987,0.8023,1.7412
"D=1, white",D10_white,Transformer_v2,1042,50,43,34,0.735294,0.581395,0.649351,5.44,0.7792,0.8765,1.7412
"D=1, white",D10_white,Transformer_v2,1042,100,43,34,0.882353,0.697674,0.779221,14.2667,0.6673,0.9362,1.7412
"D=1, white",D10_white,Transformer_v2,1043,25,39,36,0.722222,0.666667,0.693333,4.3846,0.8162,0.7907,1.8102
"D=1, white",D10_white,Transformer_v2,1043,50,39,36,0.777778,0.717949,0.746667,7.3214,0.7926,0.8785,1.8102
"D=1, white",D10_white,Transformer_v2,1043,100,39,36,0.777778,0.717949,0.746667,7.3214,0.7384,0.9536,1.8102
"D=1, white",D10_white,Transformer_v2,1044,25,36,30,0.8,0.666667,0.727273,3.3333,0.8384,0.8289,1.9098
"D=1, white",D10_white,Transformer_v2,1044,50,36,30,0.866667,0.722222,0.787879,5.8462,0.8202,0.9172,1.9098
"D=1, white",D10_white,Transformer_v2,1044,100,36,30,0.966667,0.805556,0.878788,11.3448,0.7056,0.9768,1.9098
"D=1, white",D10_white,Transformer_v2,1045,25,51,40,0.875,0.686275,0.769231,3.5429,0.8344,0.8833,1.7411
"D=1, white",D10_white,Transformer_v2,1045,50,51,40,0.9,0.705882,0.791209,4.3333,0.8486,0.9554,1.7411
"D=1, white",D10_white,Transformer_v2,1045,100,51,40,0.925,0.72549,0.813187,6.7838,0.8381,0.9871,1.7411
"D=1, white",D10_white,Transformer_v2,1046,25,55,37,0.918919,0.618182,0.73913,2.7059,0.7589,0.8529,1.7331
"D=1, white",D10_white,Transformer_v2,1046,50,55,37,0.945946,0.636364,0.76087,4.0571,0.7631,0.9391,1.7331
"D=1, white",D10_white,Transformer_v2,1046,100,55,37,0.972973,0.654545,0.782609,5.3611,0.6996,0.9826,1.7331
"D=1, white",D10_white,Transformer_v2,1047,25,43,31,0.870968,0.627907,0.72973,3.0,0.8381,0.8233,1.8695
"D=1, white",D10_white,Transformer_v2,1047,50,43,31,0.870968,0.627907,0.72973,3.0,0.8065,0.8971,1.8695
"D=1, white",D10_white,Transformer_v2,1047,100,43,31,0.967742,0.697674,0.810811,10.1,0.7614,0.9713,1.8695
"D=1, white",D10_white,Transformer_v2,1048,25,51,42,0.809524,0.666667,0.731183,5.0294,0.8474,0.8416,1.7474
"D=1, white",D10_white,Transformer_v2,1048,50,51,42,0.809524,0.666667,0.731183,5.0294,0.8187,0.8813,1.7474
"D=1, white",D10_white,Transformer_v2,1048,100,51,42,0.833333,0.686275,0.752688,6.9143,0.7431,0.9329,1.7474
"D=1, white",D10_white,Transformer_v2,1049,25,33,24,0.666667,0.484848,0.561404,3.75,0.7428,0.6456,1.7062
"D=1, white",D10_white,Transformer_v2,1049,50,33,24,0.666667,0.484848,0.561404,3.75,0.6924,0.7434,1.7062
"D=1, white",D10_white,Transformer_v2,1049,100,33,24,0.875,0.636364,0.736842,18.9524,0.6848,0.9114,1.7062
"D=1, pink",D10_pink,Transformer_v2,1000,25,192,84,0.916667,0.401042,0.557971,3.4675,0.8963,0.9708,1.936
"D=1, pink",D10_pink,Transformer_v2,1000,50,192,84,0.952381,0.416667,0.57971,4.5125,0.8372,0.9907,1.936
"D=1, pink",D10_pink,Transformer_v2,1000,100,192,84,0.988095,0.432292,0.601449,6.6024,,,1.936
"D=1, pink",D10_pink,Transformer_v2,1001,25,199,80,0.8375,0.336683,0.480287,2.5672,0.9151,0.9546,1.7556
"D=1, pink",D10_pink,Transformer_v2,1001,50,199,80,0.875,0.351759,0.501792,3.9857,0.847,0.9683,1.7556
"D=1, pink",D10_pink,Transformer_v2,1001,100,199,80,0.95,0.38191,0.544803,9.0526,,,1.7556
"D=1, pink",D10_pink,Transformer_v2,1002,25,205,91,0.901099,0.4,0.554054,2.7805,0.9046,0.9819,1.7722
"D=1, pink",D10_pink,Transformer_v2,1002,50,205,91,0.956044,0.42439,0.587838,4.8046,0.8697,0.9929,1.7722
"D=1, pink",D10_pink,Transformer_v2,1002,100,205,91,0.978022,0.434146,0.601351,6.3933,,,1.7722
"D=1, pink",D10_pink,Transformer_v2,1003,25,186,86,0.895349,0.413978,0.566176,3.6364,0.8482,0.9649,1.8372
"D=1, pink",D10_pink,Transformer_v2,1003,50,186,86,0.965116,0.446237,0.610294,6.1084,0.4443,0.9953,1.8372
"D=1, pink",D10_pink,Transformer_v2,1003,100,186,86,1.0,0.462366,0.632353,8.4767,,,1.8372
"D=1, pink",D10_pink,Transformer_v2,1004,25,198,91,0.824176,0.378788,0.519031,3.0933,0.876,0.9554,1.9084
"D=1, pink",D10_pink,Transformer_v2,1004,50,198,91,0.901099,0.414141,0.567474,5.7317,0.7346,0.9755,1.9084
"D=1, pink",D10_pink,Transformer_v2,1004,100,198,91,0.978022,0.449495,0.615917,10.7303,,,1.9084
"D=1, pink",D10_pink,Transformer_v2,1005,25,179,97,0.958763,0.519553,0.673913,3.7204,0.91,0.9821,1.7567
"D=1, pink",D10_pink,Transformer_v2,1005,50,179,97,0.979381,0.530726,0.688406,4.3158,0.8851,0.996,1.7567
"D=1, pink",D10_pink,Transformer_v2,1005,100,179,97,1.0,0.541899,0.702899,5.7216,,,1.7567
"D=1, pink",D10_pink,Transformer_v2,1006,25,193,86,0.918605,0.409326,0.566308,3.5316,0.9007,0.9704,1.7567
"D=1, pink",D10_pink,Transformer_v2,1006,50,193,86,0.953488,0.42487,0.587814,4.5732,0.8328,0.9883,1.7567
"D=1, pink",D10_pink,Transformer_v2,1006,100,193,86,0.988372,0.440415,0.609319,6.6,,,1.7567
"D=1, pink",D10_pink,Transformer_v2,1007,25,167,74,0.945946,0.419162,0.580913,2.8857,0.8437,0.9704,1.7971
"D=1, pink",D10_pink,Transformer_v2,1007,50,167,74,0.986486,0.437126,0.605809,4.2055,0.7521,0.986,1.7971
"D=1, pink",D10_pink,Transformer_v2,1007,100,167,74,1.0,0.443114,0.614108,5.0676,,,1.7971
"D=1, pink",D10_pink,Transformer_v2,1008,25,211,73,0.931507,0.322275,0.478873,2.9412,0.9516,0.9765,1.7443
"D=1, pink",D10_pink,Transformer_v2,1008,50,211,73,0.945205,0.327014,0.485915,3.6087,0.9461,0.9892,1.7443
"D=1, pink",D10_pink,Transformer_v2,1008,100,211,73,0.986301,0.341232,0.507042,5.7778,0.842,0.9945,1.7443
"D=1, pink",D10_pink,Transformer_v2,1009,25,178,85,0.917647,0.438202,0.593156,3.0769,0.8838,0.971,1.9072
"D=1, pink",D10_pink,Transformer_v2,1009,50,178,85,0.988235,0.47191,0.638783,5.1667,0.8645,0.9887,1.9072
"D=1, pink",D10_pink,Transformer_v2,1009,100,178,85,1.0,0.477528,0.646388,5.8706,,,1.9072
"D=1, pink",D10_pink,Transformer_v2,1010,25,182,84,0.928571,0.428571,0.586466,3.4231,0.9038,0.9727,1.7386
"D=1, pink",D10_pink,Transformer_v2,1010,50,182,84,0.964286,0.445055,0.609023,4.6667,0.8264,0.9914,1.7386
"D=1, pink",D10_pink,Transformer_v2,1010,100,182,84,0.97619,0.450549,0.616541,5.8171,,,1.7386
"D=1, pink",D10_pink,Transformer_v2,1011,25,176,75,0.946667,0.403409,0.565737,3.2113,0.9234,0.981,1.7471
"D=1, pink",D10_pink,Transformer_v2,1011,50,176,75,0.973333,0.414773,0.581673,4.0685,0.929,0.9967,1.7471
"D=1, pink",D10_pink,Transformer_v2,1011,100,176,75,1.0,0.426136,0.59761,5.8267,,,1.7471
"D=1, pink",D10_pink,Transformer_v2,1012,25,207,94,0.808511,0.36715,0.504983,3.8684,0.8721,0.9584,1.7552
"D=1, pink",D10_pink,Transformer_v2,1012,50,207,94,0.882979,0.400966,0.551495,6.4217,0.8735,0.9915,1.7552
"D=1, pink",D10_pink,Transformer_v2,1012,100,207,94,0.93617,0.425121,0.584718,9.8864,,,1.7552
"D=1, pink",D10_pink,Transformer_v2,1013,25,172,90,0.911111,0.476744,0.625954,4.4024,0.8983,0.9743,1.7456
"D=1, pink",D10_pink,Transformer_v2,1013,50,172,90,0.977778,0.511628,0.671756,6.4659,0.9645,0.9982,1.7456
"D=1, pink",D10_pink,Transformer_v2,1013,100,172,90,0.988889,0.517442,0.679389,7.2135,,,1.7456
"D=1, pink",D10_pink,Transformer_v2,1014,25,184,78,0.884615,0.375,0.526718,3.1884,0.9096,0.9568,1.8175
"D=1, pink",D10_pink,Transformer_v2,1014,50,184,78,0.948718,0.402174,0.564885,5.2297,0.8855,0.9837,1.8175
"D=1, pink",D10_pink,Transformer_v2,1014,100,184,78,0.987179,0.418478,0.587786,7.5455,,,1.8175
"D=1, pink",D10_pink,Transformer_v2,1015,25,169,80,0.9,0.426036,0.578313,3.4444,0.8576,0.96,1.7479
"D=1, pink",D10_pink,Transformer_v2,1015,50,169,80,0.9625,0.455621,0.618474,5.2857,0.8425,0.984,1.7479
"D=1, pink",D10_pink,Transformer_v2,1015,100,169,80,1.0,0.473373,0.64257,7.5,,,1.7479
"D=1, pink",D10_pink,Transformer_v2,1016,25,181,87,0.896552,0.430939,0.58209,3.4487,0.9038,0.9787,1.7769
"D=1, pink",D10_pink,Transformer_v2,1016,50,181,87,0.896552,0.430939,0.58209,3.4487,0.949,0.9972,1.7769
"D=1, pink",D10_pink,Transformer_v2,1016,100,181,87,0.965517,0.464088,0.626866,8.119,,,1.7769
"D=1, pink",D10_pink,Transformer_v2,1017,25,175,86,0.94186,0.462857,0.62069,3.4321,0.8465,0.9792,1.7357
"D=1, pink",D10_pink,Transformer_v2,1017,50,175,86,0.965116,0.474286,0.636015,4.012,,,1.7357
"D=1, pink",D10_pink,Transformer_v2,1017,100,175,86,1.0,0.491429,0.659004,6.8721,,,1.7357
"D=1, pink",D10_pink,Transformer_v2,1018,25,197,92,0.956522,0.446701,0.608997,3.5568,0.8744,0.9789,1.7653
"D=1, pink",D10_pink,Transformer_v2,1018,50,197,92,0.98913,0.461929,0.629758,4.5824,0.9425,0.9977,1.7653
"D=1, pink",D10_pink,Transformer_v2,1018,100,197,92,0.98913,0.461929,0.629758,4.5824,0.7765,0.9978,1.7653
"D=1, pink",D10_pink,Transformer_v2,1019,25,188,92,0.913043,0.446809,0.6,3.6905,0.8837,0.9806,1.892
"D=1, pink",D10_pink,Transformer_v2,1019,50,188,92,0.967391,0.473404,0.635714,5.7978,0.9652,0.9993,1.892
"D=1, pink",D10_pink,Transformer_v2,1019,100,188,92,1.0,0.489362,0.657143,8.2065,,,1.892
"D=1, pink",D10_pink,Transformer_v2,1020,25,177,78,0.923077,0.40678,0.564706,3.8472,0.9241,0.9758,1.7385
"D=1, pink",D10_pink,Transformer_v2,1020,50,177,78,0.974359,0.429379,0.596078,5.6711,0.9674,0.9983,1.7385
"D=1, pink",D10_pink,Transformer_v2,1020,100,177,78,1.0,0.440678,0.611765,6.9487,,,1.7385
"D=1, pink",D10_pink,Transformer_v2,1021,25,208,86,0.906977,0.375,0.530612,3.4872,0.9283,0.974,1.724
"D=1, pink",D10_pink,Transformer_v2,1021,50,208,86,0.930233,0.384615,0.544218,4.3625,0.8749,0.9854,1.724
"D=1, pink",D10_pink,Transformer_v2,1021,100,208,86,0.953488,0.394231,0.557823,5.8659,,,1.724
"D=1, pink",D10_pink,Transformer_v2,1022,25,179,85,0.894118,0.424581,0.575758,3.4737,0.8628,0.9579,1.8459
"D=1, pink",D10_pink,Transformer_v2,1022,50,179,85,0.964706,0.458101,0.621212,6.0488,0.8802,0.9927,1.8459
"D=1, pink",D10_pink,Transformer_v2,1022,100,179,85,1.0,0.47486,0.643939,8.1059,,,1.8459
"D=1, pink",D10_pink,Transformer_v2,1023,25,185,77,0.948052,0.394595,0.557252,3.1233,0.9153,0.9804,1.7467
"D=1, pink",D10_pink,Transformer_v2,1023,50,185,77,0.987013,0.410811,0.580153,4.4737,0.8888,0.993,1.7467
"D=1, pink",D10_pink,Transformer_v2,1023,100,185,77,1.0,0.416216,0.587786,5.3636,,,1.7467
"D=1, pink",D10_pink,Transformer_v2,1024,25,192,87,0.954023,0.432292,0.594982,3.8193,0.9272,0.9818,1.7633
"D=1, pink",D10_pink,Transformer_v2,1024,50,192,87,0.954023,0.432292,0.594982,3.8193,0.9353,0.9938,1.7633
"D=1, pink",D10_pink,Transformer_v2,1024,100,192,87,0.988506,0.447917,0.616487,6.2674,0.9781,0.9997,1.7633
"D=1, pink",D10_pink,Transformer_v2,1025,25,186,95,0.936842,0.478495,0.633452,3.5618,0.8803,0.9765,1.789
"D=1, pink",D10_pink,Transformer_v2,1025,50,186,95,0.957895,0.489247,0.647687,4.1209,0.7758,0.9892,1.789
"D=1, pink",D10_pink,Transformer_v2,1025,100,186,95,1.0,0.510753,0.676157,6.9368,,,1.789
"D=1, pink",D10_pink,Transformer_v2,1026,25,199,82,0.902439,0.371859,0.52669,3.5811,0.9152,0.9659,1.7296
"D=1, pink",D10_pink,Transformer_v2,1026,50,199,82,0.914634,0.376884,0.533808,3.8933,0.8936,0.9838,1.7296
"D=1, pink",D10_pink,Transformer_v2,1026,100,199,82,1.0,0.41206,0.58363,9.3171,0.9078,0.9991,1.7296
"D=1, pink",D10_pink,Transformer_v2,1027,25,207,90,0.944444,0.410628,0.572391,2.8941,0.9146,0.9838,1.7717
"D=1, pink",D10_pink,Transformer_v2,1027,50,207,90,0.966667,0.42029,0.585859,3.6552,0.9699,0.9991,1.7717
"D=1, pink",D10_pink,Transformer_v2,1027,100,207,90,0.977778,0.425121,0.592593,4.3295,,,1.7717
"D=1, pink",D10_pink,Transformer_v2,1028,25,225,92,0.923913,0.377778,0.536278,3.0706,0.9598,0.9837,1.8466
"D=1, pink",D10_pink,Transformer_v2,1028,50,225,92,0.945652,0.386667,0.548896,3.908,0.9214,0.9837,1.8466
"D=1, pink",D10_pink,Transformer_v2,1028,100,225,92,1.0,0.408889,0.580442,7.5435,0.8932,0.9974,1.8466
"D=1, pink",D10_pink,Transformer_v2,1029,25,187,94,0.925532,0.465241,0.619217,3.8391,0.8661,0.9747,1.8914
"D=1, pink",D10_pink,Transformer_v2,1029,50,187,94,0.978723,0.491979,0.654804,5.4022,0.9576,0.9996,1.8914
"D=1, pink",D10_pink,Transformer_v2,1029,100,187,94,0.989362,0.497326,0.661922,6.3011,,,1.8914
"D=1, pink",D10_pink,Transformer_v2,1030,25,194,89,0.932584,0.427835,0.586572,3.8072,0.8909,0.9785,1.7877
"D=1, pink",D10_pink,Transformer_v2,1030,50,194,89,0.966292,0.443299,0.607774,4.7674,0.9809,0.9999,1.7877
"D=1, pink",D10_pink,Transformer_v2,1030,100,194,89,0.988764,0.453608,0.621908,6.1136,,,1.7877
"D=1, pink",D10_pink,Transformer_v2,1031,25,223,90,0.977778,0.394619,0.5623,3.0341,0.8896,0.9856,1.772
"D=1, pink",D10_pink,Transformer_v2,1031,50,223,90,1.0,0.403587,0.57508,3.6556,0.923,0.9983,1.772
"D=1, pink",D10_pink,Transformer_v2,1031,100,223,90,1.0,0.403587,0.57508,3.6556,,,1.772
"D=1, pink",D10_pink,Transformer_v2,1032,25,199,81,0.888889,0.361809,0.514286,2.9444,0.9111,0.9693,1.7263
"D=1, pink",D10_pink,Transformer_v2,1032,50,199,81,0.950617,0.386935,0.55,4.8442,0.9746,0.9992,1.7263
"D=1, pink",D10_pink,Transformer_v2,1032,100,199,81,0.987654,0.40201,0.571429,7.2375,,,1.7263
"D=1, pink",D10_pink,Transformer_v2,1033,25,173,92,0.923913,0.491329,0.641509,3.7412,0.8289,0.9764,1.7602
"D=1, pink",D10_pink,Transformer_v2,1033,50,173,92,0.98913,0.526012,0.686792,5.6374,0.5894,0.9923,1.7602
"D=1, pink",D10_pink,Transformer_v2,1033,100,173,92,1.0,0.531792,0.69434,6.2935,,,1.7602
"D=1, pink",D10_pink,Transformer_v2,1034,25,187,93,0.924731,0.459893,0.614286,3.3721,0.8748,0.9765,1.7881
"D=1, pink",D10_pink,Transformer_v2,1034,50,187,93,0.935484,0.465241,0.621429,3.6782,0.8942,0.9966,1.7881
"D=1, pink",D10_pink,Transformer_v2,1034,100,187,93,1.0,0.497326,0.664286,8.1505,,,1.7881
"D=1, pink",D10_pink,Transformer_v2,1035,25,193,93,0.924731,0.445596,0.601399,3.7209,0.9111,0.9804,1.8306
"D=1, pink",D10_pink,Transformer_v2,1035,50,193,93,0.967742,0.466321,0.629371,5.1556,0.9762,0.9995,1.8306
"D=1, pink",D10_pink,Transformer_v2,1035,100,193,93,0.989247,0.476684,0.643357,6.5109,,,1.8306
"D=1, pink",D10_pink,Transformer_v2,1036,25,208,88,0.920455,0.389423,0.547297,3.2222,0.89,0.978,1.8278
"D=1, pink",D10_pink,Transformer_v2,1036,50,208,88,0.954545,0.403846,0.567568,4.5119,0.9727,0.9993,1.8278
"D=1, pink",D10_pink,Transformer_v2,1036,100,208,88,1.0,0.423077,0.594595,6.875,,,1.8278
"D=1, pink",D10_pink,Transformer_v2,1037,25,172,80,0.9125,0.424419,0.579365,3.8082,0.8979,0.9656,1.7852
"D=1, pink",D10_pink,Transformer_v2,1037,50,172,80,0.95,0.44186,0.603175,5.2895,0.8325,0.9844,1.7852
"D=1, pink",D10_pink,Transformer_v2,1037,100,172,80,0.9875,0.459302,0.626984,7.7975,,,1.7852
"D=1, pink",D10_pink,Transformer_v2,1038,25,184,87,0.896552,0.423913,0.575646,3.4615,0.8587,0.9625,1.7555
"D=1, pink",D10_pink,Transformer_v2,1038,50,184,87,0.931034,0.440217,0.597786,4.7654,0.776,0.9925,1.7555
"D=1, pink",D10_pink,Transformer_v2,1038,100,184,87,1.0,0.472826,0.642066,8.5977,,,1.7555
"D=1, pink",D10_pink,Transformer_v2,1039,25,183,85,0.905882,0.420765,0.574627,3.6494,0.8921,0.9637,1.7214
"D=1, pink",D10_pink,Transformer_v2,1039,50,183,85,0.964706,0.448087,0.61194,5.6341,0.8816,0.9806,1.7214
"D=1, pink",D10_pink,Transformer_v2,1039,100,183,85,0.988235,0.459016,0.626866,7.1548,0.712,0.9939,1.7214
"D=1, pink",D10_pink,Transformer_v2,1040,25,176,67,0.895522,0.340909,0.493827,2.9167,0.8854,0.9414,1.7315
"D=1, pink",D10_pink,Transformer_v2,1040,50,176,67,0.910448,0.346591,0.502058,3.6885,0.8786,0.9781,1.7315
"D=1, pink",D10_pink,Transformer_v2,1040,100,176,67,0.985075,0.375,0.54321,8.2879,0.9617,0.9999,1.7315
"D=1, pink",D10_pink,Transformer_v2,1041,25,184,86,0.872093,0.407609,0.555556,3.5733,0.9039,0.9619,1.8025
"D=1, pink",D10_pink,Transformer_v2,1041,50,184,86,0.906977,0.423913,0.577778,4.7821,0.8963,0.9806,1.8025
"D=1, pink",D10_pink,Transformer_v2,1041,100,184,86,0.976744,0.456522,0.622222,10.1429,,,1.8025
"D=1, pink",D10_pink,Transformer_v2,1042,25,190,76,0.934211,0.373684,0.533835,2.7042,0.8972,0.9704,1.7838
"D=1, pink",D10_pink,Transformer_v2,1042,50,190,76,0.934211,0.373684,0.533835,2.7042,0.8998,0.9876,1.7838
"D=1, pink",D10_pink,Transformer_v2,1042,100,190,76,0.986842,0.394737,0.56391,6.4,0.9625,0.9992,1.7838
"D=1, pink",D10_pink,Transformer_v2,1043,25,200,86,0.965116,0.415,0.58042,3.012,0.9185,0.9818,2.1609
"D=1, pink",D10_pink,Transformer_v2,1043,50,200,86,1.0,0.43,0.601399,4.2791,0.9082,0.9942,2.1609
"D=1, pink",D10_pink,Transformer_v2,1043,100,200,86,1.0,0.43,0.601399,4.2791,0.7832,0.9999,2.1609
"D=1, pink",D10_pink,Transformer_v2,1044,25,204,84,0.940476,0.387255,0.548611,2.7215,0.9311,0.9796,3.0535
"D=1, pink",D10_pink,Transformer_v2,1044,50,204,84,0.952381,0.392157,0.555556,3.0375,0.9301,0.9906,3.0535
"D=1, pink",D10_pink,Transformer_v2,1044,100,204,84,0.97619,0.401961,0.569444,5.2439,0.6706,0.995,3.0535
"D=1, pink",D10_pink,Transformer_v2,1045,25,180,82,0.890244,0.405556,0.557252,2.7945,0.8941,0.975,3.6922
"D=1, pink",D10_pink,Transformer_v2,1045,50,180,82,0.963415,0.438889,0.603053,5.1646,0.988,0.9996,3.6922
"D=1, pink",D10_pink,Transformer_v2,1045,100,180,82,1.0,0.455556,0.625954,7.3537,0.9884,1.0,3.6922
"D=1, pink",D10_pink,Transformer_v2,1046,25,215,91,0.912088,0.386047,0.542484,3.241,0.8981,0.9701,3.209
"D=1, pink",D10_pink,Transformer_v2,1046,50,215,91,0.923077,0.390698,0.54902,3.5476,0.8616,0.9896,3.209
"D=1, pink",D10_pink,Transformer_v2,1046,100,215,91,0.967033,0.409302,0.575163,6.375,,,3.209
"D=1, pink",D10_pink,Transformer_v2,1047,25,199,84,0.940476,0.396985,0.558304,2.6582,0.909,0.9663,3.8635
"D=1, pink",D10_pink,Transformer_v2,1047,50,199,84,0.952381,0.40201,0.565371,3.15,0.9061,0.9884,3.8635
"D=1, pink",D10_pink,Transformer_v2,1047,100,199,84,0.964286,0.407035,0.572438,3.7407,,,3.8635
"D=1, pink",D10_pink,Transformer_v2,1048,25,215,83,0.927711,0.35814,0.516779,3.013,0.9181,0.9756,4.3614
"D=1, pink",D10_pink,Transformer_v2,1048,50,215,83,0.951807,0.367442,0.530201,3.8861,0.8906,0.9864,4.3614
"D=1, pink",D10_pink,Transformer_v2,1048,100,215,83,0.987952,0.381395,0.550336,6.1098,,,4.3614
"D=1, pink",D10_pink,Transformer_v2,1049,25,203,82,0.926829,0.374384,0.533333,2.9474,0.8857,0.9682,4.3185
"D=1, pink",D10_pink,Transformer_v2,1049,50,203,82,0.963415,0.389163,0.554386,4.2532,0.8592,0.9924,4.3185
"D=1, pink",D10_pink,Transformer_v2,1049,100,203,82,0.97561,0.394089,0.561404,5.3875,,,4.3185
"D=1.5, white",D15_white,Transformer_v2,1000,25,121,63,0.984127,0.512397,0.673913,3.2581,0.8719,0.97,2.0756
"D=1.5, white",D15_white,Transformer_v2,1000,50,121,63,0.984127,0.512397,0.673913,3.2581,0.7501,0.9838,2.0756
"D=1.5, white",D15_white,Transformer_v2,1000,100,121,63,1.0,0.520661,0.684783,4.3651,,,2.0756
"D=1.5, white",D15_white,Transformer_v2,1001,25,116,52,0.980769,0.439655,0.607143,3.2745,0.7681,0.9543,2.1353
"D=1.5, white",D15_white,Transformer_v2,1001,50,116,52,1.0,0.448276,0.619048,4.0,0.9147,0.9994,2.1353
"D=1.5, white",D15_white,Transformer_v2,1001,100,116,52,1.0,0.448276,0.619048,4.0,,,2.1353
"D=1.5, white",D15_white,Transformer_v2,1002,25,106,65,0.892308,0.54717,0.678363,2.9828,0.8278,0.9637,2.8272
"D=1.5, white",D15_white,Transformer_v2,1002,50,106,65,0.953846,0.584906,0.725146,5.1774,0.9543,0.9987,2.8272
"D=1.5, white",D15_white,Transformer_v2,1002,100,106,65,0.969231,0.59434,0.736842,6.3016,,,2.8272
"D=1.5, white",D15_white,Transformer_v2,1003,25,107,63,0.968254,0.570093,0.717647,3.377,0.7981,0.9517,3.7447
"D=1.5, white",D15_white,Transformer_v2,1003,50,107,63,0.984127,0.579439,0.729412,3.8065,0.9618,0.9995,3.7447
"D=1.5, white",D15_white,Transformer_v2,1003,100,107,63,1.0,0.588785,0.741176,4.8254,,,3.7447
"D=1.5, white",D15_white,Transformer_v2,1004,25,133,65,0.984615,0.481203,0.646465,3.5781,0.7836,0.9793,3.5509
"D=1.5, white",D15_white,Transformer_v2,1004,50,133,65,1.0,0.488722,0.656566,3.9231,,,3.5509
"D=1.5, white",D15_white,Transformer_v2,1004,100,133,65,1.0,0.488722,0.656566,3.9231,,,3.5509
"D=1.5, white",D15_white,Transformer_v2,1005,25,93,45,0.933333,0.451613,0.608696,2.7619,0.7373,0.9307,3.6004
"D=1.5, white",D15_white,Transformer_v2,1005,50,93,45,0.955556,0.462366,0.623188,3.6744,0.635,0.9915,3.6004
"D=1.5, white",D15_white,Transformer_v2,1005,100,93,45,1.0,0.483871,0.652174,6.0222,,,3.6004
"D=1.5, white",D15_white,Transformer_v2,1006,25,121,62,0.983871,0.504132,0.666667,3.5082,0.8879,0.9789,3.6665
"D=1.5, white",D15_white,Transformer_v2,1006,50,121,62,1.0,0.512397,0.677596,4.0161,0.9617,0.9996,3.6665
"D=1.5, white",D15_white,Transformer_v2,1006,100,121,62,1.0,0.512397,0.677596,4.0161,,,3.6665
"D=1.5, white",D15_white,Transformer_v2,1007,25,102,51,0.960784,0.480392,0.640523,3.1633,0.7958,0.9466,3.5032
"D=1.5, white",D15_white,Transformer_v2,1007,50,102,51,1.0,0.5,0.666667,4.2941,0.879,0.9978,3.5032
"D=1.5, white",D15_white,Transformer_v2,1007,100,102,51,1.0,0.5,0.666667,4.2941,,,3.5032
"D=1.5, white",D15_white,Transformer_v2,1008,25,117,64,1.0,0.547009,0.707182,4.4688,0.8381,0.96,3.5188
"D=1.5, white",D15_white,Transformer_v2,1008,50,117,64,1.0,0.547009,0.707182,4.4688,0.8445,0.9847,3.5188
"D=1.5, white",D15_white,Transformer_v2,1008,100,117,64,1.0,0.547009,0.707182,4.4688,0.6964,0.9948,3.5188
"D=1.5, white",D15_white,Transformer_v2,1009,25,112,57,0.982456,0.5,0.662722,3.8036,0.7955,0.9651,3.6511
"D=1.5, white",D15_white,Transformer_v2,1009,50,112,57,0.982456,0.5,0.662722,3.8036,0.7262,0.9889,3.6511
"D=1.5, white",D15_white,Transformer_v2,1009,100,112,57,1.0,0.508929,0.674556,5.0351,,,3.6511
"D=1.5, white",D15_white,Transformer_v2,1010,25,123,56,0.946429,0.430894,0.592179,3.0755,0.7981,0.9528,3.5633
"D=1.5, white",D15_white,Transformer_v2,1010,50,123,56,0.982143,0.447154,0.614525,4.0,0.8307,0.9917,3.5633
"D=1.5, white",D15_white,Transformer_v2,1010,100,123,56,0.982143,0.447154,0.614525,4.0,,,3.5633
"D=1.5, white",D15_white,Transformer_v2,1011,25,121,52,0.980769,0.421488,0.589595,2.3922,0.8153,0.9746,3.7786
"D=1.5, white",D15_white,Transformer_v2,1011,50,121,52,1.0,0.429752,0.601156,2.8846,0.8328,0.9949,3.7786
"D=1.5, white",D15_white,Transformer_v2,1011,100,121,52,1.0,0.429752,0.601156,2.8846,,,3.7786
"D=1.5, white",D15_white,Transformer_v2,1012,25,107,57,0.982456,0.523364,0.682927,3.0357,0.8311,0.9602,4.3615
"D=1.5, white",D15_white,Transformer_v2,1012,50,107,57,0.982456,0.523364,0.682927,3.0357,0.9724,0.9993,4.3615
"D=1.5, white",D15_white,Transformer_v2,1012,100,107,57,1.0,0.53271,0.695122,4.5088,,,4.3615
"D=1.5, white",D15_white,Transformer_v2,1013,25,106,49,0.938776,0.433962,0.593548,3.1957,0.7953,0.9355,3.9773
"D=1.5, white",D15_white,Transformer_v2,1013,50,106,49,1.0,0.462264,0.632258,5.4286,0.884,0.995,3.9773
"D=1.5, white",D15_white,Transformer_v2,1013,100,106,49,1.0,0.462264,0.632258,5.4286,,,3.9773
"D=1.5, white",D15_white,Transformer_v2,1014,25,101,54,0.944444,0.50495,0.658065,3.0392,0.7823,0.9456,3.6544
"D=1.5, white",D15_white,Transformer_v2,1014,50,101,54,0.981481,0.524752,0.683871,3.9245,0.8524,0.9934,3.6544
"D=1.5, white",D15_white,Transformer_v2,1014,100,101,54,1.0,0.534653,0.696774,5.4259,,,3.6544
"D=1.5, white",D15_white,Transformer_v2,1015,25,110,44,0.931818,0.372727,0.532468,2.4146,0.828,0.9592,3.5746
"D=1.5, white",D15_white,Transformer_v2,1015,50,110,44,1.0,0.4,0.571429,4.6136,0.9153,0.9995,3.5746
"D=1.5, white",D15_white,Transformer_v2,1015,100,110,44,1.0,0.4,0.571429,4.6136,,,3.5746
"D=1.5, white",D15_white,Transformer_v2,1016,25,111,62,0.951613,0.531532,0.682081,2.4915,0.829,0.9686,3.5615
"D=1.5, white",D15_white,Transformer_v2,1016,50,111,62,0.967742,0.540541,0.693642,2.9333,0.8002,0.992,3.5615
"D=1.5, white",D15_white,Transformer_v2,1016,100,111,62,1.0,0.558559,0.716763,4.9839,,,3.5615
"D=1.5, white",D15_white,Transformer_v2,1017,25,110,56,0.946429,0.481818,0.638554,3.6038,0.7899,0.9588,3.4912
"D=1.5, white",D15_white,Transformer_v2,1017,50,110,56,0.964286,0.490909,0.650602,4.1296,0.8239,0.9947,3.4912
"D=1.5, white",D15_white,Transformer_v2,1017,100,110,56,1.0,0.509091,0.674699,6.6607,,,3.4912
"D=1.5, white",D15_white,Transformer_v2,1018,25,117,71,1.0,0.606838,0.755319,3.8451,0.8482,0.9818,3.4859
"D=1.5, white",D15_white,Transformer_v2,1018,50,117,71,1.0,0.606838,0.755319,3.8451,0.9856,1.0,3.4859
"D=1.5, white",D15_white,Transformer_v2,1018,100,117,71,1.0,0.606838,0.755319,3.8451,,,3.4859
"D=1.5, white",D15_white,Transformer_v2,1019,25,111,59,0.983051,0.522523,0.682353,2.9828,0.8028,0.951,3.581
"D=1.5, white",D15_white,Transformer_v2,1019,50,111,59,0.983051,0.522523,0.682353,2.9828,0.6821,0.9904,3.581
"D=1.5, white",D15_white,Transformer_v2,1019,100,111,59,1.0,0.531532,0.694118,3.9661,,,3.581
"D=1.5, white",D15_white,Transformer_v2,1020,25,119,60,0.966667,0.487395,0.648045,4.0,0.8197,0.9637,3.7054
"D=1.5, white",D15_white,Transformer_v2,1020,50,119,60,0.966667,0.487395,0.648045,4.0,0.7908,0.9867,3.7054
"D=1.5, white",D15_white,Transformer_v2,1020,100,119,60,0.983333,0.495798,0.659218,4.8983,,,3.7054
"D=1.5, white",D15_white,Transformer_v2,1021,25,117,54,0.981481,0.452991,0.619883,3.4906,0.8325,0.9574,3.6386
"D=1.5, white",D15_white,Transformer_v2,1021,50,117,54,0.981481,0.452991,0.619883,3.4906,0.7724,0.9857,3.6386
"D=1.5, white",D15_white,Transformer_v2,1021,100,117,54,1.0,0.461538,0.631579,4.6852,,,3.6386
"D=1.5, white",D15_white,Transformer_v2,1022,25,124,54,0.981481,0.427419,0.595506,3.0566,0.7005,0.9451,3.6746
"D=1.5, white",D15_white,Transformer_v2,1022,50,124,54,1.0,0.435484,0.606742,3.6667,0.36,0.9995,3.6746
"D=1.5, white",D15_white,Transformer_v2,1022,100,124,54,1.0,0.435484,0.606742,3.6667,,,3.6746
"D=1.5, white",D15_white,Transformer_v2,1023,25,115,59,1.0,0.513043,0.678161,3.4237,0.9054,0.9735,2.1405
"D=1.5, white",D15_white,Transformer_v2,1023,50,115,59,1.0,0.513043,0.678161,3.4237,0.8946,0.9897,2.1405
"D=1.5, white",D15_white,Transformer_v2,1023,100,115,59,1.0,0.513043,0.678161,3.4237,0.9124,0.9996,2.1405
"D=1.5, white",D15_white,Transformer_v2,1024,25,101,53,0.924528,0.485149,0.636364,2.8163,0.8127,0.9557,1.8998
"D=1.5, white",D15_white,Transformer_v2,1024,50,101,53,0.962264,0.50495,0.662338,3.902,0.92,0.9994,1.8998
"D=1.5, white",D15_white,Transformer_v2,1024,100,101,53,1.0,0.524752,0.688312,6.3208,,,1.8998
"D=1.5, white",D15_white,Transformer_v2,1025,25,103,59,0.949153,0.543689,0.691358,3.6786,0.8145,0.9652,1.9036
"D=1.5, white",D15_white,Transformer_v2,1025,50,103,59,0.966102,0.553398,0.703704,4.3509,0.8591,0.998,1.9036
"D=1.5, white",D15_white,Transformer_v2,1025,100,103,59,0.983051,0.563107,0.716049,5.2586,,,1.9036
"D=1.5, white",D15_white,Transformer_v2,1026,25,100,52,0.942308,0.49,0.644737,3.551,0.7451,0.936,1.6645
"D=1.5, white",D15_white,Transformer_v2,1026,50,100,52,0.980769,0.51,0.671053,4.549,0.5886,0.9913,1.6645
"D=1.5, white",D15_white,Transformer_v2,1026,100,100,52,1.0,0.52,0.684211,5.5769,,,1.6645
"D=1.5, white",D15_white,Transformer_v2,1027,25,106,51,0.960784,0.462264,0.624204,2.551,0.7916,0.9322,1.8349
"D=1.5, white",D15_white,Transformer_v2,1027,50,106,51,0.980392,0.471698,0.636943,3.22,0.7768,0.9799,1.8349
"D=1.5, white",D15_white,Transformer_v2,1027,100,106,51,1.0,0.481132,0.649682,4.451,,,1.8349
"D=1.5, white",D15_white,Transformer_v2,1028,25,122,57,0.964912,0.45082,0.614525,2.3818,0.8741,0.9678,1.8799
"D=1.5, white",D15_white,Transformer_v2,1028,50,122,57,1.0,0.467213,0.636872,3.5263,0.8931,0.9946,1.8799
"D=1.5, white",D15_white,Transformer_v2,1028,100,122,57,1.0,0.467213,0.636872,3.5263,,,1.8799
"D=1.5, white",D15_white,Transformer_v2,1029,25,111,50,0.94,0.423423,0.583851,2.3617,0.7637,0.9373,1.7724
"D=1.5, white",D15_white,Transformer_v2,1029,50,111,50,0.98,0.441441,0.608696,3.8163,0.8935,0.9982,1.7724
"D=1.5, white",D15_white,Transformer_v2,1029,100,111,50,1.0,0.45045,0.621118,5.12,,,1.7724
"D=1.5, white",D15_white,Transformer_v2,1030,25,127,62,0.983871,0.480315,0.645503,3.6885,0.8485,0.9835,1.7119
"D=1.5, white",D15_white,Transformer_v2,1030,50,127,62,1.0,0.488189,0.656085,4.0806,,,1.7119
"D=1.5, white",D15_white,Transformer_v2,1030,100,127,62,1.0,0.488189,0.656085,4.0806,,,1.7119
"D=1.5, white",D15_white,Transformer_v2,1031,25,154,74,0.972973,0.467532,0.631579,3.9167,0.7866,0.985,1.76
"D=1.5, white",D15_white,Transformer_v2,1031,50,154,74,1.0,0.480519,0.649123,4.5811,,,1.76
"D=1.5, white",D15_white,Transformer_v2,1031,100,154,74,1.0,0.480519,0.649123,4.5811,,,1.76
"D=1.5, white",D15_white,Transformer_v2,1032,25,112,58,0.931034,0.482143,0.635294,2.4815,0.807,0.969,2.0767
"D=1.5, white",D15_white,Transformer_v2,1032,50,112,58,0.982759,0.508929,0.670588,3.9474,,,2.0767
"D=1.5, white",D15_white,Transformer_v2,1032,100,112,58,1.0,0.517857,0.682353,4.9138,,,2.0767
"D=1.5, white",D15_white,Transformer_v2,1033,25,101,52,1.0,0.514851,0.679739,3.9808,0.8167,0.9509,2.6293
"D=1.5, white",D15_white,Transformer_v2,1033,50,101,52,1.0,0.514851,0.679739,3.9808,0.8854,0.9948,2.6293
"D=1.5, white",D15_white,Transformer_v2,1033,100,101,52,1.0,0.514851,0.679739,3.9808,,,2.6293
"D=1.5, white",D15_white,Transformer_v2,1034,25,125,59,0.966102,0.456,0.619565,3.0,0.7984,0.9714,2.2554
"D=1.5, white",D15_white,Transformer_v2,1034,50,125,59,0.966102,0.456,0.619565,3.0,0.7632,0.992,2.2554
"D=1.5, white",D15_white,Transformer_v2,1034,100,125,59,1.0,0.472,0.641304,5.0339,,,2.2554
"D=1.5, white",D15_white,Transformer_v2,1035,25,107,52,0.980769,0.476636,0.641509,3.1961,0.7922,0.9634,2.0377
"D=1.5, white",D15_white,Transformer_v2,1035,50,107,52,1.0,0.485981,0.654088,3.9615,0.9995,1.0,2.0377
"D=1.5, white",D15_white,Transformer_v2,1035,100,107,52,1.0,0.485981,0.654088,3.9615,,,2.0377
"D=1.5, white",D15_white,Transformer_v2,1036,25,116,61,0.934426,0.491379,0.644068,3.2632,0.8212,0.9623,2.2695
"D=1.5, white",D15_white,Transformer_v2,1036,50,116,61,0.983607,0.517241,0.677966,4.8833,0.9162,0.9969,2.2695
"D=1.5, white",D15_white,Transformer_v2,1036,100,116,61,1.0,0.525862,0.689266,5.7541,,,2.2695
"D=1.5, white",D15_white,Transformer_v2,1037,25,112,54,0.962963,0.464286,0.626506,3.1538,0.8403,0.9593,2.2394
"D=1.5, white",D15_white,Transformer_v2,1037,50,112,54,0.981481,0.473214,0.638554,3.6981,0.9201,0.9981,2.2394
"D=1.5, white",D15_white,Transformer_v2,1037,100,112,54,1.0,0.482143,0.650602,5.3889,,,2.2394
"D=1.5, white",D15_white,Transformer_v2,1038,25,130,71,0.943662,0.515385,0.666667,3.0597,0.8754,0.9798,2.1145
"D=1.5, white",D15_white,Transformer_v2,1038,50,130,71,1.0,0.546154,0.706468,4.9859,0.7902,0.9984,2.1145
"D=1.5, white",D15_white,Transformer_v2,1038,100,130,71,1.0,0.546154,0.706468,4.9859,,,2.1145
"D=1.5, white",D15_white,Transformer_v2,1039,25,105,42,0.97619,0.390476,0.557823,2.6829,0.7856,0.9484,1.9572
"D=1.5, white",D15_white,Transformer_v2,1039,50,105,42,0.97619,0.390476,0.557823,2.6829,0.8665,0.9957,1.9572
"D=1.5, white",D15_white,Transformer_v2,1039,100,105,42,1.0,0.4,0.571429,4.0714,,,1.9572
"D=1.5, white",D15_white,Transformer_v2,1040,25,113,54,0.925926,0.442478,0.598802,2.56,0.7908,0.9422,1.8996
"D=1.5, white",D15_white,Transformer_v2,1040,50,113,54,0.981481,0.469027,0.634731,4.3962,0.9361,0.9987,1.8996
"D=1.5, white",D15_white,Transformer_v2,1040,100,113,54,1.0,0.477876,0.646707,5.6481,,,1.8996
"D=1.5, white",D15_white,Transformer_v2,1041,25,133,65,0.984615,0.481203,0.646465,4.0,0.8004,0.9737,1.8862
"D=1.5, white",D15_white,Transformer_v2,1041,50,133,65,0.984615,0.481203,0.646465,4.0,0.945,0.9996,1.8862
"D=1.5, white",D15_white,Transformer_v2,1041,100,133,65,1.0,0.488722,0.656566,4.8923,,,1.8862
"D=1.5, white",D15_white,Transformer_v2,1042,25,127,65,0.984615,0.503937,0.666667,3.4688,0.8495,0.9803,2.3862
"D=1.5, white",D15_white,Transformer_v2,1042,50,127,65,0.984615,0.503937,0.666667,3.4688,0.9265,0.9964,2.3862
"D=1.5, white",D15_white,Transformer_v2,1042,100,127,65,0.984615,0.503937,0.666667,3.4688,,,2.3862
"D=1.5, white",D15_white,Transformer_v2,1043,25,123,65,0.953846,0.504065,0.659574,3.6129,0.808,0.9604,2.1763
"D=1.5, white",D15_white,Transformer_v2,1043,50,123,65,0.969231,0.512195,0.670213,4.3175,0.5599,0.9898,2.1763
"D=1.5, white",D15_white,Transformer_v2,1043,100,123,65,1.0,0.528455,0.691489,6.2769,,,2.1763
"D=1.5, white",D15_white,Transformer_v2,1044,25,101,58,1.0,0.574257,0.72956,3.6034,0.8387,0.9633,2.0871
"D=1.5, white",D15_white,Transformer_v2,1044,50,101,58,1.0,0.574257,0.72956,3.6034,0.8811,0.9992,2.0871
"D=1.5, white",D15_white,Transformer_v2,1044,100,101,58,1.0,0.574257,0.72956,3.6034,,,2.0871
"D=1.5, white",D15_white,Transformer_v2,1045,25,113,57,0.964912,0.486726,0.647059,3.5818,0.7911,0.952,2.0276
"D=1.5, white",D15_white,Transformer_v2,1045,50,113,57,0.982456,0.495575,0.658824,4.0714,0.8803,0.9935,2.0276
"D=1.5, white",D15_white,Transformer_v2,1045,100,113,57,1.0,0.504425,0.670588,5.1228,,,2.0276
"D=1.5, white",D15_white,Transformer_v2,1046,25,124,58,1.0,0.467742,0.637363,3.1379,0.8098,0.9806,2.4106
"D=1.5, white",D15_white,Transformer_v2,1046,50,124,58,1.0,0.467742,0.637363,3.1379,,,2.4106
"D=1.5, white",D15_white,Transformer_v2,1046,100,124,58,1.0,0.467742,0.637363,3.1379,,,2.4106
"D=1.5, white",D15_white,Transformer_v2,1047,25,111,59,0.949153,0.504505,0.658824,2.9464,0.8021,0.9495,2.3666
"D=1.5, white",D15_white,Transformer_v2,1047,50,111,59,1.0,0.531532,0.694118,4.4576,0.8764,0.9982,2.3666
"D=1.5, white",D15_white,Transformer_v2,1047,100,111,59,1.0,0.531532,0.694118,4.4576,,,2.3666
"D=1.5, white",D15_white,Transformer_v2,1048,25,134,60,0.966667,0.432836,0.597938,2.7241,0.8435,0.9737,2.2653
"D=1.5, white",D15_white,Transformer_v2,1048,50,134,60,1.0,0.447761,0.618557,3.7833,0.9471,0.9994,2.2653
"D=1.5, white",D15_white,Transformer_v2,1048,100,134,60,1.0,0.447761,0.618557,3.7833,,,2.2653
"D=1.5, white",D15_white,Transformer_v2,1049,25,123,57,0.947368,0.439024,0.6,3.0926,0.7299,0.9488,2.5995
"D=1.5, white",D15_white,Transformer_v2,1049,50,123,57,0.982456,0.455285,0.622222,4.375,0.6871,0.9877,2.5995
"D=1.5, white",D15_white,Transformer_v2,1049,100,123,57,1.0,0.463415,0.633333,5.7368,,,2.5995
"D=0.5, white",D05_white,BuishandU,1000,25,5,1,1.0,0.2,0.333333,4.0,0.5922,0.3904,4.9595
"D=0.5, white",D05_white,BuishandU,1000,50,5,1,1.0,0.2,0.333333,4.0,0.5865,0.4333,4.9595
"D=0.5, white",D05_white,BuishandU,1000,100,5,1,1.0,0.2,0.333333,4.0,0.5935,0.526,4.9595
"D=0.5, white",D05_white,BuishandU,1001,25,1,0,0.0,0.0,0.0,9999.0,0.8829,0.0563,5.1354
"D=0.5, white",D05_white,BuishandU,1001,50,1,0,0.0,0.0,0.0,9999.0,0.8335,0.0736,5.1354
"D=0.5, white",D05_white,BuishandU,1001,100,1,0,0.0,0.0,0.0,9999.0,0.8378,0.1358,5.1354
"D=0.5, white",D05_white,BuishandU,1002,25,1,0,0.0,0.0,0.0,9999.0,0.7603,0.0322,5.2505
"D=0.5, white",D05_white,BuishandU,1002,50,1,0,0.0,0.0,0.0,9999.0,0.7327,0.0494,5.2505
"D=0.5, white",D05_white,BuishandU,1002,100,1,0,0.0,0.0,0.0,9999.0,0.6774,0.0743,5.2505
"D=0.5, white",D05_white,BuishandU,1003,25,3,0,0.0,0.0,0.0,9999.0,0.4158,0.0384,5.5376
"D=0.5, white",D05_white,BuishandU,1003,50,3,0,0.0,0.0,0.0,9999.0,0.3516,0.0627,5.5376
"D=0.5, white",D05_white,BuishandU,1003,100,3,0,0.0,0.0,0.0,9999.0,0.3299,0.1074,5.5376
"D=0.5, white",D05_white,BuishandU,1004,25,3,1,1.0,0.333333,0.5,0.0,0.2582,0.0284,5.412
"D=0.5, white",D05_white,BuishandU,1004,50,3,1,1.0,0.333333,0.5,0.0,0.2616,0.0529,5.412
"D=0.5, white",D05_white,BuishandU,1004,100,3,1,1.0,0.333333,0.5,0.0,0.2379,0.0991,5.412
"D=0.5, white",D05_white,BuishandU,1005,25,3,1,1.0,0.333333,0.5,0.0,0.6365,0.6438,5.0451
"D=0.5, white",D05_white,BuishandU,1005,50,3,1,1.0,0.333333,0.5,0.0,0.6552,0.6718,5.0451
"D=0.5, white",D05_white,BuishandU,1005,100,3,1,1.0,0.333333,0.5,0.0,0.6699,0.7039,5.0451
"D=0.5, white",D05_white,BuishandU,1006,25,1,0,0.0,0.0,0.0,9999.0,0.7305,0.03,7.5638
"D=0.5, white",D05_white,BuishandU,1006,50,1,0,0.0,0.0,0.0,9999.0,0.6417,0.0378,7.5638
"D=0.5, white",D05_white,BuishandU,1006,100,1,0,0.0,0.0,0.0,9999.0,0.5862,0.0597,7.5638
"D=0.5, white",D05_white,BuishandU,1007,25,1,0,0.0,0.0,0.0,9999.0,0.0355,0.0082,6.7466
"D=0.5, white",D05_white,BuishandU,1007,50,1,0,0.0,0.0,0.0,9999.0,0.0151,0.0145,6.7466
"D=0.5, white",D05_white,BuishandU,1007,100,1,0,0.0,0.0,0.0,9999.0,0.1701,0.0301,6.7466
"D=0.5, white",D05_white,BuishandU,1008,25,3,1,1.0,0.333333,0.5,2.0,0.3787,0.133,5.0534
"D=0.5, white",D05_white,BuishandU,1008,50,3,1,1.0,0.333333,0.5,2.0,0.351,0.1515,5.0534
"D=0.5, white",D05_white,BuishandU,1008,100,3,1,1.0,0.333333,0.5,2.0,0.3283,0.1891,5.0534
"D=0.5, white",D05_white,BuishandU,1009,25,3,1,1.0,0.333333,0.5,0.0,0.7104,0.3305,4.6243
"D=0.5, white",D05_white,BuishandU,1009,50,3,1,1.0,0.333333,0.5,0.0,0.7815,0.5076,4.6243
"D=0.5, white",D05_white,BuishandU,1009,100,3,1,1.0,0.333333,0.5,0.0,0.8578,0.7506,4.6243
"D=0.5, white",D05_white,BuishandU,1010,25,3,1,1.0,0.333333,0.5,1.0,0.6486,0.6492,4.5375
"D=0.5, white",D05_white,BuishandU,1010,50,3,1,1.0,0.333333,0.5,1.0,0.6599,0.6708,4.5375
"D=0.5, white",D05_white,BuishandU,1010,100,3,1,1.0,0.333333,0.5,1.0,0.6692,0.7017,4.5375
"D=0.5, white",D05_white,BuishandU,1011,25,3,1,1.0,0.333333,0.5,2.0,0.6016,0.4564,4.4896
"D=0.5, white",D05_white,BuishandU,1011,50,3,1,1.0,0.333333,0.5,2.0,0.6173,0.5043,4.4896
"D=0.5, white",D05_white,BuishandU,1011,100,3,1,1.0,0.333333,0.5,2.0,0.6081,0.5429,4.4896
"D=0.5, white",D05_white,BuishandU,1012,25,1,0,0.0,0.0,0.0,9999.0,0.3328,0.0121,5.2236
"D=0.5, white",D05_white,BuishandU,1012,50,1,0,0.0,0.0,0.0,9999.0,0.3118,0.0207,5.2236
"D=0.5, white",D05_white,BuishandU,1012,100,1,0,0.0,0.0,0.0,9999.0,0.2235,0.0335,5.2236
"D=0.5, white",D05_white,BuishandU,1013,25,3,0,0.0,0.0,0.0,9999.0,0.7482,0.138,4.7095
"D=0.5, white",D05_white,BuishandU,1013,50,3,0,0.0,0.0,0.0,9999.0,0.8111,0.4025,4.7095
"D=0.5, white",D05_white,BuishandU,1013,100,3,0,0.0,0.0,0.0,9999.0,0.8936,0.6043,4.7095
"D=0.5, white",D05_white,BuishandU,1014,25,3,1,1.0,0.333333,0.5,0.0,0.6326,0.4854,5.578
"D=0.5, white",D05_white,BuishandU,1014,50,3,1,1.0,0.333333,0.5,0.0,0.6658,0.4956,5.578
"D=0.5, white",D05_white,BuishandU,1014,100,3,1,1.0,0.333333,0.5,0.0,0.7103,0.5621,5.578
"D=0.5, white",D05_white,BuishandU,1015,25,1,0,0.0,0.0,0.0,9999.0,0.6596,0.0235,5.0558
"D=0.5, white",D05_white,BuishandU,1015,50,1,0,0.0,0.0,0.0,9999.0,0.7096,0.0458,5.0558
"D=0.5, white",D05_white,BuishandU,1015,100,1,0,0.0,0.0,0.0,9999.0,0.7559,0.0966,5.0558
"D=0.5, white",D05_white,BuishandU,1016,25,3,1,1.0,0.333333,0.5,2.0,0.6683,0.4179,4.559
"D=0.5, white",D05_white,BuishandU,1016,50,3,1,1.0,0.333333,0.5,2.0,0.6818,0.4747,4.559
"D=0.5, white",D05_white,BuishandU,1016,100,3,1,1.0,0.333333,0.5,2.0,0.7548,0.6217,4.559
"D=0.5, white",D05_white,BuishandU,1017,25,1,0,0.0,0.0,0.0,9999.0,0.0621,0.0082,4.4846
"D=0.5, white",D05_white,BuishandU,1017,50,1,0,0.0,0.0,0.0,9999.0,0.0773,0.015,4.4846
"D=0.5, white",D05_white,BuishandU,1017,100,1,0,0.0,0.0,0.0,9999.0,0.1172,0.0295,4.4846
"D=0.5, white",D05_white,BuishandU,1018,25,1,1,0.0,0.0,0.0,9999.0,0.65,0.0212,4.4774
"D=0.5, white",D05_white,BuishandU,1018,50,1,1,0.0,0.0,0.0,9999.0,0.6303,0.036,4.4774
"D=0.5, white",D05_white,BuishandU,1018,100,1,1,0.0,0.0,0.0,9999.0,0.5898,0.0603,4.4774
"D=0.5, white",D05_white,BuishandU,1019,25,1,1,0.0,0.0,0.0,9999.0,0.3293,0.0112,11.9055
"D=0.5, white",D05_white,BuishandU,1019,50,1,1,0.0,0.0,0.0,9999.0,0.3514,0.0207,11.9055
"D=0.5, white",D05_white,BuishandU,1019,100,1,1,0.0,0.0,0.0,9999.0,0.3681,0.0406,11.9055
"D=0.5, white",D05_white,BuishandU,1020,25,1,0,0.0,0.0,0.0,9999.0,0.4139,0.0133,11.179
"D=0.5, white",D05_white,BuishandU,1020,50,1,0,0.0,0.0,0.0,9999.0,0.424,0.0238,11.179
"D=0.5, white",D05_white,BuishandU,1020,100,1,0,0.0,0.0,0.0,9999.0,0.3856,0.0417,11.179
"D=0.5, white",D05_white,BuishandU,1021,25,1,1,0.0,0.0,0.0,9999.0,0.2546,0.0102,11.1762
"D=0.5, white",D05_white,BuishandU,1021,50,1,1,0.0,0.0,0.0,9999.0,0.2588,0.0187,11.1762
"D=0.5, white",D05_white,BuishandU,1021,100,1,1,0.0,0.0,0.0,9999.0,0.2465,0.035,11.1762
"D=0.5, white",D05_white,BuishandU,1022,25,3,1,1.0,0.333333,0.5,1.0,0.3184,0.2167,9.125
"D=0.5, white",D05_white,BuishandU,1022,50,3,1,1.0,0.333333,0.5,1.0,0.3235,0.2326,9.125
"D=0.5, white",D05_white,BuishandU,1022,100,3,1,1.0,0.333333,0.5,1.0,0.3244,0.2681,9.125
"D=0.5, white",D05_white,BuishandU,1023,25,3,1,1.0,0.333333,0.5,2.0,0.6439,0.6328,5.183
"D=0.5, white",D05_white,BuishandU,1023,50,3,1,1.0,0.333333,0.5,2.0,0.66,0.6475,5.183
"D=0.5, white",D05_white,BuishandU,1023,100,3,1,1.0,0.333333,0.5,2.0,0.6754,0.6758,5.183
"D=0.5, white",D05_white,BuishandU,1024,25,5,1,1.0,0.2,0.333333,2.0,0.6026,0.4247,5.0467
"D=0.5, white",D05_white,BuishandU,1024,50,5,1,1.0,0.2,0.333333,2.0,0.6049,0.4913,5.0467
"D=0.5, white",D05_white,BuishandU,1024,100,5,1,1.0,0.2,0.333333,2.0,0.6178,0.6066,5.0467
"D=0.5, white",D05_white,BuishandU,1025,25,1,0,0.0,0.0,0.0,9999.0,0.0892,0.0086,5.2735
"D=0.5, white",D05_white,BuishandU,1025,50,1,0,0.0,0.0,0.0,9999.0,0.2054,0.0166,5.2735
"D=0.5, white",D05_white,BuishandU,1025,100,1,0,0.0,0.0,0.0,9999.0,0.2065,0.0318,5.2735
"D=0.5, white",D05_white,BuishandU,1026,25,1,0,0.0,0.0,0.0,9999.0,0.1988,0.0109,5.9413
"D=0.5, white",D05_white,BuishandU,1026,50,1,0,0.0,0.0,0.0,9999.0,0.2448,0.0193,5.9413
"D=0.5, white",D05_white,BuishandU,1026,100,1,0,0.0,0.0,0.0,9999.0,0.2371,0.0353,5.9413
"D=0.5, white",D05_white,BuishandU,1027,25,3,0,0.0,0.0,0.0,9999.0,0.8922,0.3894,5.1225
"D=0.5, white",D05_white,BuishandU,1027,50,3,0,0.0,0.0,0.0,9999.0,0.9083,0.5302,5.1225
"D=0.5, white",D05_white,BuishandU,1027,100,3,0,0.0,0.0,0.0,9999.0,0.9511,0.7528,5.1225
"D=0.5, white",D05_white,BuishandU,1028,25,5,1,1.0,0.2,0.333333,0.0,0.6114,0.3081,4.5057
"D=0.5, white",D05_white,BuishandU,1028,50,5,1,1.0,0.2,0.333333,0.0,0.6043,0.363,4.5057
"D=0.5, white",D05_white,BuishandU,1028,100,5,1,1.0,0.2,0.333333,0.0,0.5983,0.4616,4.5057
"D=0.5, white",D05_white,BuishandU,1029,25,3,1,1.0,0.333333,0.5,2.0,0.6497,0.5127,4.524
"D=0.5, white",D05_white,BuishandU,1029,50,3,1,1.0,0.333333,0.5,2.0,0.6758,0.5265,4.524
"D=0.5, white",D05_white,BuishandU,1029,100,3,1,1.0,0.333333,0.5,2.0,0.6991,0.5563,4.524
"D=0.5, white",D05_white,BuishandU,1030,25,3,1,1.0,0.333333,0.5,0.0,0.6979,0.4604,4.7439
"D=0.5, white",D05_white,BuishandU,1030,50,3,1,1.0,0.333333,0.5,0.0,0.7436,0.5529,4.7439
"D=0.5, white",D05_white,BuishandU,1030,100,3,1,1.0,0.333333,0.5,0.0,0.8223,0.7152,4.7439
"D=0.5, white",D05_white,BuishandU,1031,25,1,0,0.0,0.0,0.0,9999.0,0.4223,0.0126,4.5179
"D=0.5, white",D05_white,BuishandU,1031,50,1,0,0.0,0.0,0.0,9999.0,0.5184,0.0264,4.5179
"D=0.5, white",D05_white,BuishandU,1031,100,1,0,0.0,0.0,0.0,9999.0,0.528,0.0514,4.5179
"D=0.5, white",D05_white,BuishandU,1032,25,1,0,0.0,0.0,0.0,9999.0,0.0996,0.0091,4.5026
"D=0.5, white",D05_white,BuishandU,1032,50,1,0,0.0,0.0,0.0,9999.0,0.1056,0.0161,4.5026
"D=0.5, white",D05_white,BuishandU,1032,100,1,0,0.0,0.0,0.0,9999.0,0.1391,0.031,4.5026
"D=0.5, white",D05_white,BuishandU,1033,25,1,0,0.0,0.0,0.0,9999.0,0.8772,0.0556,4.8666
"D=0.5, white",D05_white,BuishandU,1033,50,1,0,0.0,0.0,0.0,9999.0,0.8748,0.0962,4.8666
"D=0.5, white",D05_white,BuishandU,1033,100,1,0,0.0,0.0,0.0,9999.0,0.8457,0.1396,4.8666
"D=0.5, white",D05_white,BuishandU,1034,25,1,0,0.0,0.0,0.0,9999.0,0.4,0.0137,4.5661
"D=0.5, white",D05_white,BuishandU,1034,50,1,0,0.0,0.0,0.0,9999.0,0.3311,0.0209,4.5661
"D=0.5, white",D05_white,BuishandU,1034,100,1,0,0.0,0.0,0.0,9999.0,0.2074,0.0324,4.5661
"D=0.5, white",D05_white,BuishandU,1035,25,3,0,0.0,0.0,0.0,9999.0,0.4946,0.0422,4.6965
"D=0.5, white",D05_white,BuishandU,1035,50,3,0,0.0,0.0,0.0,9999.0,0.4628,0.073,4.6965
"D=0.5, white",D05_white,BuishandU,1035,100,3,0,0.0,0.0,0.0,9999.0,0.421,0.1934,4.6965
"D=0.5, white",D05_white,BuishandU,1036,25,3,1,1.0,0.333333,0.5,2.0,0.6414,0.4784,4.8073
"D=0.5, white",D05_white,BuishandU,1036,50,3,1,1.0,0.333333,0.5,2.0,0.6377,0.5105,4.8073
"D=0.5, white",D05_white,BuishandU,1036,100,3,1,1.0,0.333333,0.5,2.0,0.6181,0.5451,4.8073
"D=0.5, white",D05_white,BuishandU,1037,25,3,1,1.0,0.333333,0.5,1.0,0.3602,0.2836,4.5631
"D=0.5, white",D05_white,BuishandU,1037,50,3,1,1.0,0.333333,0.5,1.0,0.3678,0.3127,4.5631
"D=0.5, white",D05_white,BuishandU,1037,100,3,1,1.0,0.333333,0.5,1.0,0.3923,0.3583,4.5631
"D=0.5, white",D05_white,BuishandU,1038,25,1,0,0.0,0.0,0.0,9999.0,0.3031,0.0106,4.8293
"D=0.5, white",D05_white,BuishandU,1038,50,1,0,0.0,0.0,0.0,9999.0,0.3015,0.0193,4.8293
"D=0.5, white",D05_white,BuishandU,1038,100,1,0,0.0,0.0,0.0,9999.0,0.2264,0.0324,4.8293
"D=0.5, white",D05_white,BuishandU,1039,25,1,0,0.0,0.0,0.0,9999.0,0.7362,0.0274,5.1014
"D=0.5, white",D05_white,BuishandU,1039,50,1,0,0.0,0.0,0.0,9999.0,0.6922,0.0413,5.1014
"D=0.5, white",D05_white,BuishandU,1039,100,1,0,0.0,0.0,0.0,9999.0,0.6253,0.0635,5.1014
"D=0.5, white",D05_white,BuishandU,1040,25,1,0,0.0,0.0,0.0,9999.0,0.4747,0.0146,5.1845
"D=0.5, white",D05_white,BuishandU,1040,50,1,0,0.0,0.0,0.0,9999.0,0.4931,0.0265,5.1845
"D=0.5, white",D05_white,BuishandU,1040,100,1,0,0.0,0.0,0.0,9999.0,0.5182,0.0509,5.1845
"D=0.5, white",D05_white,BuishandU,1041,25,1,1,0.0,0.0,0.0,9999.0,0.6078,0.0233,4.9818
"D=0.5, white",D05_white,BuishandU,1041,50,1,1,0.0,0.0,0.0,9999.0,0.5964,0.037,4.9818
"D=0.5, white",D05_white,BuishandU,1041,100,1,1,0.0,0.0,0.0,9999.0,0.4778,0.0507,4.9818
"D=0.5, white",D05_white,BuishandU,1042,25,1,0,0.0,0.0,0.0,9999.0,0.2301,0.0103,5.0579
"D=0.5, white",D05_white,BuishandU,1042,50,1,0,0.0,0.0,0.0,9999.0,0.3549,0.0201,5.0579
"D=0.5, white",D05_white,BuishandU,1042,100,1,0,0.0,0.0,0.0,9999.0,0.4444,0.0435,5.0579
"D=0.5, white",D05_white,BuishandU,1043,25,3,1,1.0,0.333333,0.5,21.0,0.4713,0.1533,5.2108
"D=0.5, white",D05_white,BuishandU,1043,50,3,1,1.0,0.333333,0.5,21.0,0.436,0.2951,5.2108
"D=0.5, white",D05_white,BuishandU,1043,100,3,1,1.0,0.333333,0.5,21.0,0.461,0.4588,5.2108
"D=0.5, white",D05_white,BuishandU,1044,25,3,1,1.0,0.333333,0.5,0.0,0.3655,0.2511,4.7567
"D=0.5, white",D05_white,BuishandU,1044,50,3,1,1.0,0.333333,0.5,0.0,0.3475,0.244,4.7567
"D=0.5, white",D05_white,BuishandU,1044,100,3,1,1.0,0.333333,0.5,0.0,0.3335,0.2641,4.7567
"D=0.5, white",D05_white,BuishandU,1045,25,1,0,0.0,0.0,0.0,9999.0,0.1593,0.0087,5.3325
"D=0.5, white",D05_white,BuishandU,1045,50,1,0,0.0,0.0,0.0,9999.0,0.1385,0.0157,5.3325
"D=0.5, white",D05_white,BuishandU,1045,100,1,0,0.0,0.0,0.0,9999.0,0.1393,0.0302,5.3325
"D=0.5, white",D05_white,BuishandU,1046,25,1,1,0.0,0.0,0.0,9999.0,0.3582,0.0134,5.6765
"D=0.5, white",D05_white,BuishandU,1046,50,1,1,0.0,0.0,0.0,9999.0,0.3639,0.0232,5.6765
"D=0.5, white",D05_white,BuishandU,1046,100,1,1,0.0,0.0,0.0,9999.0,0.3434,0.0412,5.6765
"D=0.5, white",D05_white,BuishandU,1047,25,3,1,1.0,0.333333,0.5,7.0,0.3267,0.0282,4.9669
"D=0.5, white",D05_white,BuishandU,1047,50,3,1,1.0,0.333333,0.5,7.0,0.2415,0.0323,4.9669
"D=0.5, white",D05_white,BuishandU,1047,100,3,1,1.0,0.333333,0.5,7.0,0.158,0.0429,4.9669
"D=0.5, white",D05_white,BuishandU,1048,25,7,1,1.0,0.142857,0.25,0.0,0.5656,0.2883,4.7697
"D=0.5, white",D05_white,BuishandU,1048,50,7,1,1.0,0.142857,0.25,0.0,0.6002,0.3764,4.7697
"D=0.5, white",D05_white,BuishandU,1048,100,7,1,1.0,0.142857,0.25,0.0,0.6711,0.5183,4.7697
"D=0.5, white",D05_white,BuishandU,1049,25,3,1,0.0,0.0,0.0,9999.0,0.2792,0.0234,4.8534
"D=0.5, white",D05_white,BuishandU,1049,50,3,1,0.0,0.0,0.0,9999.0,0.2771,0.0392,4.8534
"D=0.5, white",D05_white,BuishandU,1049,100,3,1,0.0,0.0,0.0,9999.0,0.2438,0.0686,4.8534
"D=1, white",D10_white,BuishandU,1000,25,39,1,1.0,0.025641,0.05,0.0,0.4805,0.5144,4.9703
"D=1, white",D10_white,BuishandU,1000,50,39,1,1.0,0.025641,0.05,0.0,0.6005,0.8602,4.9703
"D=1, white",D10_white,BuishandU,1000,100,39,1,1.0,0.025641,0.05,0.0,0.7405,0.9945,4.9703
"D=1, white",D10_white,BuishandU,1001,25,35,1,1.0,0.028571,0.055556,0.0,0.3762,0.3802,5.3679
"D=1, white",D10_white,BuishandU,1001,50,35,1,1.0,0.028571,0.055556,0.0,0.3737,0.6599,5.3679
"D=1, white",D10_white,BuishandU,1001,100,35,1,1.0,0.028571,0.055556,0.0,0.4063,0.9317,5.3679
"D=1, white",D10_white,BuishandU,1002,25,43,1,1.0,0.023256,0.045455,1.0,0.3726,0.4043,4.8891
"D=1, white",D10_white,BuishandU,1002,50,43,1,1.0,0.023256,0.045455,1.0,0.3309,0.629,4.8891
"D=1, white",D10_white,BuishandU,1002,100,43,1,1.0,0.023256,0.045455,1.0,0.3509,0.9345,4.8891
"D=1, white",D10_white,BuishandU,1003,25,43,1,1.0,0.023256,0.045455,12.0,0.6844,0.6564,4.5833
"D=1, white",D10_white,BuishandU,1003,50,43,1,1.0,0.023256,0.045455,12.0,0.7747,0.8904,4.5833
"D=1, white",D10_white,BuishandU,1003,100,43,1,1.0,0.023256,0.045455,12.0,0.8394,0.9761,4.5833
"D=1, white",D10_white,BuishandU,1004,25,45,1,1.0,0.022222,0.043478,0.0,0.4492,0.5094,4.8266
"D=1, white",D10_white,BuishandU,1004,50,45,1,1.0,0.022222,0.043478,0.0,0.4516,0.7246,4.8266
"D=1, white",D10_white,BuishandU,1004,100,45,1,1.0,0.022222,0.043478,0.0,0.4861,0.9021,4.8266
"D=1, white",D10_white,BuishandU,1005,25,37,1,1.0,0.027027,0.052632,2.0,0.4961,0.4956,4.865
"D=1, white",D10_white,BuishandU,1005,50,37,1,1.0,0.027027,0.052632,2.0,0.5229,0.7858,4.865
"D=1, white",D10_white,BuishandU,1005,100,37,1,1.0,0.027027,0.052632,2.0,0.5529,0.9435,4.865
"D=1, white",D10_white,BuishandU,1006,25,39,1,1.0,0.025641,0.05,1.0,0.5187,0.4731,4.6351
"D=1, white",D10_white,BuishandU,1006,50,39,1,1.0,0.025641,0.05,1.0,0.4939,0.6669,4.6351
"D=1, white",D10_white,BuishandU,1006,100,39,1,1.0,0.025641,0.05,1.0,0.165,0.867,4.6351
"D=1, white",D10_white,BuishandU,1007,25,21,1,1.0,0.047619,0.090909,2.0,0.3864,0.2802,4.8492
"D=1, white",D10_white,BuishandU,1007,50,21,1,1.0,0.047619,0.090909,2.0,0.3887,0.4308,4.8492
"D=1, white",D10_white,BuishandU,1007,100,21,1,1.0,0.047619,0.090909,2.0,0.3805,0.6276,4.8492
"D=1, white",D10_white,BuishandU,1008,25,57,1,1.0,0.017544,0.034483,6.0,0.4155,0.5989,4.9758
"D=1, white",D10_white,BuishandU,1008,50,57,1,1.0,0.017544,0.034483,6.0,0.2881,0.8044,4.9758
"D=1, white",D10_white,BuishandU,1008,100,57,1,1.0,0.017544,0.034483,6.0,0.2014,0.9673,4.9758
"D=1, white",D10_white,BuishandU,1009,25,45,1,1.0,0.022222,0.043478,2.0,0.3967,0.4634,6.7631
"D=1, white",D10_white,BuishandU,1009,50,45,1,1.0,0.022222,0.043478,2.0,0.4318,0.7098,6.7631
"D=1, white",D10_white,BuishandU,1009,100,45,1,1.0,0.022222,0.043478,2.0,0.6301,0.9839,6.7631
"D=1, white",D10_white,BuishandU,1010,25,37,1,1.0,0.027027,0.052632,1.0,0.6248,0.598,7.2999
"D=1, white",D10_white,BuishandU,1010,50,37,1,1.0,0.027027,0.052632,1.0,0.6783,0.8049,7.2999
"D=1, white",D10_white,BuishandU,1010,100,37,1,1.0,0.027027,0.052632,1.0,0.6473,0.9001,7.2999
"D=1, white",D10_white,BuishandU,1011,25,43,1,1.0,0.023256,0.045455,1.0,0.3563,0.4343,7.703
"D=1, white",D10_white,BuishandU,1011,50,43,1,1.0,0.023256,0.045455,1.0,0.2795,0.6076,7.703
"D=1, white",D10_white,BuishandU,1011,100,43,1,1.0,0.023256,0.045455,1.0,0.1443,0.7979,7.703
"D=1, white",D10_white,BuishandU,1012,25,41,1,1.0,0.02439,0.047619,1.0,0.5763,0.5304,7.171
"D=1, white",D10_white,BuishandU,1012,50,41,1,1.0,0.02439,0.047619,1.0,0.695,0.7979,7.171
"D=1, white",D10_white,BuishandU,1012,100,41,1,1.0,0.02439,0.047619,1.0,0.87,0.9746,7.171
"D=1, white",D10_white,BuishandU,1013,25,49,1,1.0,0.020408,0.04,0.0,0.5229,0.5334,6.9924
"D=1, white",D10_white,BuishandU,1013,50,49,1,1.0,0.020408,0.04,0.0,0.6303,0.7735,6.9924
"D=1, white",D10_white,BuishandU,1013,100,49,1,1.0,0.020408,0.04,0.0,0.8455,0.9744,6.9924
"D=1, white",D10_white,BuishandU,1014,25,35,1,1.0,0.028571,0.055556,1.0,0.5145,0.4722,7.5854
"D=1, white",D10_white,BuishandU,1014,50,35,1,1.0,0.028571,0.055556,1.0,0.5149,0.6916,7.5854
"D=1, white",D10_white,BuishandU,1014,100,35,1,1.0,0.028571,0.055556,1.0,0.6816,0.9553,7.5854
"D=1, white",D10_white,BuishandU,1015,25,47,1,1.0,0.021277,0.041667,5.0,0.5043,0.5205,5.127
"D=1, white",D10_white,BuishandU,1015,50,47,1,1.0,0.021277,0.041667,5.0,0.516,0.811,5.127
"D=1, white",D10_white,BuishandU,1015,100,47,1,1.0,0.021277,0.041667,5.0,0.3362,0.9984,5.127
"D=1, white",D10_white,BuishandU,1016,25,33,1,1.0,0.030303,0.058824,1.0,0.5646,0.5799,5.2665
"D=1, white",D10_white,BuishandU,1016,50,33,1,1.0,0.030303,0.058824,1.0,0.5173,0.7111,5.2665
"D=1, white",D10_white,BuishandU,1016,100,33,1,1.0,0.030303,0.058824,1.0,0.4663,0.8106,5.2665
"D=1, white",D10_white,BuishandU,1017,25,43,1,1.0,0.023256,0.045455,1.0,0.5508,0.5758,5.4466
"D=1, white",D10_white,BuishandU,1017,50,43,1,1.0,0.023256,0.045455,1.0,0.519,0.7585,5.4466
"D=1, white",D10_white,BuishandU,1017,100,43,1,1.0,0.023256,0.045455,1.0,0.3979,0.8783,5.4466
"D=1, white",D10_white,BuishandU,1018,25,49,1,1.0,0.020408,0.04,0.0,0.4566,0.5397,4.5446
"D=1, white",D10_white,BuishandU,1018,50,49,1,1.0,0.020408,0.04,0.0,0.4184,0.7794,4.5446
"D=1, white",D10_white,BuishandU,1018,100,49,1,1.0,0.020408,0.04,0.0,0.1276,0.9319,4.5446
"D=1, white",D10_white,BuishandU,1019,25,47,1,1.0,0.021277,0.041667,0.0,0.4923,0.58,4.5049
"D=1, white",D10_white,BuishandU,1019,50,47,1,1.0,0.021277,0.041667,0.0,0.4747,0.7691,4.5049
"D=1, white",D10_white,BuishandU,1019,100,47,1,1.0,0.021277,0.041667,0.0,0.4786,0.9599,4.5049
"D=1, white",D10_white,BuishandU,1020,25,41,1,1.0,0.02439,0.047619,0.0,0.3904,0.4439,5.2671
"D=1, white",D10_white,BuishandU,1020,50,41,1,1.0,0.02439,0.047619,0.0,0.4195,0.6906,5.2671
"D=1, white",D10_white,BuishandU,1020,100,41,1,1.0,0.02439,0.047619,0.0,0.308,0.9413,5.2671
"D=1, white",D10_white,BuishandU,1021,25,37,1,1.0,0.027027,0.052632,0.0,0.6615,0.6258,5.3512
"D=1, white",D10_white,BuishandU,1021,50,37,1,1.0,0.027027,0.052632,0.0,0.6932,0.8719,5.3512
"D=1, white",D10_white,BuishandU,1021,100,37,1,1.0,0.027027,0.052632,0.0,0.7874,0.9814,5.3512
"D=1, white",D10_white,BuishandU,1022,25,40,1,1.0,0.025,0.04878,0.0,0.4658,0.4911,6.1294
"D=1, white",D10_white,BuishandU,1022,50,40,1,1.0,0.025,0.04878,0.0,0.4451,0.7701,6.1294
"D=1, white",D10_white,BuishandU,1022,100,40,1,1.0,0.025,0.04878,0.0,0.364,0.9244,6.1294
"D=1, white",D10_white,BuishandU,1023,25,37,1,1.0,0.027027,0.052632,2.0,0.5163,0.4446,7.5649
"D=1, white",D10_white,BuishandU,1023,50,37,1,1.0,0.027027,0.052632,2.0,0.5206,0.7064,7.5649
"D=1, white",D10_white,BuishandU,1023,100,37,1,1.0,0.027027,0.052632,2.0,0.5132,0.9477,7.5649
"D=1, white",D10_white,BuishandU,1024,25,45,1,1.0,0.022222,0.043478,2.0,0.4921,0.5441,4.6998
"D=1, white",D10_white,BuishandU,1024,50,45,1,1.0,0.022222,0.043478,2.0,0.4786,0.7747,4.6998
"D=1, white",D10_white,BuishandU,1024,100,45,1,1.0,0.022222,0.043478,2.0,0.9889,0.9998,4.6998
"D=1, white",D10_white,BuishandU,1025,25,29,1,1.0,0.034483,0.066667,1.0,0.4769,0.4311,4.3128
"D=1, white",D10_white,BuishandU,1025,50,29,1,1.0,0.034483,0.066667,1.0,0.4562,0.6554,4.3128
"D=1, white",D10_white,BuishandU,1025,100,29,1,1.0,0.034483,0.066667,1.0,0.4387,0.8563,4.3128
"D=1, white",D10_white,BuishandU,1026,25,41,1,1.0,0.02439,0.047619,2.0,0.4401,0.49,4.2765
"D=1, white",D10_white,BuishandU,1026,50,41,1,1.0,0.02439,0.047619,2.0,0.4262,0.7077,4.2765
"D=1, white",D10_white,BuishandU,1026,100,41,1,1.0,0.02439,0.047619,2.0,0.4704,0.9153,4.2765
"D=1, white",D10_white,BuishandU,1027,25,27,1,1.0,0.037037,0.071429,1.0,0.4241,0.3527,4.4122
"D=1, white",D10_white,BuishandU,1027,50,27,1,1.0,0.037037,0.071429,1.0,0.4398,0.5453,4.4122
"D=1, white",D10_white,BuishandU,1027,100,27,1,1.0,0.037037,0.071429,1.0,0.5447,0.8329,4.4122
"D=1, white",D10_white,BuishandU,1028,25,45,1,1.0,0.022222,0.043478,3.0,0.4622,0.4662,4.7186
"D=1, white",D10_white,BuishandU,1028,50,45,1,1.0,0.022222,0.043478,3.0,0.4731,0.702,4.7186
"D=1, white",D10_white,BuishandU,1028,100,45,1,1.0,0.022222,0.043478,3.0,0.4406,0.8979,4.7186
"D=1, white",D10_white,BuishandU,1029,25,29,1,1.0,0.034483,0.066667,3.0,0.4958,0.5276,4.7262
"D=1, white",D10_white,BuishandU,1029,50,29,1,1.0,0.034483,0.066667,3.0,0.4004,0.6571,4.7262
"D=1, white",D10_white,BuishandU,1029,100,29,1,1.0,0.034483,0.066667,3.0,0.3488,0.8468,4.7262
"D=1, white",D10_white,BuishandU,1030,25,47,1,1.0,0.021277,0.041667,3.0,0.4681,0.5974,4.171
"D=1, white",D10_white,BuishandU,1030,50,47,1,1.0,0.021277,0.041667,3.0,0.4387,0.7871,4.171
"D=1, white",D10_white,BuishandU,1030,100,47,1,1.0,0.021277,0.041667,3.0,0.5135,0.9769,4.171
"D=1, white",D10_white,BuishandU,1031,25,45,1,1.0,0.022222,0.043478,0.0,0.585,0.7067,4.2091
"D=1, white",D10_white,BuishandU,1031,50,45,1,1.0,0.022222,0.043478,0.0,0.5738,0.8635,4.2091
"D=1, white",D10_white,BuishandU,1031,100,45,1,1.0,0.022222,0.043478,0.0,0.6595,0.9854,4.2091
"D=1, white",D10_white,BuishandU,1032,25,39,1,1.0,0.025641,0.05,2.0,0.6319,0.6087,4.1056
"D=1, white",D10_white,BuishandU,1032,50,39,1,1.0,0.025641,0.05,2.0,0.6923,0.8494,4.1056
"D=1, white",D10_white,BuishandU,1032,100,39,1,1.0,0.025641,0.05,2.0,0.6311,0.9432,4.1056
"D=1, white",D10_white,BuishandU,1033,25,39,1,1.0,0.025641,0.05,4.0,0.541,0.5151,4.0798
"D=1, white",D10_white,BuishandU,1033,50,39,1,1.0,0.025641,0.05,4.0,0.5526,0.8049,4.0798
"D=1, white",D10_white,BuishandU,1033,100,39,1,1.0,0.025641,0.05,4.0,0.7015,0.9915,4.0798
"D=1, white",D10_white,BuishandU,1034,25,47,1,1.0,0.021277,0.041667,1.0,0.574,0.6349,3.9954
"D=1, white",D10_white,BuishandU,1034,50,47,1,1.0,0.021277,0.041667,1.0,0.6051,0.8137,3.9954
"D=1, white",D10_white,BuishandU,1034,100,47,1,1.0,0.021277,0.041667,1.0,0.7307,0.9341,3.9954
"D=1, white",D10_white,BuishandU,1035,25,39,1,1.0,0.025641,0.05,2.0,0.4218,0.4383,4.0217
"D=1, white",D10_white,BuishandU,1035,50,39,1,1.0,0.025641,0.05,2.0,0.385,0.6913,4.0217
"D=1, white",D10_white,BuishandU,1035,100,39,1,1.0,0.025641,0.05,2.0,0.3899,0.915,4.0217
"D=1, white",D10_white,BuishandU,1036,25,33,1,1.0,0.030303,0.058824,1.0,0.5889,0.5453,4.4062
"D=1, white",D10_white,BuishandU,1036,50,33,1,1.0,0.030303,0.058824,1.0,0.6033,0.7018,4.4062
"D=1, white",D10_white,BuishandU,1036,100,33,1,1.0,0.030303,0.058824,1.0,0.588,0.8623,4.4062
"D=1, white",D10_white,BuishandU,1037,25,43,1,1.0,0.023256,0.045455,1.0,0.5639,0.6192,4.458
"D=1, white",D10_white,BuishandU,1037,50,43,1,1.0,0.023256,0.045455,1.0,0.5177,0.8105,4.458
"D=1, white",D10_white,BuishandU,1037,100,43,1,1.0,0.023256,0.045455,1.0,0.2581,0.9317,4.458
"D=1, white",D10_white,BuishandU,1038,25,49,1,1.0,0.020408,0.04,2.0,0.5835,0.6638,4.2502
"D=1, white",D10_white,BuishandU,1038,50,49,1,1.0,0.020408,0.04,2.0,0.6222,0.9071,4.2502
"D=1, white",D10_white,BuishandU,1038,100,49,1,1.0,0.020408,0.04,2.0,0.645,0.9939,4.2502
"D=1, white",D10_white,BuishandU,1039,25,41,1,1.0,0.02439,0.047619,1.0,0.5765,0.5077,4.3366
"D=1, white",D10_white,BuishandU,1039,50,41,1,1.0,0.02439,0.047619,1.0,0.6399,0.7554,4.3366
"D=1, white",D10_white,BuishandU,1039,100,41,1,1.0,0.02439,0.047619,1.0,0.7192,0.9374,4.3366
"D=1, white",D10_white,BuishandU,1040,25,39,1,1.0,0.025641,0.05,3.0,0.5342,0.4727,4.2929
"D=1, white",D10_white,BuishandU,1040,50,39,1,1.0,0.025641,0.05,3.0,0.5377,0.6742,4.2929
"D=1, white",D10_white,BuishandU,1040,100,39,1,1.0,0.025641,0.05,3.0,0.4864,0.8824,4.2929
"D=1, white",D10_white,BuishandU,1041,25,47,1,1.0,0.021277,0.041667,1.0,0.4646,0.5018,4.4052
"D=1, white",D10_white,BuishandU,1041,50,47,1,1.0,0.021277,0.041667,1.0,0.4738,0.7735,4.4052
"D=1, white",D10_white,BuishandU,1041,100,47,1,1.0,0.021277,0.041667,1.0,0.147,0.9272,4.4052
"D=1, white",D10_white,BuishandU,1042,25,43,1,1.0,0.023256,0.045455,1.0,0.5515,0.5667,4.3839
"D=1, white",D10_white,BuishandU,1042,50,43,1,1.0,0.023256,0.045455,1.0,0.5668,0.7557,4.3839
"D=1, white",D10_white,BuishandU,1042,100,43,1,1.0,0.023256,0.045455,1.0,0.5515,0.9169,4.3839
"D=1, white",D10_white,BuishandU,1043,25,39,1,1.0,0.025641,0.05,0.0,0.5669,0.5917,4.1425
"D=1, white",D10_white,BuishandU,1043,50,39,1,1.0,0.025641,0.05,0.0,0.5916,0.7635,4.1425
"D=1, white",D10_white,BuishandU,1043,100,39,1,1.0,0.025641,0.05,0.0,0.6555,0.939,4.1425
"D=1, white",D10_white,BuishandU,1044,25,36,1,1.0,0.027778,0.054054,6.0,0.3488,0.3942,4.11
"D=1, white",D10_white,BuishandU,1044,50,36,1,1.0,0.027778,0.054054,6.0,0.3226,0.6419,4.11
"D=1, white",D10_white,BuishandU,1044,100,36,1,1.0,0.027778,0.054054,6.0,0.4108,0.9399,4.11
"D=1, white",D10_white,BuishandU,1045,25,51,1,1.0,0.019608,0.038462,1.0,0.3606,0.4946,3.9551
"D=1, white",D10_white,BuishandU,1045,50,51,1,1.0,0.019608,0.038462,1.0,0.2593,0.6811,3.9551
"D=1, white",D10_white,BuishandU,1045,100,51,1,1.0,0.019608,0.038462,1.0,0.0509,0.796,3.9551
"D=1, white",D10_white,BuishandU,1046,25,55,1,1.0,0.018182,0.035714,2.0,0.3888,0.5228,4.1719
"D=1, white",D10_white,BuishandU,1046,50,55,1,1.0,0.018182,0.035714,2.0,0.3266,0.7441,4.1719
"D=1, white",D10_white,BuishandU,1046,100,55,1,1.0,0.018182,0.035714,2.0,0.1487,0.8829,4.1719
"D=1, white",D10_white,BuishandU,1047,25,43,1,1.0,0.023256,0.045455,0.0,0.5801,0.5688,4.132
"D=1, white",D10_white,BuishandU,1047,50,43,1,1.0,0.023256,0.045455,0.0,0.5625,0.7514,4.132
"D=1, white",D10_white,BuishandU,1047,100,43,1,1.0,0.023256,0.045455,0.0,0.762,0.9685,4.132
"D=1, white",D10_white,BuishandU,1048,25,51,1,1.0,0.019608,0.038462,2.0,0.5333,0.6448,4.2212
"D=1, white",D10_white,BuishandU,1048,50,51,1,1.0,0.019608,0.038462,2.0,0.5145,0.7465,4.2212
"D=1, white",D10_white,BuishandU,1048,100,51,1,1.0,0.019608,0.038462,2.0,0.4547,0.8485,4.2212
"D=1, white",D10_white,BuishandU,1049,25,33,1,1.0,0.030303,0.058824,2.0,0.4349,0.3983,4.445
"D=1, white",D10_white,BuishandU,1049,50,33,1,1.0,0.030303,0.058824,2.0,0.3939,0.5952,4.445
"D=1, white",D10_white,BuishandU,1049,100,33,1,1.0,0.030303,0.058824,2.0,0.3314,0.8135,4.445
"D=1, pink",D10_pink,BuishandU,1000,25,192,1,1.0,0.005208,0.010363,0.0,0.4672,0.766,4.356
"D=1, pink",D10_pink,BuishandU,1000,50,192,1,1.0,0.005208,0.010363,0.0,0.6034,0.9666,4.356
"D=1, pink",D10_pink,BuishandU,1000,100,192,1,1.0,0.005208,0.010363,0.0,,,4.356
"D=1, pink",D10_pink,BuishandU,1001,25,199,1,1.0,0.005025,0.01,0.0,0.5044,0.7261,4.331
"D=1, pink",D10_pink,BuishandU,1001,50,199,1,1.0,0.005025,0.01,0.0,0.475,0.874,4.331
"D=1, pink",D10_pink,BuishandU,1001,100,199,1,1.0,0.005025,0.01,0.0,,,4.331
"D=1, pink",D10_pink,BuishandU,1002,25,205,1,1.0,0.004878,0.009709,0.0,0.4021,0.8339,4.442
"D=1, pink",D10_pink,BuishandU,1002,50,205,1,1.0,0.004878,0.009709,0.0,0.3078,0.9361,4.442
"D=1, pink",D10_pink,BuishandU,1002,100,205,1,1.0,0.004878,0.009709,0.0,,,4.442
"D=1, pink",D10_pink,BuishandU,1003,25,186,1,1.0,0.005376,0.010695,0.0,0.5376,0.8691,3.9217
"D=1, pink",D10_pink,BuishandU,1003,50,186,1,1.0,0.005376,0.010695,0.0,0.8158,0.9989,3.9217
"D=1, pink",D10_pink,BuishandU,1003,100,186,1,1.0,0.005376,0.010695,0.0,,,3.9217
"D=1, pink",D10_pink,BuishandU,1004,25,198,1,1.0,0.005051,0.01005,0.0,0.5284,0.8249,3.7698
"D=1, pink",D10_pink,BuishandU,1004,50,198,1,1.0,0.005051,0.01005,0.0,0.5559,0.9549,3.7698
"D=1, pink",D10_pink,BuishandU,1004,100,198,1,1.0,0.005051,0.01005,0.0,,,3.7698
"D=1, pink",D10_pink,BuishandU,1005,25,179,1,1.0,0.005587,0.011111,1.0,0.5091,0.8872,4.7421
"D=1, pink",D10_pink,BuishandU,1005,50,179,1,1.0,0.005587,0.011111,1.0,0.5305,0.9836,4.7421
"D=1, pink",D10_pink,BuishandU,1005,100,179,1,1.0,0.005587,0.011111,1.0,,,4.7421
"D=1, pink",D10_pink,BuishandU,1006,25,193,1,1.0,0.005181,0.010309,2.0,0.4594,0.8107,5.0006
"D=1, pink",D10_pink,BuishandU,1006,50,193,1,1.0,0.005181,0.010309,2.0,0.3803,0.9554,5.0006
"D=1, pink",D10_pink,BuishandU,1006,100,193,1,1.0,0.005181,0.010309,2.0,,,5.0006
"D=1, pink",D10_pink,BuishandU,1007,25,167,1,1.0,0.005988,0.011905,0.0,0.5125,0.8964,4.7143
"D=1, pink",D10_pink,BuishandU,1007,50,167,1,1.0,0.005988,0.011905,0.0,0.4393,0.9661,4.7143
"D=1, pink",D10_pink,BuishandU,1007,100,167,1,1.0,0.005988,0.011905,0.0,,,4.7143
"D=1, pink",D10_pink,BuishandU,1008,25,211,1,1.0,0.004739,0.009434,2.0,0.4402,0.7496,4.4958
"D=1, pink",D10_pink,BuishandU,1008,50,211,1,1.0,0.004739,0.009434,2.0,0.4396,0.8833,4.4958
"D=1, pink",D10_pink,BuishandU,1008,100,211,1,1.0,0.004739,0.009434,2.0,0.4877,0.9805,4.4958
"D=1, pink",D10_pink,BuishandU,1009,25,178,1,1.0,0.005618,0.011173,1.0,0.4942,0.872,4.7242
"D=1, pink",D10_pink,BuishandU,1009,50,178,1,1.0,0.005618,0.011173,1.0,0.5124,0.9595,4.7242
"D=1, pink",D10_pink,BuishandU,1009,100,178,1,1.0,0.005618,0.011173,1.0,,,4.7242
"D=1, pink",D10_pink,BuishandU,1010,25,182,1,1.0,0.005495,0.010929,1.0,0.5692,0.7954,4.6168
"D=1, pink",D10_pink,BuishandU,1010,50,182,1,1.0,0.005495,0.010929,1.0,0.7762,0.9672,4.6168
"D=1, pink",D10_pink,BuishandU,1010,100,182,1,1.0,0.005495,0.010929,1.0,,,4.6168
"D=1, pink",D10_pink,BuishandU,1011,25,176,1,1.0,0.005682,0.011299,0.0,0.3986,0.7805,4.6369
"D=1, pink",D10_pink,BuishandU,1011,50,176,1,1.0,0.005682,0.011299,0.0,0.2286,0.9372,4.6369
"D=1, pink",D10_pink,BuishandU,1011,100,176,1,1.0,0.005682,0.011299,0.0,,,4.6369
"D=1, pink",D10_pink,BuishandU,1012,25,207,1,1.0,0.004831,0.009615,0.0,0.5736,0.8471,4.7928
"D=1, pink",D10_pink,BuishandU,1012,50,207,1,1.0,0.004831,0.009615,0.0,0.6961,0.9822,4.7928
"D=1, pink",D10_pink,BuishandU,1012,100,207,1,1.0,0.004831,0.009615,0.0,,,4.7928
"D=1, pink",D10_pink,BuishandU,1013,25,172,1,1.0,0.005814,0.011561,13.0,0.4184,0.8141,4.5197
"D=1, pink",D10_pink,BuishandU,1013,50,172,1,1.0,0.005814,0.011561,13.0,0.3638,0.9604,4.5197
"D=1, pink",D10_pink,BuishandU,1013,100,172,1,1.0,0.005814,0.011561,13.0,,,4.5197
"D=1, pink",D10_pink,BuishandU,1014,25,184,1,1.0,0.005435,0.010811,0.0,0.483,0.6962,4.7148
"D=1, pink",D10_pink,BuishandU,1014,50,184,1,1.0,0.005435,0.010811,0.0,0.5597,0.9336,4.7148
"D=1, pink",D10_pink,BuishandU,1014,100,184,1,1.0,0.005435,0.010811,0.0,,,4.7148
"D=1, pink",D10_pink,BuishandU,1015,25,169,1,1.0,0.005917,0.011765,0.0,0.4865,0.8308,4.644
"D=1, pink",D10_pink,BuishandU,1015,50,169,1,1.0,0.005917,0.011765,0.0,0.4429,0.948,4.644
"D=1, pink",D10_pink,BuishandU,1015,100,169,1,1.0,0.005917,0.011765,0.0,,,4.644
"D=1, pink",D10_pink,BuishandU,1016,25,181,1,1.0,0.005525,0.010989,1.0,0.3833,0.8122,4.7686
"D=1, pink",D10_pink,BuishandU,1016,50,181,1,1.0,0.005525,0.010989,1.0,0.3351,0.9508,4.7686
"D=1, pink",D10_pink,BuishandU,1016,100,181,1,1.0,0.005525,0.010989,1.0,,,4.7686
"D=1, pink",D10_pink,BuishandU,1017,25,175,1,1.0,0.005714,0.011364,1.0,0.3572,0.8645,4.5715
"D=1, pink",D10_pink,BuishandU,1017,50,175,1,1.0,0.005714,0.011364,1.0,,,4.5715
"D=1, pink",D10_pink,BuishandU,1017,100,175,1,1.0,0.005714,0.011364,1.0,,,4.5715
"D=1, pink",D10_pink,BuishandU,1018,25,197,1,1.0,0.005076,0.010101,2.0,0.437,0.8331,4.6532
"D=1, pink",D10_pink,BuishandU,1018,50,197,1,1.0,0.005076,0.010101,2.0,0.1172,0.8861,4.6532
"D=1, pink",D10_pink,BuishandU,1018,100,197,1,1.0,0.005076,0.010101,2.0,0.091,0.9264,4.6532
"D=1, pink",D10_pink,BuishandU,1019,25,188,1,1.0,0.005319,0.010582,1.0,0.5583,0.8941,5.6518
"D=1, pink",D10_pink,BuishandU,1019,50,188,1,1.0,0.005319,0.010582,1.0,0.7303,0.9852,5.6518
"D=1, pink",D10_pink,BuishandU,1019,100,188,1,1.0,0.005319,0.010582,1.0,0.862,0.9997,5.6518
"D=1, pink",D10_pink,BuishandU,1020,25,177,1,1.0,0.00565,0.011236,0.0,0.4604,0.8128,4.739
"D=1, pink",D10_pink,BuishandU,1020,50,177,1,1.0,0.00565,0.011236,0.0,0.4109,0.958,4.739
"D=1, pink",D10_pink,BuishandU,1020,100,177,1,1.0,0.00565,0.011236,0.0,,,4.739
"D=1, pink",D10_pink,BuishandU,1021,25,208,1,1.0,0.004808,0.009569,1.0,0.4513,0.779,4.6088
"D=1, pink",D10_pink,BuishandU,1021,50,208,1,1.0,0.004808,0.009569,1.0,0.4631,0.9292,4.6088
"D=1, pink",D10_pink,BuishandU,1021,100,208,1,1.0,0.004808,0.009569,1.0,,,4.6088
"D=1, pink",D10_pink,BuishandU,1022,25,179,1,1.0,0.005587,0.011111,1.0,0.4338,0.7752,4.6195
"D=1, pink",D10_pink,BuishandU,1022,50,179,1,1.0,0.005587,0.011111,1.0,0.5043,0.9683,4.6195
"D=1, pink",D10_pink,BuishandU,1022,100,179,1,1.0,0.005587,0.011111,1.0,,,4.6195
"D=1, pink",D10_pink,BuishandU,1023,25,185,1,1.0,0.005405,0.010753,0.0,0.4626,0.7978,4.5483
"D=1, pink",D10_pink,BuishandU,1023,50,185,1,1.0,0.005405,0.010753,0.0,0.3598,0.9222,4.5483
"D=1, pink",D10_pink,BuishandU,1023,100,185,1,1.0,0.005405,0.010753,0.0,,,4.5483
"D=1, pink",D10_pink,BuishandU,1024,25,192,1,1.0,0.005208,0.010363,0.0,0.5868,0.8537,4.6364
"D=1, pink",D10_pink,BuishandU,1024,50,192,1,1.0,0.005208,0.010363,0.0,0.8166,0.9835,4.6364
"D=1, pink",D10_pink,BuishandU,1024,100,192,1,1.0,0.005208,0.010363,0.0,0.8285,0.9975,4.6364
"D=1, pink",D10_pink,BuishandU,1025,25,186,1,1.0,0.005376,0.010695,0.0,0.5347,0.864,4.6804
"D=1, pink",D10_pink,BuishandU,1025,50,186,1,1.0,0.005376,0.010695,0.0,0.7208,0.9801,4.6804
"D=1, pink",D10_pink,BuishandU,1025,100,186,1,1.0,0.005376,0.010695,0.0,,,4.6804
"D=1, pink",D10_pink,BuishandU,1026,25,199,1,1.0,0.005025,0.01,0.0,0.4588,0.7882,4.8134
"D=1, pink",D10_pink,BuishandU,1026,50,199,1,1.0,0.005025,0.01,0.0,0.3998,0.9049,4.8134
"D=1, pink",D10_pink,BuishandU,1026,100,199,1,1.0,0.005025,0.01,0.0,0.2883,0.9895,4.8134
"D=1, pink",D10_pink,BuishandU,1027,25,207,1,1.0,0.004831,0.009615,1.0,0.5172,0.8927,4.5615
"D=1, pink",D10_pink,BuishandU,1027,50,207,1,1.0,0.004831,0.009615,1.0,0.6814,0.9898,4.5615
"D=1, pink",D10_pink,BuishandU,1027,100,207,1,1.0,0.004831,0.009615,1.0,,,4.5615
"D=1, pink",D10_pink,BuishandU,1028,25,225,1,1.0,0.004444,0.00885,0.0,0.5286,0.8018,6.2838
"D=1, pink",D10_pink,BuishandU,1028,50,225,1,1.0,0.004444,0.00885,0.0,0.4939,0.8684,6.2838
"D=1, pink",D10_pink,BuishandU,1028,100,225,1,1.0,0.004444,0.00885,0.0,0.3123,0.949,6.2838
"D=1, pink",D10_pink,BuishandU,1029,25,187,1,1.0,0.005348,0.010638,0.0,0.4564,0.8732,6.3039
"D=1, pink",D10_pink,BuishandU,1029,50,187,1,1.0,0.005348,0.010638,0.0,0.2601,0.9893,6.3039
"D=1, pink",D10_pink,BuishandU,1029,100,187,1,1.0,0.005348,0.010638,0.0,,,6.3039
"D=1, pink",D10_pink,BuishandU,1030,25,194,1,1.0,0.005155,0.010256,1.0,0.6031,0.8942,7.1629
"D=1, pink",D10_pink,BuishandU,1030,50,194,1,1.0,0.005155,0.010256,1.0,0.9651,0.9999,7.1629
"D=1, pink",D10_pink,BuishandU,1030,100,194,1,1.0,0.005155,0.010256,1.0,,,7.1629
"D=1, pink",D10_pink,BuishandU,1031,25,223,1,1.0,0.004484,0.008929,0.0,0.5554,0.93,7.3152
"D=1, pink",D10_pink,BuishandU,1031,50,223,1,1.0,0.004484,0.008929,0.0,0.7315,0.9944,7.3152
"D=1, pink",D10_pink,BuishandU,1031,100,223,1,1.0,0.004484,0.008929,0.0,,,7.3152
"D=1, pink",D10_pink,BuishandU,1032,25,199,1,1.0,0.005025,0.01,1.0,0.5068,0.7812,7.5002
"D=1, pink",D10_pink,BuishandU,1032,50,199,1,1.0,0.005025,0.01,1.0,0.7352,0.9817,7.5002
"D=1, pink",D10_pink,BuishandU,1032,100,199,1,1.0,0.005025,0.01,1.0,0.859,0.9979,7.5002
"D=1, pink",D10_pink,BuishandU,1033,25,173,1,1.0,0.00578,0.011494,1.0,0.4137,0.8587,6.9648
"D=1, pink",D10_pink,BuishandU,1033,50,173,1,1.0,0.00578,0.011494,1.0,0.1771,0.9707,6.9648
"D=1, pink",D10_pink,BuishandU,1033,100,173,1,1.0,0.00578,0.011494,1.0,,,6.9648
"D=1, pink",D10_pink,BuishandU,1034,25,187,1,1.0,0.005348,0.010638,0.0,0.5959,0.9088,7.256
"D=1, pink",D10_pink,BuishandU,1034,50,187,1,1.0,0.005348,0.010638,0.0,0.6041,0.9862,7.256
"D=1, pink",D10_pink,BuishandU,1034,100,187,1,1.0,0.005348,0.010638,0.0,,,7.256
"D=1, pink",D10_pink,BuishandU,1035,25,193,1,1.0,0.005181,0.010309,0.0,0.3812,0.7966,7.3861
"D=1, pink",D10_pink,BuishandU,1035,50,193,1,1.0,0.005181,0.010309,0.0,0.3817,0.9827,7.3861
"D=1, pink",D10_pink,BuishandU,1035,100,193,1,1.0,0.005181,0.010309,0.0,,,7.3861
"D=1, pink",D10_pink,BuishandU,1036,25,208,1,1.0,0.004808,0.009569,1.0,0.5222,0.8574,5.0519
"D=1, pink",D10_pink,BuishandU,1036,50,208,1,1.0,0.004808,0.009569,1.0,0.4201,0.9634,5.0519
"D=1, pink",D10_pink,BuishandU,1036,100,208,1,1.0,0.004808,0.009569,1.0,0.4417,0.9858,5.0519
"D=1, pink",D10_pink,BuishandU,1037,25,172,1,1.0,0.005814,0.011561,2.0,0.5506,0.823,4.625
"D=1, pink",D10_pink,BuishandU,1037,50,172,1,1.0,0.005814,0.011561,2.0,0.5603,0.9573,4.625
"D=1, pink",D10_pink,BuishandU,1037,100,172,1,1.0,0.005814,0.011561,2.0,,,4.625
"D=1, pink",D10_pink,BuishandU,1038,25,184,1,1.0,0.005435,0.010811,1.0,0.4591,0.7903,4.2561
"D=1, pink",D10_pink,BuishandU,1038,50,184,1,1.0,0.005435,0.010811,1.0,0.3444,0.9649,4.2561
"D=1, pink",D10_pink,BuishandU,1038,100,184,1,1.0,0.005435,0.010811,1.0,,,4.2561
"D=1, pink",D10_pink,BuishandU,1039,25,183,1,1.0,0.005464,0.01087,1.0,0.4455,0.8054,4.3331
"D=1, pink",D10_pink,BuishandU,1039,50,183,1,1.0,0.005464,0.01087,1.0,0.3956,0.8817,4.3331
"D=1, pink",D10_pink,BuishandU,1039,100,183,1,1.0,0.005464,0.01087,1.0,0.3818,0.9729,4.3331
"D=1, pink",D10_pink,BuishandU,1040,25,176,1,1.0,0.005682,0.011299,1.0,0.5233,0.6672,4.0625
"D=1, pink",D10_pink,BuishandU,1040,50,176,1,1.0,0.005682,0.011299,1.0,0.5783,0.8943,4.0625
"D=1, pink",D10_pink,BuishandU,1040,100,176,1,1.0,0.005682,0.011299,1.0,0.8519,0.9996,4.0625
"D=1, pink",D10_pink,BuishandU,1041,25,184,1,1.0,0.005435,0.010811,0.0,0.4654,0.7837,3.8483
"D=1, pink",D10_pink,BuishandU,1041,50,184,1,1.0,0.005435,0.010811,0.0,0.3911,0.8582,3.8483
"D=1, pink",D10_pink,BuishandU,1041,100,184,1,1.0,0.005435,0.010811,0.0,0.1745,0.9668,3.8483
"D=1, pink",D10_pink,BuishandU,1042,25,190,1,1.0,0.005263,0.010471,0.0,0.3991,0.8017,4.1019
"D=1, pink",D10_pink,BuishandU,1042,50,190,1,1.0,0.005263,0.010471,0.0,0.3584,0.913,4.1019
"D=1, pink",D10_pink,BuishandU,1042,100,190,1,1.0,0.005263,0.010471,0.0,0.4116,0.982,4.1019
"D=1, pink",D10_pink,BuishandU,1043,25,200,1,1.0,0.005,0.00995,0.0,0.6968,0.9172,3.7128
"D=1, pink",D10_pink,BuishandU,1043,50,200,1,1.0,0.005,0.00995,0.0,0.937,0.9966,3.7128
"D=1, pink",D10_pink,BuishandU,1043,100,200,1,1.0,0.005,0.00995,0.0,0.9195,1.0,3.7128
"D=1, pink",D10_pink,BuishandU,1044,25,204,1,1.0,0.004902,0.009756,0.0,0.5112,0.8175,3.5523
"D=1, pink",D10_pink,BuishandU,1044,50,204,1,1.0,0.004902,0.009756,0.0,0.5384,0.9092,3.5523
"D=1, pink",D10_pink,BuishandU,1044,100,204,1,1.0,0.004902,0.009756,0.0,0.723,0.9863,3.5523
"D=1, pink",D10_pink,BuishandU,1045,25,180,1,1.0,0.005556,0.01105,0.0,0.6697,0.885,3.6127
"D=1, pink",D10_pink,BuishandU,1045,50,180,1,1.0,0.005556,0.01105,0.0,0.8473,0.9913,3.6127
"D=1, pink",D10_pink,BuishandU,1045,100,180,1,1.0,0.005556,0.01105,0.0,0.8696,0.9963,3.6127
"D=1, pink",D10_pink,BuishandU,1046,25,215,1,1.0,0.004651,0.009259,0.0,0.5853,0.8444,3.9293
"D=1, pink",D10_pink,BuishandU,1046,50,215,1,1.0,0.004651,0.009259,0.0,0.6295,0.9693,3.9293
"D=1, pink",D10_pink,BuishandU,1046,100,215,1,1.0,0.004651,0.009259,0.0,,,3.9293
"D=1, pink",D10_pink,BuishandU,1047,25,199,1,1.0,0.005025,0.01,0.0,0.4378,0.7526,4.2309
"D=1, pink",D10_pink,BuishandU,1047,50,199,1,1.0,0.005025,0.01,0.0,0.4401,0.9179,4.2309
"D=1, pink",D10_pink,BuishandU,1047,100,199,1,1.0,0.005025,0.01,0.0,,,4.2309
"D=1, pink",D10_pink,BuishandU,1048,25,215,1,1.0,0.004651,0.009259,1.0,0.6666,0.9002,4.1054
"D=1, pink",D10_pink,BuishandU,1048,50,215,1,1.0,0.004651,0.009259,1.0,0.6444,0.9609,4.1054
"D=1, pink",D10_pink,BuishandU,1048,100,215,1,1.0,0.004651,0.009259,1.0,,,4.1054
"D=1, pink",D10_pink,BuishandU,1049,25,203,1,1.0,0.004926,0.009804,1.0,0.664,0.9043,3.6852
"D=1, pink",D10_pink,BuishandU,1049,50,203,1,1.0,0.004926,0.009804,1.0,0.5932,0.9774,3.6852
"D=1, pink",D10_pink,BuishandU,1049,100,203,1,1.0,0.004926,0.009804,1.0,,,3.6852
"D=1.5, white",D15_white,BuishandU,1000,25,121,1,1.0,0.008264,0.016393,1.0,0.4014,0.8017,3.6786
"D=1.5, white",D15_white,BuishandU,1000,50,121,1,1.0,0.008264,0.016393,1.0,0.2903,0.9316,3.6786
"D=1.5, white",D15_white,BuishandU,1000,100,121,1,1.0,0.008264,0.016393,1.0,,,3.6786
"D=1.5, white",D15_white,BuishandU,1001,25,116,1,1.0,0.008621,0.017094,0.0,0.5057,0.8545,3.7361
"D=1.5, white",D15_white,BuishandU,1001,50,116,1,1.0,0.008621,0.017094,0.0,0.0807,0.9852,3.7361
"D=1.5, white",D15_white,BuishandU,1001,100,116,1,1.0,0.008621,0.017094,0.0,,,3.7361
"D=1.5, white",D15_white,BuishandU,1002,25,106,1,1.0,0.009434,0.018692,1.0,0.5023,0.8864,4.0964
"D=1.5, white",D15_white,BuishandU,1002,50,106,1,1.0,0.009434,0.018692,1.0,0.4641,0.9805,4.0964
"D=1.5, white",D15_white,BuishandU,1002,100,106,1,1.0,0.009434,0.018692,1.0,,,4.0964
"D=1.5, white",D15_white,BuishandU,1003,25,107,1,1.0,0.009346,0.018519,7.0,0.5415,0.8933,3.9241
"D=1.5, white",D15_white,BuishandU,1003,50,107,1,1.0,0.009346,0.018519,7.0,0.5867,0.9931,3.9241
"D=1.5, white",D15_white,BuishandU,1003,100,107,1,1.0,0.009346,0.018519,7.0,,,3.9241
"D=1.5, white",D15_white,BuishandU,1004,25,133,1,1.0,0.007519,0.014925,2.0,0.4303,0.9132,3.8771
"D=1.5, white",D15_white,BuishandU,1004,50,133,1,1.0,0.007519,0.014925,2.0,,,3.8771
"D=1.5, white",D15_white,BuishandU,1004,100,133,1,1.0,0.007519,0.014925,2.0,,,3.8771
"D=1.5, white",D15_white,BuishandU,1005,25,93,1,1.0,0.010753,0.021277,0.0,0.5247,0.8385,3.4824
"D=1.5, white",D15_white,BuishandU,1005,50,93,1,1.0,0.010753,0.021277,0.0,0.6605,0.994,3.4824
"D=1.5, white",D15_white,BuishandU,1005,100,93,1,1.0,0.010753,0.021277,0.0,,,3.4824
"D=1.5, white",D15_white,BuishandU,1006,25,121,1,1.0,0.008264,0.016393,1.0,0.5406,0.8714,4.0963
"D=1.5, white",D15_white,BuishandU,1006,50,121,1,1.0,0.008264,0.016393,1.0,0.5262,0.993,4.0963
"D=1.5, white",D15_white,BuishandU,1006,100,121,1,1.0,0.008264,0.016393,1.0,,,4.0963
"D=1.5, white",D15_white,BuishandU,1007,25,102,1,1.0,0.009804,0.019417,0.0,0.357,0.7562,3.703
"D=1.5, white",D15_white,BuishandU,1007,50,102,1,1.0,0.009804,0.019417,0.0,0.2128,0.9753,3.703
"D=1.5, white",D15_white,BuishandU,1007,100,102,1,1.0,0.009804,0.019417,0.0,,,3.703
"D=1.5, white",D15_white,BuishandU,1008,25,117,1,1.0,0.008547,0.016949,1.0,0.3512,0.8028,3.1478
"D=1.5, white",D15_white,BuishandU,1008,50,117,1,1.0,0.008547,0.016949,1.0,0.2779,0.9095,3.1478
"D=1.5, white",D15_white,BuishandU,1008,100,117,1,1.0,0.008547,0.016949,1.0,0.2318,0.9834,3.1478
"D=1.5, white",D15_white,BuishandU,1009,25,112,1,1.0,0.008929,0.017699,7.0,0.574,0.9261,3.0802
"D=1.5, white",D15_white,BuishandU,1009,50,112,1,1.0,0.008929,0.017699,7.0,0.6315,0.988,3.0802
"D=1.5, white",D15_white,BuishandU,1009,100,112,1,1.0,0.008929,0.017699,7.0,,,3.0802
"D=1.5, white",D15_white,BuishandU,1010,25,123,1,1.0,0.00813,0.016129,0.0,0.7135,0.9286,2.9638
"D=1.5, white",D15_white,BuishandU,1010,50,123,1,1.0,0.00813,0.016129,0.0,0.8355,0.9939,2.9638
"D=1.5, white",D15_white,BuishandU,1010,100,123,1,1.0,0.00813,0.016129,0.0,,,2.9638
"D=1.5, white",D15_white,BuishandU,1011,25,121,1,1.0,0.008264,0.016393,0.0,0.5501,0.8944,3.3114
"D=1.5, white",D15_white,BuishandU,1011,50,121,1,1.0,0.008264,0.016393,0.0,0.6831,0.9915,3.3114
"D=1.5, white",D15_white,BuishandU,1011,100,121,1,1.0,0.008264,0.016393,0.0,,,3.3114
"D=1.5, white",D15_white,BuishandU,1012,25,107,1,1.0,0.009346,0.018519,0.0,0.5443,0.8275,3.1312
"D=1.5, white",D15_white,BuishandU,1012,50,107,1,1.0,0.009346,0.018519,0.0,0.6775,0.971,3.1312
"D=1.5, white",D15_white,BuishandU,1012,100,107,1,1.0,0.009346,0.018519,0.0,,,3.1312
"D=1.5, white",D15_white,BuishandU,1013,25,106,1,1.0,0.009434,0.018692,3.0,0.4673,0.7771,3.4348
"D=1.5, white",D15_white,BuishandU,1013,50,106,1,1.0,0.009434,0.018692,3.0,0.4722,0.9712,3.4348
"D=1.5, white",D15_white,BuishandU,1013,100,106,1,1.0,0.009434,0.018692,3.0,,,3.4348
"D=1.5, white",D15_white,BuishandU,1014,25,101,1,1.0,0.009901,0.019608,0.0,0.5776,0.8674,3.2012
"D=1.5, white",D15_white,BuishandU,1014,50,101,1,1.0,0.009901,0.019608,0.0,0.5091,0.978,3.2012
"D=1.5, white",D15_white,BuishandU,1014,100,101,1,1.0,0.009901,0.019608,0.0,,,3.2012
"D=1.5, white",D15_white,BuishandU,1015,25,110,1,1.0,0.009091,0.018018,0.0,0.497,0.8518,3.3507
"D=1.5, white",D15_white,BuishandU,1015,50,110,1,1.0,0.009091,0.018018,0.0,0.7368,0.995,3.3507
"D=1.5, white",D15_white,BuishandU,1015,100,110,1,1.0,0.009091,0.018018,0.0,,,3.3507
"D=1.5, white",D15_white,BuishandU,1016,25,111,1,1.0,0.009009,0.017857,1.0,0.4423,0.8054,3.0988
"D=1.5, white",D15_white,BuishandU,1016,50,111,1,1.0,0.009009,0.017857,1.0,0.5104,0.9358,3.0988
"D=1.5, white",D15_white,BuishandU,1016,100,111,1,1.0,0.009009,0.017857,1.0,,,3.0988
"D=1.5, white",D15_white,BuishandU,1017,25,110,1,1.0,0.009091,0.018018,0.0,0.378,0.8482,3.4354
"D=1.5, white",D15_white,BuishandU,1017,50,110,1,1.0,0.009091,0.018018,0.0,0.2486,0.976,3.4354
"D=1.5, white",D15_white,BuishandU,1017,100,110,1,1.0,0.009091,0.018018,0.0,,,3.4354
"D=1.5, white",D15_white,BuishandU,1018,25,117,1,1.0,0.008547,0.016949,1.0,0.5265,0.9073,3.1767
"D=1.5, white",D15_white,BuishandU,1018,50,117,1,1.0,0.008547,0.016949,1.0,0.6808,0.9992,3.1767
"D=1.5, white",D15_white,BuishandU,1018,100,117,1,1.0,0.008547,0.016949,1.0,,,3.1767
"D=1.5, white",D15_white,BuishandU,1019,25,111,1,1.0,0.009009,0.017857,6.0,0.4461,0.7457,3.2074
"D=1.5, white",D15_white,BuishandU,1019,50,111,1,1.0,0.009009,0.017857,6.0,0.3265,0.8989,3.2074
"D=1.5, white",D15_white,BuishandU,1019,100,111,1,1.0,0.009009,0.017857,6.0,0.0002,0.9905,3.2074
"D=1.5, white",D15_white,BuishandU,1020,25,119,1,1.0,0.008403,0.016667,2.0,0.4531,0.8412,2.9497
"D=1.5, white",D15_white,BuishandU,1020,50,119,1,1.0,0.008403,0.016667,2.0,0.5577,0.9666,2.9497
"D=1.5, white",D15_white,BuishandU,1020,100,119,1,1.0,0.008403,0.016667,2.0,,,2.9497
"D=1.5, white",D15_white,BuishandU,1021,25,117,1,1.0,0.008547,0.016949,2.0,0.6057,0.8821,2.9706
"D=1.5, white",D15_white,BuishandU,1021,50,117,1,1.0,0.008547,0.016949,2.0,0.681,0.9846,2.9706
"D=1.5, white",D15_white,BuishandU,1021,100,117,1,1.0,0.008547,0.016949,2.0,,,2.9706
"D=1.5, white",D15_white,BuishandU,1022,25,124,1,1.0,0.008065,0.016,5.0,0.5286,0.8881,3.1638
"D=1.5, white",D15_white,BuishandU,1022,50,124,1,1.0,0.008065,0.016,5.0,0.465,0.9996,3.1638
"D=1.5, white",D15_white,BuishandU,1022,100,124,1,1.0,0.008065,0.016,5.0,,,3.1638
"D=1.5, white",D15_white,BuishandU,1023,25,115,1,1.0,0.008696,0.017241,0.0,0.6305,0.883,3.0712
"D=1.5, white",D15_white,BuishandU,1023,50,115,1,1.0,0.008696,0.017241,0.0,0.5326,0.9528,3.0712
"D=1.5, white",D15_white,BuishandU,1023,100,115,1,1.0,0.008696,0.017241,0.0,0.4336,0.9963,3.0712
"D=1.5, white",D15_white,BuishandU,1024,25,101,1,1.0,0.009901,0.019608,0.0,0.428,0.8107,2.8856
"D=1.5, white",D15_white,BuishandU,1024,50,101,1,1.0,0.009901,0.019608,0.0,0.4744,0.9948,2.8856
"D=1.5, white",D15_white,BuishandU,1024,100,101,1,1.0,0.009901,0.019608,0.0,,,2.8856
"D=1.5, white",D15_white,BuishandU,1025,25,103,1,1.0,0.009709,0.019231,0.0,0.5828,0.8662,3.009
"D=1.5, white",D15_white,BuishandU,1025,50,103,1,1.0,0.009709,0.019231,0.0,0.9601,0.9974,3.009
"D=1.5, white",D15_white,BuishandU,1025,100,103,1,1.0,0.009709,0.019231,0.0,0.9973,1.0,3.009
"D=1.5, white",D15_white,BuishandU,1026,25,100,1,1.0,0.01,0.019802,2.0,0.3834,0.8099,3.2948
"D=1.5, white",D15_white,BuishandU,1026,50,100,1,1.0,0.01,0.019802,2.0,0.2867,0.9852,3.2948
"D=1.5, white",D15_white,BuishandU,1026,100,100,1,1.0,0.01,0.019802,2.0,,,3.2948
"D=1.5, white",D15_white,BuishandU,1027,25,106,1,1.0,0.009434,0.018692,0.0,0.474,0.8243,3.0202
"D=1.5, white",D15_white,BuishandU,1027,50,106,1,1.0,0.009434,0.018692,0.0,0.5333,0.9645,3.0202
"D=1.5, white",D15_white,BuishandU,1027,100,106,1,1.0,0.009434,0.018692,0.0,,,3.0202
"D=1.5, white",D15_white,BuishandU,1028,25,122,1,1.0,0.008197,0.01626,5.0,0.4309,0.8088,2.9097
"D=1.5, white",D15_white,BuishandU,1028,50,122,1,1.0,0.008197,0.01626,5.0,0.4667,0.9698,2.9097
"D=1.5, white",D15_white,BuishandU,1028,100,122,1,1.0,0.008197,0.01626,5.0,,,2.9097
"D=1.5, white",D15_white,BuishandU,1029,25,111,1,1.0,0.009009,0.017857,10.0,0.5427,0.8667,2.8841
"D=1.5, white",D15_white,BuishandU,1029,50,111,1,1.0,0.009009,0.017857,10.0,0.5055,0.991,2.8841
"D=1.5, white",D15_white,BuishandU,1029,100,111,1,1.0,0.009009,0.017857,10.0,,,2.8841
"D=1.5, white",D15_white,BuishandU,1030,25,127,1,1.0,0.007874,0.015625,0.0,0.4562,0.9135,2.8771
"D=1.5, white",D15_white,BuishandU,1030,50,127,1,1.0,0.007874,0.015625,0.0,,,2.8771
"D=1.5, white",D15_white,BuishandU,1030,100,127,1,1.0,0.007874,0.015625,0.0,,,2.8771
"D=1.5, white",D15_white,BuishandU,1031,25,154,1,1.0,0.006494,0.012903,1.0,0.3287,0.9101,2.9277
"D=1.5, white",D15_white,BuishandU,1031,50,154,1,1.0,0.006494,0.012903,1.0,,,2.9277
"D=1.5, white",D15_white,BuishandU,1031,100,154,1,1.0,0.006494,0.012903,1.0,,,2.9277
"D=1.5, white",D15_white,BuishandU,1032,25,112,1,1.0,0.008929,0.017699,1.0,0.4636,0.8992,2.8801
"D=1.5, white",D15_white,BuishandU,1032,50,112,1,1.0,0.008929,0.017699,1.0,,,2.8801
"D=1.5, white",D15_white,BuishandU,1032,100,112,1,1.0,0.008929,0.017699,1.0,,,2.8801
"D=1.5, white",D15_white,BuishandU,1033,25,101,1,1.0,0.009901,0.019608,2.0,0.6508,0.8559,2.9624
"D=1.5, white",D15_white,BuishandU,1033,50,101,1,1.0,0.009901,0.019608,2.0,0.7764,0.9898,2.9624
"D=1.5, white",D15_white,BuishandU,1033,100,101,1,1.0,0.009901,0.019608,2.0,,,2.9624
"D=1.5, white",D15_white,BuishandU,1034,25,125,1,1.0,0.008,0.015873,0.0,0.5437,0.9138,3.7226
"D=1.5, white",D15_white,BuishandU,1034,50,125,1,1.0,0.008,0.015873,0.0,0.42,0.9829,3.7226
"D=1.5, white",D15_white,BuishandU,1034,100,125,1,1.0,0.008,0.015873,0.0,,,3.7226
"D=1.5, white",D15_white,BuishandU,1035,25,107,1,1.0,0.009346,0.018519,3.0,0.4221,0.8031,3.6352
"D=1.5, white",D15_white,BuishandU,1035,50,107,1,1.0,0.009346,0.018519,3.0,0.2119,0.9915,3.6352
"D=1.5, white",D15_white,BuishandU,1035,100,107,1,1.0,0.009346,0.018519,3.0,,,3.6352
"D=1.5, white",D15_white,BuishandU,1036,25,116,1,1.0,0.008621,0.017094,0.0,0.6464,0.9204,3.6204
"D=1.5, white",D15_white,BuishandU,1036,50,116,1,1.0,0.008621,0.017094,0.0,0.4567,0.9787,3.6204
"D=1.5, white",D15_white,BuishandU,1036,100,116,1,1.0,0.008621,0.017094,0.0,,,3.6204
"D=1.5, white",D15_white,BuishandU,1037,25,112,1,1.0,0.008929,0.017699,1.0,0.5384,0.8476,3.0527
"D=1.5, white",D15_white,BuishandU,1037,50,112,1,1.0,0.008929,0.017699,1.0,0.8,0.9934,3.0527
"D=1.5, white",D15_white,BuishandU,1037,100,112,1,1.0,0.008929,0.017699,1.0,,,3.0527
"D=1.5, white",D15_white,BuishandU,1038,25,130,1,1.0,0.007692,0.015267,1.0,0.5414,0.8522,2.7322
"D=1.5, white",D15_white,BuishandU,1038,50,130,1,1.0,0.007692,0.015267,1.0,0.8623,0.9993,2.7322
"D=1.5, white",D15_white,BuishandU,1038,100,130,1,1.0,0.007692,0.015267,1.0,,,2.7322
"D=1.5, white",D15_white,BuishandU,1039,25,105,1,1.0,0.009524,0.018868,11.0,0.373,0.7875,2.6384
"D=1.5, white",D15_white,BuishandU,1039,50,105,1,1.0,0.009524,0.018868,11.0,0.4267,0.9653,2.6384
"D=1.5, white",D15_white,BuishandU,1039,100,105,1,1.0,0.009524,0.018868,11.0,,,2.6384
"D=1.5, white",D15_white,BuishandU,1040,25,113,1,1.0,0.00885,0.017544,0.0,0.4759,0.7847,2.4513
"D=1.5, white",D15_white,BuishandU,1040,50,113,1,1.0,0.00885,0.017544,0.0,0.3181,0.9637,2.4513
"D=1.5, white",D15_white,BuishandU,1040,100,113,1,1.0,0.00885,0.017544,0.0,,,2.4513
"D=1.5, white",D15_white,BuishandU,1041,25,133,1,1.0,0.007519,0.014925,1.0,0.4334,0.8971,2.2398
"D=1.5, white",D15_white,BuishandU,1041,50,133,1,1.0,0.007519,0.014925,1.0,0.2525,0.9886,2.2398
"D=1.5, white",D15_white,BuishandU,1041,100,133,1,1.0,0.007519,0.014925,1.0,,,2.2398
"D=1.5, white",D15_white,BuishandU,1042,25,127,1,1.0,0.007874,0.015625,1.0,0.3278,0.8542,2.2344
"D=1.5, white",D15_white,BuishandU,1042,50,127,1,1.0,0.007874,0.015625,1.0,0.1349,0.9242,2.2344
"D=1.5, white",D15_white,BuishandU,1042,100,127,1,1.0,0.007874,0.015625,1.0,,,2.2344
"D=1.5, white",D15_white,BuishandU,1043,25,123,1,1.0,0.00813,0.016129,14.0,0.6659,0.907,2.3986
"D=1.5, white",D15_white,BuishandU,1043,50,123,1,1.0,0.00813,0.016129,14.0,0.9759,0.9996,2.3986
"D=1.5, white",D15_white,BuishandU,1043,100,123,1,1.0,0.00813,0.016129,14.0,,,2.3986
"D=1.5, white",D15_white,BuishandU,1044,25,101,1,1.0,0.009901,0.019608,2.0,0.5011,0.8473,2.2035
"D=1.5, white",D15_white,BuishandU,1044,50,101,1,1.0,0.009901,0.019608,2.0,0.3479,0.9942,2.2035
"D=1.5, white",D15_white,BuishandU,1044,100,101,1,1.0,0.009901,0.019608,2.0,,,2.2035
"D=1.5, white",D15_white,BuishandU,1045,25,113,1,1.0,0.00885,0.017544,0.0,0.6815,0.9044,2.2019
"D=1.5, white",D15_white,BuishandU,1045,50,113,1,1.0,0.00885,0.017544,0.0,0.6479,0.9817,2.2019
"D=1.5, white",D15_white,BuishandU,1045,100,113,1,1.0,0.00885,0.017544,0.0,,,2.2019
"D=1.5, white",D15_white,BuishandU,1046,25,124,1,1.0,0.008065,0.016,0.0,0.4917,0.9229,2.1759
"D=1.5, white",D15_white,BuishandU,1046,50,124,1,1.0,0.008065,0.016,0.0,,,2.1759
"D=1.5, white",D15_white,BuishandU,1046,100,124,1,1.0,0.008065,0.016,0.0,,,2.1759
"D=1.5, white",D15_white,BuishandU,1047,25,111,1,1.0,0.009009,0.017857,12.0,0.5131,0.8383,2.2237
"D=1.5, white",D15_white,BuishandU,1047,50,111,1,1.0,0.009009,0.017857,12.0,0.5106,0.9896,2.2237
"D=1.5, white",D15_white,BuishandU,1047,100,111,1,1.0,0.009009,0.017857,12.0,,,2.2237
"D=1.5, white",D15_white,BuishandU,1048,25,134,1,1.0,0.007463,0.014815,1.0,0.5493,0.8857,2.2429
"D=1.5, white",D15_white,BuishandU,1048,50,134,1,1.0,0.007463,0.014815,1.0,0.7177,0.9969,2.2429
"D=1.5, white",D15_white,BuishandU,1048,100,134,1,1.0,0.007463,0.014815,1.0,,,2.2429
"D=1.5, white",D15_white,BuishandU,1049,25,123,1,1.0,0.00813,0.016129,2.0,0.5438,0.9024,2.235
"D=1.5, white",D15_white,BuishandU,1049,50,123,1,1.0,0.00813,0.016129,2.0,0.3667,0.9754,2.235
"D=1.5, white",D15_white,BuishandU,1049,100,123,1,1.0,0.00813,0.016129,2.0,,,2.235
"D=0.5, white",D05_white,BuishandQ,1000,25,5,1,1.0,0.2,0.333333,4.0,0.5922,0.3904,4.6239
"D=0.5, white",D05_white,BuishandQ,1000,50,5,1,1.0,0.2,0.333333,4.0,0.5865,0.4333,4.6239
"D=0.5, white",D05_white,BuishandQ,1000,100,5,1,1.0,0.2,0.333333,4.0,0.5935,0.526,4.6239
"D=0.5, white",D05_white,BuishandQ,1001,25,1,0,0.0,0.0,0.0,9999.0,0.8829,0.0563,5.0401
"D=0.5, white",D05_white,BuishandQ,1001,50,1,0,0.0,0.0,0.0,9999.0,0.8335,0.0736,5.0401
"D=0.5, white",D05_white,BuishandQ,1001,100,1,0,0.0,0.0,0.0,9999.0,0.8378,0.1358,5.0401
"D=0.5, white",D05_white,BuishandQ,1002,25,1,0,0.0,0.0,0.0,9999.0,0.7603,0.0322,5.6527
"D=0.5, white",D05_white,BuishandQ,1002,50,1,0,0.0,0.0,0.0,9999.0,0.7327,0.0494,5.6527
"D=0.5, white",D05_white,BuishandQ,1002,100,1,0,0.0,0.0,0.0,9999.0,0.6774,0.0743,5.6527
"D=0.5, white",D05_white,BuishandQ,1003,25,3,0,0.0,0.0,0.0,9999.0,0.4158,0.0384,4.6727
"D=0.5, white",D05_white,BuishandQ,1003,50,3,0,0.0,0.0,0.0,9999.0,0.3516,0.0627,4.6727
"D=0.5, white",D05_white,BuishandQ,1003,100,3,0,0.0,0.0,0.0,9999.0,0.3299,0.1074,4.6727
"D=0.5, white",D05_white,BuishandQ,1004,25,3,1,1.0,0.333333,0.5,0.0,0.2582,0.0284,5.3285
"D=0.5, white",D05_white,BuishandQ,1004,50,3,1,1.0,0.333333,0.5,0.0,0.2616,0.0529,5.3285
"D=0.5, white",D05_white,BuishandQ,1004,100,3,1,1.0,0.333333,0.5,0.0,0.2379,0.0991,5.3285
"D=0.5, white",D05_white,BuishandQ,1005,25,3,1,1.0,0.333333,0.5,0.0,0.6365,0.6438,5.3326
"D=0.5, white",D05_white,BuishandQ,1005,50,3,1,1.0,0.333333,0.5,0.0,0.6552,0.6718,5.3326
"D=0.5, white",D05_white,BuishandQ,1005,100,3,1,1.0,0.333333,0.5,0.0,0.6699,0.7039,5.3326
"D=0.5, white",D05_white,BuishandQ,1006,25,1,0,0.0,0.0,0.0,9999.0,0.7305,0.03,8.709
"D=0.5, white",D05_white,BuishandQ,1006,50,1,0,0.0,0.0,0.0,9999.0,0.6417,0.0378,8.709
"D=0.5, white",D05_white,BuishandQ,1006,100,1,0,0.0,0.0,0.0,9999.0,0.5862,0.0597,8.709
"D=0.5, white",D05_white,BuishandQ,1007,25,1,0,0.0,0.0,0.0,9999.0,0.0355,0.0082,6.6184
"D=0.5, white",D05_white,BuishandQ,1007,50,1,0,0.0,0.0,0.0,9999.0,0.0151,0.0145,6.6184
"D=0.5, white",D05_white,BuishandQ,1007,100,1,0,0.0,0.0,0.0,9999.0,0.1701,0.0301,6.6184
"D=0.5, white",D05_white,BuishandQ,1008,25,3,1,1.0,0.333333,0.5,2.0,0.3787,0.133,5.0524
"D=0.5, white",D05_white,BuishandQ,1008,50,3,1,1.0,0.333333,0.5,2.0,0.351,0.1515,5.0524
"D=0.5, white",D05_white,BuishandQ,1008,100,3,1,1.0,0.333333,0.5,2.0,0.3283,0.1891,5.0524
"D=0.5, white",D05_white,BuishandQ,1009,25,3,1,1.0,0.333333,0.5,0.0,0.7104,0.3305,4.8211
"D=0.5, white",D05_white,BuishandQ,1009,50,3,1,1.0,0.333333,0.5,0.0,0.7815,0.5076,4.8211
"D=0.5, white",D05_white,BuishandQ,1009,100,3,1,1.0,0.333333,0.5,0.0,0.8578,0.7506,4.8211
"D=0.5, white",D05_white,BuishandQ,1010,25,3,1,1.0,0.333333,0.5,1.0,0.6486,0.6492,5.4045
"D=0.5, white",D05_white,BuishandQ,1010,50,3,1,1.0,0.333333,0.5,1.0,0.6599,0.6708,5.4045
"D=0.5, white",D05_white,BuishandQ,1010,100,3,1,1.0,0.333333,0.5,1.0,0.6692,0.7017,5.4045
"D=0.5, white",D05_white,BuishandQ,1011,25,3,1,1.0,0.333333,0.5,2.0,0.6016,0.4564,5.1605
"D=0.5, white",D05_white,BuishandQ,1011,50,3,1,1.0,0.333333,0.5,2.0,0.6173,0.5043,5.1605
"D=0.5, white",D05_white,BuishandQ,1011,100,3,1,1.0,0.333333,0.5,2.0,0.6081,0.5429,5.1605
"D=0.5, white",D05_white,BuishandQ,1012,25,1,0,0.0,0.0,0.0,9999.0,0.3328,0.0121,4.7731
"D=0.5, white",D05_white,BuishandQ,1012,50,1,0,0.0,0.0,0.0,9999.0,0.3118,0.0207,4.7731
"D=0.5, white",D05_white,BuishandQ,1012,100,1,0,0.0,0.0,0.0,9999.0,0.2235,0.0335,4.7731
"D=0.5, white",D05_white,BuishandQ,1013,25,3,0,0.0,0.0,0.0,9999.0,0.7482,0.138,5.2727
"D=0.5, white",D05_white,BuishandQ,1013,50,3,0,0.0,0.0,0.0,9999.0,0.8111,0.4025,5.2727
"D=0.5, white",D05_white,BuishandQ,1013,100,3,0,0.0,0.0,0.0,9999.0,0.8936,0.6043,5.2727
"D=0.5, white",D05_white,BuishandQ,1014,25,3,1,1.0,0.333333,0.5,0.0,0.6326,0.4854,4.9779
"D=0.5, white",D05_white,BuishandQ,1014,50,3,1,1.0,0.333333,0.5,0.0,0.6658,0.4956,4.9779
"D=0.5, white",D05_white,BuishandQ,1014,100,3,1,1.0,0.333333,0.5,0.0,0.7103,0.5621,4.9779
"D=0.5, white",D05_white,BuishandQ,1015,25,1,0,0.0,0.0,0.0,9999.0,0.6596,0.0235,4.6011
"D=0.5, white",D05_white,BuishandQ,1015,50,1,0,0.0,0.0,0.0,9999.0,0.7096,0.0458,4.6011
"D=0.5, white",D05_white,BuishandQ,1015,100,1,0,0.0,0.0,0.0,9999.0,0.7559,0.0966,4.6011
"D=0.5, white",D05_white,BuishandQ,1016,25,3,1,1.0,0.333333,0.5,2.0,0.6683,0.4179,4.5387
"D=0.5, white",D05_white,BuishandQ,1016,50,3,1,1.0,0.333333,0.5,2.0,0.6818,0.4747,4.5387
"D=0.5, white",D05_white,BuishandQ,1016,100,3,1,1.0,0.333333,0.5,2.0,0.7548,0.6217,4.5387
"D=0.5, white",D05_white,BuishandQ,1017,25,1,0,0.0,0.0,0.0,9999.0,0.0621,0.0082,4.5398
"D=0.5, white",D05_white,BuishandQ,1017,50,1,0,0.0,0.0,0.0,9999.0,0.0773,0.015,4.5398
"D=0.5, white",D05_white,BuishandQ,1017,100,1,0,0.0,0.0,0.0,9999.0,0.1172,0.0295,4.5398
"D=0.5, white",D05_white,BuishandQ,1018,25,1,0,0.0,0.0,0.0,9999.0,0.65,0.0212,6.5238
"D=0.5, white",D05_white,BuishandQ,1018,50,1,0,0.0,0.0,0.0,9999.0,0.6303,0.036,6.5238
"D=0.5, white",D05_white,BuishandQ,1018,100,1,0,0.0,0.0,0.0,9999.0,0.5898,0.0603,6.5238
"D=0.5, white",D05_white,BuishandQ,1019,25,1,1,0.0,0.0,0.0,9999.0,0.3293,0.0112,11.9475
"D=0.5, white",D05_white,BuishandQ,1019,50,1,1,0.0,0.0,0.0,9999.0,0.3514,0.0207,11.9475
"D=0.5, white",D05_white,BuishandQ,1019,100,1,1,0.0,0.0,0.0,9999.0,0.3681,0.0406,11.9475
"D=0.5, white",D05_white,BuishandQ,1020,25,1,0,0.0,0.0,0.0,9999.0,0.4139,0.0133,11.6657
"D=0.5, white",D05_white,BuishandQ,1020,50,1,0,0.0,0.0,0.0,9999.0,0.424,0.0238,11.6657
"D=0.5, white",D05_white,BuishandQ,1020,100,1,0,0.0,0.0,0.0,9999.0,0.3856,0.0417,11.6657
"D=0.5, white",D05_white,BuishandQ,1021,25,1,1,0.0,0.0,0.0,9999.0,0.2546,0.0102,10.2435
"D=0.5, white",D05_white,BuishandQ,1021,50,1,1,0.0,0.0,0.0,9999.0,0.2588,0.0187,10.2435
"D=0.5, white",D05_white,BuishandQ,1021,100,1,1,0.0,0.0,0.0,9999.0,0.2465,0.035,10.2435
"D=0.5, white",D05_white,BuishandQ,1022,25,3,1,1.0,0.333333,0.5,1.0,0.3184,0.2167,7.7937
"D=0.5, white",D05_white,BuishandQ,1022,50,3,1,1.0,0.333333,0.5,1.0,0.3235,0.2326,7.7937
"D=0.5, white",D05_white,BuishandQ,1022,100,3,1,1.0,0.333333,0.5,1.0,0.3244,0.2681,7.7937
"D=0.5, white",D05_white,BuishandQ,1023,25,3,1,1.0,0.333333,0.5,2.0,0.6439,0.6328,4.7241
"D=0.5, white",D05_white,BuishandQ,1023,50,3,1,1.0,0.333333,0.5,2.0,0.66,0.6475,4.7241
"D=0.5, white",D05_white,BuishandQ,1023,100,3,1,1.0,0.333333,0.5,2.0,0.6754,0.6758,4.7241
"D=0.5, white",D05_white,BuishandQ,1024,25,5,1,1.0,0.2,0.333333,2.0,0.6026,0.4247,4.7663
"D=0.5, white",D05_white,BuishandQ,1024,50,5,1,1.0,0.2,0.333333,2.0,0.6049,0.4913,4.7663
"D=0.5, white",D05_white,BuishandQ,1024,100,5,1,1.0,0.2,0.333333,2.0,0.6178,0.6066,4.7663
"D=0.5, white",D05_white,BuishandQ,1025,25,1,0,0.0,0.0,0.0,9999.0,0.0892,0.0086,6.1276
"D=0.5, white",D05_white,BuishandQ,1025,50,1,0,0.0,0.0,0.0,9999.0,0.2054,0.0166,6.1276
"D=0.5, white",D05_white,BuishandQ,1025,100,1,0,0.0,0.0,0.0,9999.0,0.2065,0.0318,6.1276
"D=0.5, white",D05_white,BuishandQ,1026,25,1,0,0.0,0.0,0.0,9999.0,0.1988,0.0109,4.8322
"D=0.5, white",D05_white,BuishandQ,1026,50,1,0,0.0,0.0,0.0,9999.0,0.2448,0.0193,4.8322
"D=0.5, white",D05_white,BuishandQ,1026,100,1,0,0.0,0.0,0.0,9999.0,0.2371,0.0353,4.8322
"D=0.5, white",D05_white,BuishandQ,1027,25,3,0,0.0,0.0,0.0,9999.0,0.8922,0.3894,4.979
"D=0.5, white",D05_white,BuishandQ,1027,50,3,0,0.0,0.0,0.0,9999.0,0.9083,0.5302,4.979
"D=0.5, white",D05_white,BuishandQ,1027,100,3,0,0.0,0.0,0.0,9999.0,0.9511,0.7528,4.979
"D=0.5, white",D05_white,BuishandQ,1028,25,5,1,1.0,0.2,0.333333,0.0,0.6114,0.3081,4.7092
"D=0.5, white",D05_white,BuishandQ,1028,50,5,1,1.0,0.2,0.333333,0.0,0.6043,0.363,4.7092
"D=0.5, white",D05_white,BuishandQ,1028,100,5,1,1.0,0.2,0.333333,0.0,0.5983,0.4616,4.7092
"D=0.5, white",D05_white,BuishandQ,1029,25,3,1,1.0,0.333333,0.5,2.0,0.6497,0.5127,4.9955
"D=0.5, white",D05_white,BuishandQ,1029,50,3,1,1.0,0.333333,0.5,2.0,0.6758,0.5265,4.9955
"D=0.5, white",D05_white,BuishandQ,1029,100,3,1,1.0,0.333333,0.5,2.0,0.6991,0.5563,4.9955
"D=0.5, white",D05_white,BuishandQ,1030,25,3,1,1.0,0.333333,0.5,0.0,0.6979,0.4604,4.9261
"D=0.5, white",D05_white,BuishandQ,1030,50,3,1,1.0,0.333333,0.5,0.0,0.7436,0.5529,4.9261
"D=0.5, white",D05_white,BuishandQ,1030,100,3,1,1.0,0.333333,0.5,0.0,0.8223,0.7152,4.9261
"D=0.5, white",D05_white,BuishandQ,1031,25,1,0,0.0,0.0,0.0,9999.0,0.4223,0.0126,4.6675
"D=0.5, white",D05_white,BuishandQ,1031,50,1,0,0.0,0.0,0.0,9999.0,0.5184,0.0264,4.6675
"D=0.5, white",D05_white,BuishandQ,1031,100,1,0,0.0,0.0,0.0,9999.0,0.528,0.0514,4.6675
"D=0.5, white",D05_white,BuishandQ,1032,25,1,0,0.0,0.0,0.0,9999.0,0.0996,0.0091,4.7351
"D=0.5, white",D05_white,BuishandQ,1032,50,1,0,0.0,0.0,0.0,9999.0,0.1056,0.0161,4.7351
"D=0.5, white",D05_white,BuishandQ,1032,100,1,0,0.0,0.0,0.0,9999.0,0.1391,0.031,4.7351
"D=0.5, white",D05_white,BuishandQ,1033,25,1,0,0.0,0.0,0.0,9999.0,0.8772,0.0556,4.5753
"D=0.5, white",D05_white,BuishandQ,1033,50,1,0,0.0,0.0,0.0,9999.0,0.8748,0.0962,4.5753
"D=0.5, white",D05_white,BuishandQ,1033,100,1,0,0.0,0.0,0.0,9999.0,0.8457,0.1396,4.5753
"D=0.5, white",D05_white,BuishandQ,1034,25,1,0,0.0,0.0,0.0,9999.0,0.4,0.0137,4.5756
"D=0.5, white",D05_white,BuishandQ,1034,50,1,0,0.0,0.0,0.0,9999.0,0.3311,0.0209,4.5756
"D=0.5, white",D05_white,BuishandQ,1034,100,1,0,0.0,0.0,0.0,9999.0,0.2074,0.0324,4.5756
"D=0.5, white",D05_white,BuishandQ,1035,25,3,0,0.0,0.0,0.0,9999.0,0.4946,0.0422,4.6812
"D=0.5, white",D05_white,BuishandQ,1035,50,3,0,0.0,0.0,0.0,9999.0,0.4628,0.073,4.6812
"D=0.5, white",D05_white,BuishandQ,1035,100,3,0,0.0,0.0,0.0,9999.0,0.421,0.1934,4.6812
"D=0.5, white",D05_white,BuishandQ,1036,25,3,1,1.0,0.333333,0.5,2.0,0.6414,0.4784,4.6548
"D=0.5, white",D05_white,BuishandQ,1036,50,3,1,1.0,0.333333,0.5,2.0,0.6377,0.5105,4.6548
"D=0.5, white",D05_white,BuishandQ,1036,100,3,1,1.0,0.333333,0.5,2.0,0.6181,0.5451,4.6548
"D=0.5, white",D05_white,BuishandQ,1037,25,3,1,1.0,0.333333,0.5,1.0,0.3602,0.2836,4.6743
"D=0.5, white",D05_white,BuishandQ,1037,50,3,1,1.0,0.333333,0.5,1.0,0.3678,0.3127,4.6743
"D=0.5, white",D05_white,BuishandQ,1037,100,3,1,1.0,0.333333,0.5,1.0,0.3923,0.3583,4.6743
"D=0.5, white",D05_white,BuishandQ,1038,25,1,0,0.0,0.0,0.0,9999.0,0.3031,0.0106,4.9012
"D=0.5, white",D05_white,BuishandQ,1038,50,1,0,0.0,0.0,0.0,9999.0,0.3015,0.0193,4.9012
"D=0.5, white",D05_white,BuishandQ,1038,100,1,0,0.0,0.0,0.0,9999.0,0.2264,0.0324,4.9012
"D=0.5, white",D05_white,BuishandQ,1039,25,1,0,0.0,0.0,0.0,9999.0,0.7362,0.0274,5.0308
"D=0.5, white",D05_white,BuishandQ,1039,50,1,0,0.0,0.0,0.0,9999.0,0.6922,0.0413,5.0308
"D=0.5, white",D05_white,BuishandQ,1039,100,1,0,0.0,0.0,0.0,9999.0,0.6253,0.0635,5.0308
"D=0.5, white",D05_white,BuishandQ,1040,25,1,0,0.0,0.0,0.0,9999.0,0.4747,0.0146,5.3174
"D=0.5, white",D05_white,BuishandQ,1040,50,1,0,0.0,0.0,0.0,9999.0,0.4931,0.0265,5.3174
"D=0.5, white",D05_white,BuishandQ,1040,100,1,0,0.0,0.0,0.0,9999.0,0.5182,0.0509,5.3174
"D=0.5, white",D05_white,BuishandQ,1041,25,1,1,0.0,0.0,0.0,9999.0,0.6078,0.0233,4.7581
"D=0.5, white",D05_white,BuishandQ,1041,50,1,1,0.0,0.0,0.0,9999.0,0.5964,0.037,4.7581
"D=0.5, white",D05_white,BuishandQ,1041,100,1,1,0.0,0.0,0.0,9999.0,0.4778,0.0507,4.7581
"D=0.5, white",D05_white,BuishandQ,1042,25,1,0,0.0,0.0,0.0,9999.0,0.2301,0.0103,4.9085
"D=0.5, white",D05_white,BuishandQ,1042,50,1,0,0.0,0.0,0.0,9999.0,0.3549,0.0201,4.9085
"D=0.5, white",D05_white,BuishandQ,1042,100,1,0,0.0,0.0,0.0,9999.0,0.4444,0.0435,4.9085
"D=0.5, white",D05_white,BuishandQ,1043,25,3,1,1.0,0.333333,0.5,21.0,0.4713,0.1533,4.8324
"D=0.5, white",D05_white,BuishandQ,1043,50,3,1,1.0,0.333333,0.5,21.0,0.436,0.2951,4.8324
"D=0.5, white",D05_white,BuishandQ,1043,100,3,1,1.0,0.333333,0.5,21.0,0.461,0.4588,4.8324
"D=0.5, white",D05_white,BuishandQ,1044,25,3,1,1.0,0.333333,0.5,0.0,0.3655,0.2511,5.0071
"D=0.5, white",D05_white,BuishandQ,1044,50,3,1,1.0,0.333333,0.5,0.0,0.3475,0.244,5.0071
"D=0.5, white",D05_white,BuishandQ,1044,100,3,1,1.0,0.333333,0.5,0.0,0.3335,0.2641,5.0071
"D=0.5, white",D05_white,BuishandQ,1045,25,1,0,0.0,0.0,0.0,9999.0,0.1593,0.0087,5.287
"D=0.5, white",D05_white,BuishandQ,1045,50,1,0,0.0,0.0,0.0,9999.0,0.1385,0.0157,5.287
"D=0.5, white",D05_white,BuishandQ,1045,100,1,0,0.0,0.0,0.0,9999.0,0.1393,0.0302,5.287
"D=0.5, white",D05_white,BuishandQ,1046,25,1,1,0.0,0.0,0.0,9999.0,0.3582,0.0134,5.3118
"D=0.5, white",D05_white,BuishandQ,1046,50,1,1,0.0,0.0,0.0,9999.0,0.3639,0.0232,5.3118
"D=0.5, white",D05_white,BuishandQ,1046,100,1,1,0.0,0.0,0.0,9999.0,0.3434,0.0412,5.3118
"D=0.5, white",D05_white,BuishandQ,1047,25,3,1,1.0,0.333333,0.5,7.0,0.3267,0.0282,5.0542
"D=0.5, white",D05_white,BuishandQ,1047,50,3,1,1.0,0.333333,0.5,7.0,0.2415,0.0323,5.0542
"D=0.5, white",D05_white,BuishandQ,1047,100,3,1,1.0,0.333333,0.5,7.0,0.158,0.0429,5.0542
"D=0.5, white",D05_white,BuishandQ,1048,25,7,1,1.0,0.142857,0.25,0.0,0.5656,0.2883,4.8772
"D=0.5, white",D05_white,BuishandQ,1048,50,7,1,1.0,0.142857,0.25,0.0,0.6002,0.3764,4.8772
"D=0.5, white",D05_white,BuishandQ,1048,100,7,1,1.0,0.142857,0.25,0.0,0.6711,0.5183,4.8772
"D=0.5, white",D05_white,BuishandQ,1049,25,3,1,0.0,0.0,0.0,9999.0,0.2792,0.0234,4.9728
"D=0.5, white",D05_white,BuishandQ,1049,50,3,1,0.0,0.0,0.0,9999.0,0.2771,0.0392,4.9728
"D=0.5, white",D05_white,BuishandQ,1049,100,3,1,0.0,0.0,0.0,9999.0,0.2438,0.0686,4.9728
"D=1, white",D10_white,BuishandQ,1000,25,39,1,1.0,0.025641,0.05,0.0,0.4805,0.5144,5.1724
"D=1, white",D10_white,BuishandQ,1000,50,39,1,1.0,0.025641,0.05,0.0,0.6005,0.8602,5.1724
"D=1, white",D10_white,BuishandQ,1000,100,39,1,1.0,0.025641,0.05,0.0,0.7405,0.9945,5.1724
"D=1, white",D10_white,BuishandQ,1001,25,35,1,1.0,0.028571,0.055556,0.0,0.3762,0.3802,4.9758
"D=1, white",D10_white,BuishandQ,1001,50,35,1,1.0,0.028571,0.055556,0.0,0.3737,0.6599,4.9758
"D=1, white",D10_white,BuishandQ,1001,100,35,1,1.0,0.028571,0.055556,0.0,0.4063,0.9317,4.9758
"D=1, white",D10_white,BuishandQ,1002,25,43,1,1.0,0.023256,0.045455,1.0,0.3726,0.4043,5.0086
"D=1, white",D10_white,BuishandQ,1002,50,43,1,1.0,0.023256,0.045455,1.0,0.3309,0.629,5.0086
"D=1, white",D10_white,BuishandQ,1002,100,43,1,1.0,0.023256,0.045455,1.0,0.3509,0.9345,5.0086
"D=1, white",D10_white,BuishandQ,1003,25,43,1,1.0,0.023256,0.045455,12.0,0.6844,0.6564,4.7769
"D=1, white",D10_white,BuishandQ,1003,50,43,1,1.0,0.023256,0.045455,12.0,0.7747,0.8904,4.7769
"D=1, white",D10_white,BuishandQ,1003,100,43,1,1.0,0.023256,0.045455,12.0,0.8394,0.9761,4.7769
"D=1, white",D10_white,BuishandQ,1004,25,45,1,1.0,0.022222,0.043478,0.0,0.4492,0.5094,4.6794
"D=1, white",D10_white,BuishandQ,1004,50,45,1,1.0,0.022222,0.043478,0.0,0.4516,0.7246,4.6794
"D=1, white",D10_white,BuishandQ,1004,100,45,1,1.0,0.022222,0.043478,0.0,0.4861,0.9021,4.6794
"D=1, white",D10_white,BuishandQ,1005,25,37,1,1.0,0.027027,0.052632,2.0,0.4961,0.4956,4.9165
"D=1, white",D10_white,BuishandQ,1005,50,37,1,1.0,0.027027,0.052632,2.0,0.5229,0.7858,4.9165
"D=1, white",D10_white,BuishandQ,1005,100,37,1,1.0,0.027027,0.052632,2.0,0.5529,0.9435,4.9165
"D=1, white",D10_white,BuishandQ,1006,25,39,1,1.0,0.025641,0.05,1.0,0.5187,0.4731,4.5746
"D=1, white",D10_white,BuishandQ,1006,50,39,1,1.0,0.025641,0.05,1.0,0.4939,0.6669,4.5746
"D=1, white",D10_white,BuishandQ,1006,100,39,1,1.0,0.025641,0.05,1.0,0.165,0.867,4.5746
"D=1, white",D10_white,BuishandQ,1007,25,21,1,1.0,0.047619,0.090909,2.0,0.3864,0.2802,5.0991
"D=1, white",D10_white,BuishandQ,1007,50,21,1,1.0,0.047619,0.090909,2.0,0.3887,0.4308,5.0991
"D=1, white",D10_white,BuishandQ,1007,100,21,1,1.0,0.047619,0.090909,2.0,0.3805,0.6276,5.0991
"D=1, white",D10_white,BuishandQ,1008,25,57,1,1.0,0.017544,0.034483,6.0,0.4155,0.5989,4.9287
"D=1, white",D10_white,BuishandQ,1008,50,57,1,1.0,0.017544,0.034483,6.0,0.2881,0.8044,4.9287
"D=1, white",D10_white,BuishandQ,1008,100,57,1,1.0,0.017544,0.034483,6.0,0.2014,0.9673,4.9287
"D=1, white",D10_white,BuishandQ,1009,25,45,1,1.0,0.022222,0.043478,2.0,0.3967,0.4634,7.0035
"D=1, white",D10_white,BuishandQ,1009,50,45,1,1.0,0.022222,0.043478,2.0,0.4318,0.7098,7.0035
"D=1, white",D10_white,BuishandQ,1009,100,45,1,1.0,0.022222,0.043478,2.0,0.6301,0.9839,7.0035
"D=1, white",D10_white,BuishandQ,1010,25,37,1,1.0,0.027027,0.052632,1.0,0.6248,0.598,7.6703
"D=1, white",D10_white,BuishandQ,1010,50,37,1,1.0,0.027027,0.052632,1.0,0.6783,0.8049,7.6703
"D=1, white",D10_white,BuishandQ,1010,100,37,1,1.0,0.027027,0.052632,1.0,0.6473,0.9001,7.6703
"D=1, white",D10_white,BuishandQ,1011,25,43,1,1.0,0.023256,0.045455,1.0,0.3563,0.4343,7.7333
"D=1, white",D10_white,BuishandQ,1011,50,43,1,1.0,0.023256,0.045455,1.0,0.2795,0.6076,7.7333
"D=1, white",D10_white,BuishandQ,1011,100,43,1,1.0,0.023256,0.045455,1.0,0.1443,0.7979,7.7333
"D=1, white",D10_white,BuishandQ,1012,25,41,1,1.0,0.02439,0.047619,1.0,0.5763,0.5304,7.0619
"D=1, white",D10_white,BuishandQ,1012,50,41,1,1.0,0.02439,0.047619,1.0,0.695,0.7979,7.0619
"D=1, white",D10_white,BuishandQ,1012,100,41,1,1.0,0.02439,0.047619,1.0,0.87,0.9746,7.0619
"D=1, white",D10_white,BuishandQ,1013,25,49,1,1.0,0.020408,0.04,0.0,0.5229,0.5334,7.295
"D=1, white",D10_white,BuishandQ,1013,50,49,1,1.0,0.020408,0.04,0.0,0.6303,0.7735,7.295
"D=1, white",D10_white,BuishandQ,1013,100,49,1,1.0,0.020408,0.04,0.0,0.8455,0.9744,7.295
"D=1, white",D10_white,BuishandQ,1014,25,35,1,1.0,0.028571,0.055556,1.0,0.5145,0.4722,7.2693
"D=1, white",D10_white,BuishandQ,1014,50,35,1,1.0,0.028571,0.055556,1.0,0.5149,0.6916,7.2693
"D=1, white",D10_white,BuishandQ,1014,100,35,1,1.0,0.028571,0.055556,1.0,0.6816,0.9553,7.2693
"D=1, white",D10_white,BuishandQ,1015,25,47,1,1.0,0.021277,0.041667,5.0,0.5043,0.5205,5.589
"D=1, white",D10_white,BuishandQ,1015,50,47,1,1.0,0.021277,0.041667,5.0,0.516,0.811,5.589
"D=1, white",D10_white,BuishandQ,1015,100,47,1,1.0,0.021277,0.041667,5.0,0.3362,0.9984,5.589
"D=1, white",D10_white,BuishandQ,1016,25,33,1,1.0,0.030303,0.058824,1.0,0.5646,0.5799,4.9748
"D=1, white",D10_white,BuishandQ,1016,50,33,1,1.0,0.030303,0.058824,1.0,0.5173,0.7111,4.9748
"D=1, white",D10_white,BuishandQ,1016,100,33,1,1.0,0.030303,0.058824,1.0,0.4663,0.8106,4.9748
"D=1, white",D10_white,BuishandQ,1017,25,43,1,1.0,0.023256,0.045455,1.0,0.5508,0.5758,5.1513
"D=1, white",D10_white,BuishandQ,1017,50,43,1,1.0,0.023256,0.045455,1.0,0.519,0.7585,5.1513
"D=1, white",D10_white,BuishandQ,1017,100,43,1,1.0,0.023256,0.045455,1.0,0.3979,0.8783,5.1513
"D=1, white",D10_white,BuishandQ,1018,25,49,1,1.0,0.020408,0.04,0.0,0.4566,0.5397,4.7251
"D=1, white",D10_white,BuishandQ,1018,50,49,1,1.0,0.020408,0.04,0.0,0.4184,0.7794,4.7251
"D=1, white",D10_white,BuishandQ,1018,100,49,1,1.0,0.020408,0.04,0.0,0.1276,0.9319,4.7251
"D=1, white",D10_white,BuishandQ,1019,25,47,1,1.0,0.021277,0.041667,0.0,0.4923,0.58,4.8061
"D=1, white",D10_white,BuishandQ,1019,50,47,1,1.0,0.021277,0.041667,0.0,0.4747,0.7691,4.8061
"D=1, white",D10_white,BuishandQ,1019,100,47,1,1.0,0.021277,0.041667,0.0,0.4786,0.9599,4.8061
"D=1, white",D10_white,BuishandQ,1020,25,41,1,1.0,0.02439,0.047619,0.0,0.3904,0.4439,5.1943
"D=1, white",D10_white,BuishandQ,1020,50,41,1,1.0,0.02439,0.047619,0.0,0.4195,0.6906,5.1943
"D=1, white",D10_white,BuishandQ,1020,100,41,1,1.0,0.02439,0.047619,0.0,0.308,0.9413,5.1943
"D=1, white",D10_white,BuishandQ,1021,25,37,1,1.0,0.027027,0.052632,0.0,0.6615,0.6258,5.6291
"D=1, white",D10_white,BuishandQ,1021,50,37,1,1.0,0.027027,0.052632,0.0,0.6932,0.8719,5.6291
"D=1, white",D10_white,BuishandQ,1021,100,37,1,1.0,0.027027,0.052632,0.0,0.7874,0.9814,5.6291
"D=1, white",D10_white,BuishandQ,1022,25,40,1,1.0,0.025,0.04878,0.0,0.4658,0.4911,7.1393
"D=1, white",D10_white,BuishandQ,1022,50,40,1,1.0,0.025,0.04878,0.0,0.4451,0.7701,7.1393
"D=1, white",D10_white,BuishandQ,1022,100,40,1,1.0,0.025,0.04878,0.0,0.364,0.9244,7.1393
"D=1, white",D10_white,BuishandQ,1023,25,37,1,1.0,0.027027,0.052632,2.0,0.5163,0.4446,6.5242
"D=1, white",D10_white,BuishandQ,1023,50,37,1,1.0,0.027027,0.052632,2.0,0.5206,0.7064,6.5242
"D=1, white",D10_white,BuishandQ,1023,100,37,1,1.0,0.027027,0.052632,2.0,0.5132,0.9477,6.5242
"D=1, white",D10_white,BuishandQ,1024,25,45,1,1.0,0.022222,0.043478,2.0,0.4921,0.5441,4.8261
"D=1, white",D10_white,BuishandQ,1024,50,45,1,1.0,0.022222,0.043478,2.0,0.4786,0.7747,4.8261
"D=1, white",D10_white,BuishandQ,1024,100,45,1,1.0,0.022222,0.043478,2.0,0.9889,0.9998,4.8261
"D=1, white",D10_white,BuishandQ,1025,25,29,1,1.0,0.034483,0.066667,1.0,0.4769,0.4311,4.2142
"D=1, white",D10_white,BuishandQ,1025,50,29,1,1.0,0.034483,0.066667,1.0,0.4562,0.6554,4.2142
"D=1, white",D10_white,BuishandQ,1025,100,29,1,1.0,0.034483,0.066667,1.0,0.4387,0.8563,4.2142
"D=1, white",D10_white,BuishandQ,1026,25,41,1,1.0,0.02439,0.047619,2.0,0.4401,0.49,4.2083
"D=1, white",D10_white,BuishandQ,1026,50,41,1,1.0,0.02439,0.047619,2.0,0.4262,0.7077,4.2083
"D=1, white",D10_white,BuishandQ,1026,100,41,1,1.0,0.02439,0.047619,2.0,0.4704,0.9153,4.2083
"D=1, white",D10_white,BuishandQ,1027,25,27,1,1.0,0.037037,0.071429,1.0,0.4241,0.3527,4.3503
"D=1, white",D10_white,BuishandQ,1027,50,27,1,1.0,0.037037,0.071429,1.0,0.4398,0.5453,4.3503
"D=1, white",D10_white,BuishandQ,1027,100,27,1,1.0,0.037037,0.071429,1.0,0.5447,0.8329,4.3503
"D=1, white",D10_white,BuishandQ,1028,25,45,1,1.0,0.022222,0.043478,3.0,0.4622,0.4662,5.0921
"D=1, white",D10_white,BuishandQ,1028,50,45,1,1.0,0.022222,0.043478,3.0,0.4731,0.702,5.0921
"D=1, white",D10_white,BuishandQ,1028,100,45,1,1.0,0.022222,0.043478,3.0,0.4406,0.8979,5.0921
"D=1, white",D10_white,BuishandQ,1029,25,29,1,1.0,0.034483,0.066667,3.0,0.4958,0.5276,4.389
"D=1, white",D10_white,BuishandQ,1029,50,29,1,1.0,0.034483,0.066667,3.0,0.4004,0.6571,4.389
"D=1, white",D10_white,BuishandQ,1029,100,29,1,1.0,0.034483,0.066667,3.0,0.3488,0.8468,4.389
"D=1, white",D10_white,BuishandQ,1030,25,47,1,1.0,0.021277,0.041667,3.0,0.4681,0.5974,4.2443
"D=1, white",D10_white,BuishandQ,1030,50,47,1,1.0,0.021277,0.041667,3.0,0.4387,0.7871,4.2443
"D=1, white",D10_white,BuishandQ,1030,100,47,1,1.0,0.021277,0.041667,3.0,0.5135,0.9769,4.2443
"D=1, white",D10_white,BuishandQ,1031,25,45,1,1.0,0.022222,0.043478,0.0,0.585,0.7067,4.1457
"D=1, white",D10_white,BuishandQ,1031,50,45,1,1.0,0.022222,0.043478,0.0,0.5738,0.8635,4.1457
"D=1, white",D10_white,BuishandQ,1031,100,45,1,1.0,0.022222,0.043478,0.0,0.6595,0.9854,4.1457
"D=1, white",D10_white,BuishandQ,1032,25,39,1,1.0,0.025641,0.05,2.0,0.6319,0.6087,4.4152
"D=1, white",D10_white,BuishandQ,1032,50,39,1,1.0,0.025641,0.05,2.0,0.6923,0.8494,4.4152
"D=1, white",D10_white,BuishandQ,1032,100,39,1,1.0,0.025641,0.05,2.0,0.6311,0.9432,4.4152
"D=1, white",D10_white,BuishandQ,1033,25,39,1,1.0,0.025641,0.05,4.0,0.541,0.5151,4.3698
"D=1, white",D10_white,BuishandQ,1033,50,39,1,1.0,0.025641,0.05,4.0,0.5526,0.8049,4.3698
"D=1, white",D10_white,BuishandQ,1033,100,39,1,1.0,0.025641,0.05,4.0,0.7015,0.9915,4.3698
"D=1, white",D10_white,BuishandQ,1034,25,47,1,1.0,0.021277,0.041667,1.0,0.574,0.6349,4.294
"D=1, white",D10_white,BuishandQ,1034,50,47,1,1.0,0.021277,0.041667,1.0,0.6051,0.8137,4.294
"D=1, white",D10_white,BuishandQ,1034,100,47,1,1.0,0.021277,0.041667,1.0,0.7307,0.9341,4.294
"D=1, white",D10_white,BuishandQ,1035,25,39,1,1.0,0.025641,0.05,2.0,0.4218,0.4383,4.2041
"D=1, white",D10_white,BuishandQ,1035,50,39,1,1.0,0.025641,0.05,2.0,0.385,0.6913,4.2041
"D=1, white",D10_white,BuishandQ,1035,100,39,1,1.0,0.025641,0.05,2.0,0.3899,0.915,4.2041
"D=1, white",D10_white,BuishandQ,1036,25,33,1,1.0,0.030303,0.058824,1.0,0.5889,0.5453,4.4769
"D=1, white",D10_white,BuishandQ,1036,50,33,1,1.0,0.030303,0.058824,1.0,0.6033,0.7018,4.4769
"D=1, white",D10_white,BuishandQ,1036,100,33,1,1.0,0.030303,0.058824,1.0,0.588,0.8623,4.4769
"D=1, white",D10_white,BuishandQ,1037,25,43,1,1.0,0.023256,0.045455,1.0,0.5639,0.6192,4.0231
"D=1, white",D10_white,BuishandQ,1037,50,43,1,1.0,0.023256,0.045455,1.0,0.5177,0.8105,4.0231
"D=1, white",D10_white,BuishandQ,1037,100,43,1,1.0,0.023256,0.045455,1.0,0.2581,0.9317,4.0231
"D=1, white",D10_white,BuishandQ,1038,25,49,1,1.0,0.020408,0.04,2.0,0.5835,0.6638,4.2293
"D=1, white",D10_white,BuishandQ,1038,50,49,1,1.0,0.020408,0.04,2.0,0.6222,0.9071,4.2293
"D=1, white",D10_white,BuishandQ,1038,100,49,1,1.0,0.020408,0.04,2.0,0.645,0.9939,4.2293
"D=1, white",D10_white,BuishandQ,1039,25,41,1,1.0,0.02439,0.047619,1.0,0.5765,0.5077,4.6356
"D=1, white",D10_white,BuishandQ,1039,50,41,1,1.0,0.02439,0.047619,1.0,0.6399,0.7554,4.6356
"D=1, white",D10_white,BuishandQ,1039,100,41,1,1.0,0.02439,0.047619,1.0,0.7192,0.9374,4.6356
"D=1, white",D10_white,BuishandQ,1040,25,39,1,1.0,0.025641,0.05,3.0,0.5342,0.4727,4.238
"D=1, white",D10_white,BuishandQ,1040,50,39,1,1.0,0.025641,0.05,3.0,0.5377,0.6742,4.238
"D=1, white",D10_white,BuishandQ,1040,100,39,1,1.0,0.025641,0.05,3.0,0.4864,0.8824,4.238
"D=1, white",D10_white,BuishandQ,1041,25,47,1,1.0,0.021277,0.041667,1.0,0.4646,0.5018,4.841
"D=1, white",D10_white,BuishandQ,1041,50,47,1,1.0,0.021277,0.041667,1.0,0.4738,0.7735,4.841
"D=1, white",D10_white,BuishandQ,1041,100,47,1,1.0,0.021277,0.041667,1.0,0.147,0.9272,4.841
"D=1, white",D10_white,BuishandQ,1042,25,43,1,1.0,0.023256,0.045455,1.0,0.5515,0.5667,4.0324
"D=1, white",D10_white,BuishandQ,1042,50,43,1,1.0,0.023256,0.045455,1.0,0.5668,0.7557,4.0324
"D=1, white",D10_white,BuishandQ,1042,100,43,1,1.0,0.023256,0.045455,1.0,0.5515,0.9169,4.0324
"D=1, white",D10_white,BuishandQ,1043,25,39,1,1.0,0.025641,0.05,0.0,0.5669,0.5917,4.4682
"D=1, white",D10_white,BuishandQ,1043,50,39,1,1.0,0.025641,0.05,0.0,0.5916,0.7635,4.4682
"D=1, white",D10_white,BuishandQ,1043,100,39,1,1.0,0.025641,0.05,0.0,0.6555,0.939,4.4682
"D=1, white",D10_white,BuishandQ,1044,25,36,1,1.0,0.027778,0.054054,6.0,0.3488,0.3942,4.1221
"D=1, white",D10_white,BuishandQ,1044,50,36,1,1.0,0.027778,0.054054,6.0,0.3226,0.6419,4.1221
"D=1, white",D10_white,BuishandQ,1044,100,36,1,1.0,0.027778,0.054054,6.0,0.4108,0.9399,4.1221
"D=1, white",D10_white,BuishandQ,1045,25,51,1,1.0,0.019608,0.038462,1.0,0.3606,0.4946,4.1673
"D=1, white",D10_white,BuishandQ,1045,50,51,1,1.0,0.019608,0.038462,1.0,0.2593,0.6811,4.1673
"D=1, white",D10_white,BuishandQ,1045,100,51,1,1.0,0.019608,0.038462,1.0,0.0509,0.796,4.1673
"D=1, white",D10_white,BuishandQ,1046,25,55,1,1.0,0.018182,0.035714,2.0,0.3888,0.5228,4.2374
"D=1, white",D10_white,BuishandQ,1046,50,55,1,1.0,0.018182,0.035714,2.0,0.3266,0.7441,4.2374
"D=1, white",D10_white,BuishandQ,1046,100,55,1,1.0,0.018182,0.035714,2.0,0.1487,0.8829,4.2374
"D=1, white",D10_white,BuishandQ,1047,25,43,1,1.0,0.023256,0.045455,0.0,0.5801,0.5688,4.328
"D=1, white",D10_white,BuishandQ,1047,50,43,1,1.0,0.023256,0.045455,0.0,0.5625,0.7514,4.328
"D=1, white",D10_white,BuishandQ,1047,100,43,1,1.0,0.023256,0.045455,0.0,0.762,0.9685,4.328
"D=1, white",D10_white,BuishandQ,1048,25,51,1,1.0,0.019608,0.038462,2.0,0.5333,0.6448,4.7166
"D=1, white",D10_white,BuishandQ,1048,50,51,1,1.0,0.019608,0.038462,2.0,0.5145,0.7465,4.7166
"D=1, white",D10_white,BuishandQ,1048,100,51,1,1.0,0.019608,0.038462,2.0,0.4547,0.8485,4.7166
"D=1, white",D10_white,BuishandQ,1049,25,33,1,1.0,0.030303,0.058824,2.0,0.4349,0.3983,4.3464
"D=1, white",D10_white,BuishandQ,1049,50,33,1,1.0,0.030303,0.058824,2.0,0.3939,0.5952,4.3464
"D=1, white",D10_white,BuishandQ,1049,100,33,1,1.0,0.030303,0.058824,2.0,0.3314,0.8135,4.3464
"D=1, pink",D10_pink,BuishandQ,1000,25,192,1,1.0,0.005208,0.010363,0.0,0.4672,0.766,4.191
"D=1, pink",D10_pink,BuishandQ,1000,50,192,1,1.0,0.005208,0.010363,0.0,0.6034,0.9666,4.191
"D=1, pink",D10_pink,BuishandQ,1000,100,192,1,1.0,0.005208,0.010363,0.0,,,4.191
"D=1, pink",D10_pink,BuishandQ,1001,25,199,1,1.0,0.005025,0.01,0.0,0.5044,0.7261,4.1377
"D=1, pink",D10_pink,BuishandQ,1001,50,199,1,1.0,0.005025,0.01,0.0,0.475,0.874,4.1377
"D=1, pink",D10_pink,BuishandQ,1001,100,199,1,1.0,0.005025,0.01,0.0,,,4.1377
"D=1, pink",D10_pink,BuishandQ,1002,25,205,1,1.0,0.004878,0.009709,0.0,0.4021,0.8339,4.1589
"D=1, pink",D10_pink,BuishandQ,1002,50,205,1,1.0,0.004878,0.009709,0.0,0.3078,0.9361,4.1589
"D=1, pink",D10_pink,BuishandQ,1002,100,205,1,1.0,0.004878,0.009709,0.0,,,4.1589
"D=1, pink",D10_pink,BuishandQ,1003,25,186,1,1.0,0.005376,0.010695,0.0,0.5376,0.8691,3.8761
"D=1, pink",D10_pink,BuishandQ,1003,50,186,1,1.0,0.005376,0.010695,0.0,0.8158,0.9989,3.8761
"D=1, pink",D10_pink,BuishandQ,1003,100,186,1,1.0,0.005376,0.010695,0.0,,,3.8761
"D=1, pink",D10_pink,BuishandQ,1004,25,198,1,1.0,0.005051,0.01005,0.0,0.5284,0.8249,4.5444
"D=1, pink",D10_pink,BuishandQ,1004,50,198,1,1.0,0.005051,0.01005,0.0,0.5559,0.9549,4.5444
"D=1, pink",D10_pink,BuishandQ,1004,100,198,1,1.0,0.005051,0.01005,0.0,,,4.5444
"D=1, pink",D10_pink,BuishandQ,1005,25,179,1,1.0,0.005587,0.011111,1.0,0.5091,0.8872,4.7586
"D=1, pink",D10_pink,BuishandQ,1005,50,179,1,1.0,0.005587,0.011111,1.0,0.5305,0.9836,4.7586
"D=1, pink",D10_pink,BuishandQ,1005,100,179,1,1.0,0.005587,0.011111,1.0,,,4.7586
"D=1, pink",D10_pink,BuishandQ,1006,25,193,1,1.0,0.005181,0.010309,2.0,0.4594,0.8107,4.9037
"D=1, pink",D10_pink,BuishandQ,1006,50,193,1,1.0,0.005181,0.010309,2.0,0.3803,0.9554,4.9037
"D=1, pink",D10_pink,BuishandQ,1006,100,193,1,1.0,0.005181,0.010309,2.0,,,4.9037
"D=1, pink",D10_pink,BuishandQ,1007,25,167,1,1.0,0.005988,0.011905,0.0,0.5125,0.8964,4.5527
"D=1, pink",D10_pink,BuishandQ,1007,50,167,1,1.0,0.005988,0.011905,0.0,0.4393,0.9661,4.5527
"D=1, pink",D10_pink,BuishandQ,1007,100,167,1,1.0,0.005988,0.011905,0.0,,,4.5527
"D=1, pink",D10_pink,BuishandQ,1008,25,211,1,1.0,0.004739,0.009434,2.0,0.4402,0.7496,4.7006
"D=1, pink",D10_pink,BuishandQ,1008,50,211,1,1.0,0.004739,0.009434,2.0,0.4396,0.8833,4.7006
"D=1, pink",D10_pink,BuishandQ,1008,100,211,1,1.0,0.004739,0.009434,2.0,0.4877,0.9805,4.7006
"D=1, pink",D10_pink,BuishandQ,1009,25,178,1,1.0,0.005618,0.011173,1.0,0.4942,0.872,4.5931
"D=1, pink",D10_pink,BuishandQ,1009,50,178,1,1.0,0.005618,0.011173,1.0,0.5124,0.9595,4.5931
"D=1, pink",D10_pink,BuishandQ,1009,100,178,1,1.0,0.005618,0.011173,1.0,,,4.5931
"D=1, pink",D10_pink,BuishandQ,1010,25,182,1,1.0,0.005495,0.010929,1.0,0.5692,0.7954,4.4627
"D=1, pink",D10_pink,BuishandQ,1010,50,182,1,1.0,0.005495,0.010929,1.0,0.7762,0.9672,4.4627
"D=1, pink",D10_pink,BuishandQ,1010,100,182,1,1.0,0.005495,0.010929,1.0,,,4.4627
"D=1, pink",D10_pink,BuishandQ,1011,25,176,1,1.0,0.005682,0.011299,0.0,0.3986,0.7805,4.9252
"D=1, pink",D10_pink,BuishandQ,1011,50,176,1,1.0,0.005682,0.011299,0.0,0.2286,0.9372,4.9252
"D=1, pink",D10_pink,BuishandQ,1011,100,176,1,1.0,0.005682,0.011299,0.0,,,4.9252
"D=1, pink",D10_pink,BuishandQ,1012,25,207,1,1.0,0.004831,0.009615,0.0,0.5736,0.8471,4.5958
"D=1, pink",D10_pink,BuishandQ,1012,50,207,1,1.0,0.004831,0.009615,0.0,0.6961,0.9822,4.5958
"D=1, pink",D10_pink,BuishandQ,1012,100,207,1,1.0,0.004831,0.009615,0.0,,,4.5958
"D=1, pink",D10_pink,BuishandQ,1013,25,172,1,1.0,0.005814,0.011561,13.0,0.4184,0.8141,4.6219
"D=1, pink",D10_pink,BuishandQ,1013,50,172,1,1.0,0.005814,0.011561,13.0,0.3638,0.9604,4.6219
"D=1, pink",D10_pink,BuishandQ,1013,100,172,1,1.0,0.005814,0.011561,13.0,,,4.6219
"D=1, pink",D10_pink,BuishandQ,1014,25,184,1,1.0,0.005435,0.010811,0.0,0.483,0.6962,4.5399
"D=1, pink",D10_pink,BuishandQ,1014,50,184,1,1.0,0.005435,0.010811,0.0,0.5597,0.9336,4.5399
"D=1, pink",D10_pink,BuishandQ,1014,100,184,1,1.0,0.005435,0.010811,0.0,,,4.5399
"D=1, pink",D10_pink,BuishandQ,1015,25,169,1,1.0,0.005917,0.011765,0.0,0.4865,0.8308,4.6851
"D=1, pink",D10_pink,BuishandQ,1015,50,169,1,1.0,0.005917,0.011765,0.0,0.4429,0.948,4.6851
"D=1, pink",D10_pink,BuishandQ,1015,100,169,1,1.0,0.005917,0.011765,0.0,,,4.6851
"D=1, pink",D10_pink,BuishandQ,1016,25,181,1,1.0,0.005525,0.010989,1.0,0.3833,0.8122,4.5873
"D=1, pink",D10_pink,BuishandQ,1016,50,181,1,1.0,0.005525,0.010989,1.0,0.3351,0.9508,4.5873
"D=1, pink",D10_pink,BuishandQ,1016,100,181,1,1.0,0.005525,0.010989,1.0,,,4.5873
"D=1, pink",D10_pink,BuishandQ,1017,25,175,1,1.0,0.005714,0.011364,1.0,0.3572,0.8645,4.9336
"D=1, pink",D10_pink,BuishandQ,1017,50,175,1,1.0,0.005714,0.011364,1.0,,,4.9336
"D=1, pink",D10_pink,BuishandQ,1017,100,175,1,1.0,0.005714,0.011364,1.0,,,4.9336
"D=1, pink",D10_pink,BuishandQ,1018,25,197,1,1.0,0.005076,0.010101,2.0,0.437,0.8331,5.5852
"D=1, pink",D10_pink,BuishandQ,1018,50,197,1,1.0,0.005076,0.010101,2.0,0.1172,0.8861,5.5852
"D=1, pink",D10_pink,BuishandQ,1018,100,197,1,1.0,0.005076,0.010101,2.0,0.091,0.9264,5.5852
"D=1, pink",D10_pink,BuishandQ,1019,25,188,1,1.0,0.005319,0.010582,1.0,0.5583,0.8941,4.7937
"D=1, pink",D10_pink,BuishandQ,1019,50,188,1,1.0,0.005319,0.010582,1.0,0.7303,0.9852,4.7937
"D=1, pink",D10_pink,BuishandQ,1019,100,188,1,1.0,0.005319,0.010582,1.0,0.862,0.9997,4.7937
"D=1, pink",D10_pink,BuishandQ,1020,25,177,1,1.0,0.00565,0.011236,0.0,0.4604,0.8128,4.5529
"D=1, pink",D10_pink,BuishandQ,1020,50,177,1,1.0,0.00565,0.011236,0.0,0.4109,0.958,4.5529
"D=1, pink",D10_pink,BuishandQ,1020,100,177,1,1.0,0.00565,0.011236,0.0,,,4.5529
"D=1, pink",D10_pink,BuishandQ,1021,25,208,1,1.0,0.004808,0.009569,1.0,0.4513,0.779,4.4822
"D=1, pink",D10_pink,BuishandQ,1021,50,208,1,1.0,0.004808,0.009569,1.0,0.4631,0.9292,4.4822
"D=1, pink",D10_pink,BuishandQ,1021,100,208,1,1.0,0.004808,0.009569,1.0,,,4.4822
"D=1, pink",D10_pink,BuishandQ,1022,25,179,1,1.0,0.005587,0.011111,1.0,0.4338,0.7752,4.6072
"D=1, pink",D10_pink,BuishandQ,1022,50,179,1,1.0,0.005587,0.011111,1.0,0.5043,0.9683,4.6072
"D=1, pink",D10_pink,BuishandQ,1022,100,179,1,1.0,0.005587,0.011111,1.0,,,4.6072
"D=1, pink",D10_pink,BuishandQ,1023,25,185,1,1.0,0.005405,0.010753,0.0,0.4626,0.7978,4.7149
"D=1, pink",D10_pink,BuishandQ,1023,50,185,1,1.0,0.005405,0.010753,0.0,0.3598,0.9222,4.7149
"D=1, pink",D10_pink,BuishandQ,1023,100,185,1,1.0,0.005405,0.010753,0.0,,,4.7149
"D=1, pink",D10_pink,BuishandQ,1024,25,192,1,1.0,0.005208,0.010363,0.0,0.5868,0.8537,4.8347
"D=1, pink",D10_pink,BuishandQ,1024,50,192,1,1.0,0.005208,0.010363,0.0,0.8166,0.9835,4.8347
"D=1, pink",D10_pink,BuishandQ,1024,100,192,1,1.0,0.005208,0.010363,0.0,0.8285,0.9975,4.8347
"D=1, pink",D10_pink,BuishandQ,1025,25,186,1,1.0,0.005376,0.010695,0.0,0.5347,0.864,4.5107
"D=1, pink",D10_pink,BuishandQ,1025,50,186,1,1.0,0.005376,0.010695,0.0,0.7208,0.9801,4.5107
"D=1, pink",D10_pink,BuishandQ,1025,100,186,1,1.0,0.005376,0.010695,0.0,,,4.5107
"D=1, pink",D10_pink,BuishandQ,1026,25,199,1,1.0,0.005025,0.01,0.0,0.4588,0.7882,4.5825
"D=1, pink",D10_pink,BuishandQ,1026,50,199,1,1.0,0.005025,0.01,0.0,0.3998,0.9049,4.5825
"D=1, pink",D10_pink,BuishandQ,1026,100,199,1,1.0,0.005025,0.01,0.0,0.2883,0.9895,4.5825
"D=1, pink",D10_pink,BuishandQ,1027,25,207,1,1.0,0.004831,0.009615,1.0,0.5172,0.8927,5.9803
"D=1, pink",D10_pink,BuishandQ,1027,50,207,1,1.0,0.004831,0.009615,1.0,0.6814,0.9898,5.9803
"D=1, pink",D10_pink,BuishandQ,1027,100,207,1,1.0,0.004831,0.009615,1.0,,,5.9803
"D=1, pink",D10_pink,BuishandQ,1028,25,225,1,1.0,0.004444,0.00885,0.0,0.5286,0.8018,6.5198
"D=1, pink",D10_pink,BuishandQ,1028,50,225,1,1.0,0.004444,0.00885,0.0,0.4939,0.8684,6.5198
"D=1, pink",D10_pink,BuishandQ,1028,100,225,1,1.0,0.004444,0.00885,0.0,0.3123,0.949,6.5198
"D=1, pink",D10_pink,BuishandQ,1029,25,187,1,1.0,0.005348,0.010638,0.0,0.4564,0.8732,7.1717
"D=1, pink",D10_pink,BuishandQ,1029,50,187,1,1.0,0.005348,0.010638,0.0,0.2601,0.9893,7.1717
"D=1, pink",D10_pink,BuishandQ,1029,100,187,1,1.0,0.005348,0.010638,0.0,,,7.1717
"D=1, pink",D10_pink,BuishandQ,1030,25,194,1,1.0,0.005155,0.010256,1.0,0.6031,0.8942,7.4266
"D=1, pink",D10_pink,BuishandQ,1030,50,194,1,1.0,0.005155,0.010256,1.0,0.9651,0.9999,7.4266
"D=1, pink",D10_pink,BuishandQ,1030,100,194,1,1.0,0.005155,0.010256,1.0,,,7.4266
"D=1, pink",D10_pink,BuishandQ,1031,25,223,1,1.0,0.004484,0.008929,0.0,0.5554,0.93,7.4641
"D=1, pink",D10_pink,BuishandQ,1031,50,223,1,1.0,0.004484,0.008929,0.0,0.7315,0.9944,7.4641
"D=1, pink",D10_pink,BuishandQ,1031,100,223,1,1.0,0.004484,0.008929,0.0,,,7.4641
"D=1, pink",D10_pink,BuishandQ,1032,25,199,1,1.0,0.005025,0.01,1.0,0.5068,0.7812,7.222
"D=1, pink",D10_pink,BuishandQ,1032,50,199,1,1.0,0.005025,0.01,1.0,0.7352,0.9817,7.222
"D=1, pink",D10_pink,BuishandQ,1032,100,199,1,1.0,0.005025,0.01,1.0,0.859,0.9979,7.222
"D=1, pink",D10_pink,BuishandQ,1033,25,173,1,1.0,0.00578,0.011494,1.0,0.4137,0.8587,7.278
"D=1, pink",D10_pink,BuishandQ,1033,50,173,1,1.0,0.00578,0.011494,1.0,0.1771,0.9707,7.278
"D=1, pink",D10_pink,BuishandQ,1033,100,173,1,1.0,0.00578,0.011494,1.0,,,7.278
"D=1, pink",D10_pink,BuishandQ,1034,25,187,1,1.0,0.005348,0.010638,0.0,0.5959,0.9088,7.6076
"D=1, pink",D10_pink,BuishandQ,1034,50,187,1,1.0,0.005348,0.010638,0.0,0.6041,0.9862,7.6076
"D=1, pink",D10_pink,BuishandQ,1034,100,187,1,1.0,0.005348,0.010638,0.0,,,7.6076
"D=1, pink",D10_pink,BuishandQ,1035,25,193,1,1.0,0.005181,0.010309,0.0,0.3812,0.7966,5.2768
"D=1, pink",D10_pink,BuishandQ,1035,50,193,1,1.0,0.005181,0.010309,0.0,0.3817,0.9827,5.2768
"D=1, pink",D10_pink,BuishandQ,1035,100,193,1,1.0,0.005181,0.010309,0.0,,,5.2768
"D=1, pink",D10_pink,BuishandQ,1036,25,208,1,1.0,0.004808,0.009569,1.0,0.5222,0.8574,4.6374
"D=1, pink",D10_pink,BuishandQ,1036,50,208,1,1.0,0.004808,0.009569,1.0,0.4201,0.9634,4.6374
"D=1, pink",D10_pink,BuishandQ,1036,100,208,1,1.0,0.004808,0.009569,1.0,0.4417,0.9858,4.6374
"D=1, pink",D10_pink,BuishandQ,1037,25,172,1,1.0,0.005814,0.011561,2.0,0.5506,0.823,4.2689
"D=1, pink",D10_pink,BuishandQ,1037,50,172,1,1.0,0.005814,0.011561,2.0,0.5603,0.9573,4.2689
"D=1, pink",D10_pink,BuishandQ,1037,100,172,1,1.0,0.005814,0.011561,2.0,,,4.2689
"D=1, pink",D10_pink,BuishandQ,1038,25,184,1,1.0,0.005435,0.010811,1.0,0.4591,0.7903,4.3959
"D=1, pink",D10_pink,BuishandQ,1038,50,184,1,1.0,0.005435,0.010811,1.0,0.3444,0.9649,4.3959
"D=1, pink",D10_pink,BuishandQ,1038,100,184,1,1.0,0.005435,0.010811,1.0,,,4.3959
"D=1, pink",D10_pink,BuishandQ,1039,25,183,1,1.0,0.005464,0.01087,1.0,0.4455,0.8054,3.9999
"D=1, pink",D10_pink,BuishandQ,1039,50,183,1,1.0,0.005464,0.01087,1.0,0.3956,0.8817,3.9999
"D=1, pink",D10_pink,BuishandQ,1039,100,183,1,1.0,0.005464,0.01087,1.0,0.3818,0.9729,3.9999
"D=1, pink",D10_pink,BuishandQ,1040,25,176,1,1.0,0.005682,0.011299,1.0,0.5233,0.6672,3.9065
"D=1, pink",D10_pink,BuishandQ,1040,50,176,1,1.0,0.005682,0.011299,1.0,0.5783,0.8943,3.9065
"D=1, pink",D10_pink,BuishandQ,1040,100,176,1,1.0,0.005682,0.011299,1.0,0.8519,0.9996,3.9065
"D=1, pink",D10_pink,BuishandQ,1041,25,184,1,1.0,0.005435,0.010811,0.0,0.4654,0.7837,4.0432
"D=1, pink",D10_pink,BuishandQ,1041,50,184,1,1.0,0.005435,0.010811,0.0,0.3911,0.8582,4.0432
"D=1, pink",D10_pink,BuishandQ,1041,100,184,1,1.0,0.005435,0.010811,0.0,0.1745,0.9668,4.0432
"D=1, pink",D10_pink,BuishandQ,1042,25,190,1,1.0,0.005263,0.010471,0.0,0.3991,0.8017,3.7902
"D=1, pink",D10_pink,BuishandQ,1042,50,190,1,1.0,0.005263,0.010471,0.0,0.3584,0.913,3.7902
"D=1, pink",D10_pink,BuishandQ,1042,100,190,1,1.0,0.005263,0.010471,0.0,0.4116,0.982,3.7902
"D=1, pink",D10_pink,BuishandQ,1043,25,200,1,1.0,0.005,0.00995,0.0,0.6968,0.9172,3.5145
"D=1, pink",D10_pink,BuishandQ,1043,50,200,1,1.0,0.005,0.00995,0.0,0.937,0.9966,3.5145
"D=1, pink",D10_pink,BuishandQ,1043,100,200,1,1.0,0.005,0.00995,0.0,0.9195,1.0,3.5145
"D=1, pink",D10_pink,BuishandQ,1044,25,204,1,1.0,0.004902,0.009756,0.0,0.5112,0.8175,3.6699
"D=1, pink",D10_pink,BuishandQ,1044,50,204,1,1.0,0.004902,0.009756,0.0,0.5384,0.9092,3.6699
"D=1, pink",D10_pink,BuishandQ,1044,100,204,1,1.0,0.004902,0.009756,0.0,0.723,0.9863,3.6699
"D=1, pink",D10_pink,BuishandQ,1045,25,180,1,1.0,0.005556,0.01105,0.0,0.6697,0.885,3.9449
"D=1, pink",D10_pink,BuishandQ,1045,50,180,1,1.0,0.005556,0.01105,0.0,0.8473,0.9913,3.9449
"D=1, pink",D10_pink,BuishandQ,1045,100,180,1,1.0,0.005556,0.01105,0.0,0.8696,0.9963,3.9449
"D=1, pink",D10_pink,BuishandQ,1046,25,215,1,1.0,0.004651,0.009259,0.0,0.5853,0.8444,4.3358
"D=1, pink",D10_pink,BuishandQ,1046,50,215,1,1.0,0.004651,0.009259,0.0,0.6295,0.9693,4.3358
"D=1, pink",D10_pink,BuishandQ,1046,100,215,1,1.0,0.004651,0.009259,0.0,,,4.3358
"D=1, pink",D10_pink,BuishandQ,1047,25,199,1,1.0,0.005025,0.01,0.0,0.4378,0.7526,4.0705
"D=1, pink",D10_pink,BuishandQ,1047,50,199,1,1.0,0.005025,0.01,0.0,0.4401,0.9179,4.0705
"D=1, pink",D10_pink,BuishandQ,1047,100,199,1,1.0,0.005025,0.01,0.0,,,4.0705
"D=1, pink",D10_pink,BuishandQ,1048,25,215,1,1.0,0.004651,0.009259,1.0,0.6666,0.9002,3.5247
"D=1, pink",D10_pink,BuishandQ,1048,50,215,1,1.0,0.004651,0.009259,1.0,0.6444,0.9609,3.5247
"D=1, pink",D10_pink,BuishandQ,1048,100,215,1,1.0,0.004651,0.009259,1.0,,,3.5247
"D=1, pink",D10_pink,BuishandQ,1049,25,203,1,1.0,0.004926,0.009804,1.0,0.664,0.9043,3.8088
"D=1, pink",D10_pink,BuishandQ,1049,50,203,1,1.0,0.004926,0.009804,1.0,0.5932,0.9774,3.8088
"D=1, pink",D10_pink,BuishandQ,1049,100,203,1,1.0,0.004926,0.009804,1.0,,,3.8088
"D=1.5, white",D15_white,BuishandQ,1000,25,121,1,1.0,0.008264,0.016393,1.0,0.4014,0.8017,3.7954
"D=1.5, white",D15_white,BuishandQ,1000,50,121,1,1.0,0.008264,0.016393,1.0,0.2903,0.9316,3.7954
"D=1.5, white",D15_white,BuishandQ,1000,100,121,1,1.0,0.008264,0.016393,1.0,,,3.7954
"D=1.5, white",D15_white,BuishandQ,1001,25,116,1,1.0,0.008621,0.017094,0.0,0.5057,0.8545,4.1433
"D=1.5, white",D15_white,BuishandQ,1001,50,116,1,1.0,0.008621,0.017094,0.0,0.0807,0.9852,4.1433
"D=1.5, white",D15_white,BuishandQ,1001,100,116,1,1.0,0.008621,0.017094,0.0,,,4.1433
"D=1.5, white",D15_white,BuishandQ,1002,25,106,1,1.0,0.009434,0.018692,1.0,0.5023,0.8864,3.9806
"D=1.5, white",D15_white,BuishandQ,1002,50,106,1,1.0,0.009434,0.018692,1.0,0.4641,0.9805,3.9806
"D=1.5, white",D15_white,BuishandQ,1002,100,106,1,1.0,0.009434,0.018692,1.0,,,3.9806
"D=1.5, white",D15_white,BuishandQ,1003,25,107,1,1.0,0.009346,0.018519,7.0,0.5415,0.8933,3.9685
"D=1.5, white",D15_white,BuishandQ,1003,50,107,1,1.0,0.009346,0.018519,7.0,0.5867,0.9931,3.9685
"D=1.5, white",D15_white,BuishandQ,1003,100,107,1,1.0,0.009346,0.018519,7.0,,,3.9685
"D=1.5, white",D15_white,BuishandQ,1004,25,133,1,1.0,0.007519,0.014925,2.0,0.4303,0.9132,3.4906
"D=1.5, white",D15_white,BuishandQ,1004,50,133,1,1.0,0.007519,0.014925,2.0,,,3.4906
"D=1.5, white",D15_white,BuishandQ,1004,100,133,1,1.0,0.007519,0.014925,2.0,,,3.4906
"D=1.5, white",D15_white,BuishandQ,1005,25,93,1,1.0,0.010753,0.021277,0.0,0.5247,0.8385,3.9962
"D=1.5, white",D15_white,BuishandQ,1005,50,93,1,1.0,0.010753,0.021277,0.0,0.6605,0.994,3.9962
"D=1.5, white",D15_white,BuishandQ,1005,100,93,1,1.0,0.010753,0.021277,0.0,,,3.9962
"D=1.5, white",D15_white,BuishandQ,1006,25,121,1,1.0,0.008264,0.016393,1.0,0.5406,0.8714,3.749
"D=1.5, white",D15_white,BuishandQ,1006,50,121,1,1.0,0.008264,0.016393,1.0,0.5262,0.993,3.749
"D=1.5, white",D15_white,BuishandQ,1006,100,121,1,1.0,0.008264,0.016393,1.0,,,3.749
"D=1.5, white",D15_white,BuishandQ,1007,25,102,1,1.0,0.009804,0.019417,0.0,0.357,0.7562,3.198
"D=1.5, white",D15_white,BuishandQ,1007,50,102,1,1.0,0.009804,0.019417,0.0,0.2128,0.9753,3.198
"D=1.5, white",D15_white,BuishandQ,1007,100,102,1,1.0,0.009804,0.019417,0.0,,,3.198
"D=1.5, white",D15_white,BuishandQ,1008,25,117,1,1.0,0.008547,0.016949,1.0,0.3512,0.8028,3.1284
"D=1.5, white",D15_white,BuishandQ,1008,50,117,1,1.0,0.008547,0.016949,1.0,0.2779,0.9095,3.1284
"D=1.5, white",D15_white,BuishandQ,1008,100,117,1,1.0,0.008547,0.016949,1.0,0.2318,0.9834,3.1284
"D=1.5, white",D15_white,BuishandQ,1009,25,112,1,1.0,0.008929,0.017699,7.0,0.574,0.9261,3.0986
"D=1.5, white",D15_white,BuishandQ,1009,50,112,1,1.0,0.008929,0.017699,7.0,0.6315,0.988,3.0986
"D=1.5, white",D15_white,BuishandQ,1009,100,112,1,1.0,0.008929,0.017699,7.0,,,3.0986
"D=1.5, white",D15_white,BuishandQ,1010,25,123,1,1.0,0.00813,0.016129,0.0,0.7135,0.9286,3.2704
"D=1.5, white",D15_white,BuishandQ,1010,50,123,1,1.0,0.00813,0.016129,0.0,0.8355,0.9939,3.2704
"D=1.5, white",D15_white,BuishandQ,1010,100,123,1,1.0,0.00813,0.016129,0.0,,,3.2704
"D=1.5, white",D15_white,BuishandQ,1011,25,121,1,1.0,0.008264,0.016393,0.0,0.5501,0.8944,2.8187
"D=1.5, white",D15_white,BuishandQ,1011,50,121,1,1.0,0.008264,0.016393,0.0,0.6831,0.9915,2.8187
"D=1.5, white",D15_white,BuishandQ,1011,100,121,1,1.0,0.008264,0.016393,0.0,,,2.8187
"D=1.5, white",D15_white,BuishandQ,1012,25,107,1,1.0,0.009346,0.018519,0.0,0.5443,0.8275,3.4681
"D=1.5, white",D15_white,BuishandQ,1012,50,107,1,1.0,0.009346,0.018519,0.0,0.6775,0.971,3.4681
"D=1.5, white",D15_white,BuishandQ,1012,100,107,1,1.0,0.009346,0.018519,0.0,,,3.4681
"D=1.5, white",D15_white,BuishandQ,1013,25,106,1,1.0,0.009434,0.018692,3.0,0.4673,0.7771,3.1625
"D=1.5, white",D15_white,BuishandQ,1013,50,106,1,1.0,0.009434,0.018692,3.0,0.4722,0.9712,3.1625
"D=1.5, white",D15_white,BuishandQ,1013,100,106,1,1.0,0.009434,0.018692,3.0,,,3.1625
"D=1.5, white",D15_white,BuishandQ,1014,25,101,1,1.0,0.009901,0.019608,0.0,0.5776,0.8674,3.3823
"D=1.5, white",D15_white,BuishandQ,1014,50,101,1,1.0,0.009901,0.019608,0.0,0.5091,0.978,3.3823
"D=1.5, white",D15_white,BuishandQ,1014,100,101,1,1.0,0.009901,0.019608,0.0,,,3.3823
"D=1.5, white",D15_white,BuishandQ,1015,25,110,1,1.0,0.009091,0.018018,0.0,0.497,0.8518,3.1781
"D=1.5, white",D15_white,BuishandQ,1015,50,110,1,1.0,0.009091,0.018018,0.0,0.7368,0.995,3.1781
"D=1.5, white",D15_white,BuishandQ,1015,100,110,1,1.0,0.009091,0.018018,0.0,,,3.1781
"D=1.5, white",D15_white,BuishandQ,1016,25,111,1,1.0,0.009009,0.017857,1.0,0.4423,0.8054,3.3748
"D=1.5, white",D15_white,BuishandQ,1016,50,111,1,1.0,0.009009,0.017857,1.0,0.5104,0.9358,3.3748
"D=1.5, white",D15_white,BuishandQ,1016,100,111,1,1.0,0.009009,0.017857,1.0,,,3.3748
"D=1.5, white",D15_white,BuishandQ,1017,25,110,1,1.0,0.009091,0.018018,0.0,0.378,0.8482,3.2509
"D=1.5, white",D15_white,BuishandQ,1017,50,110,1,1.0,0.009091,0.018018,0.0,0.2486,0.976,3.2509
"D=1.5, white",D15_white,BuishandQ,1017,100,110,1,1.0,0.009091,0.018018,0.0,,,3.2509
"D=1.5, white",D15_white,BuishandQ,1018,25,117,1,1.0,0.008547,0.016949,1.0,0.5265,0.9073,3.2606
"D=1.5, white",D15_white,BuishandQ,1018,50,117,1,1.0,0.008547,0.016949,1.0,0.6808,0.9992,3.2606
"D=1.5, white",D15_white,BuishandQ,1018,100,117,1,1.0,0.008547,0.016949,1.0,,,3.2606
"D=1.5, white",D15_white,BuishandQ,1019,25,111,1,1.0,0.009009,0.017857,6.0,0.4461,0.7457,2.9845
"D=1.5, white",D15_white,BuishandQ,1019,50,111,1,1.0,0.009009,0.017857,6.0,0.3265,0.8989,2.9845
"D=1.5, white",D15_white,BuishandQ,1019,100,111,1,1.0,0.009009,0.017857,6.0,0.0002,0.9905,2.9845
"D=1.5, white",D15_white,BuishandQ,1020,25,119,1,1.0,0.008403,0.016667,2.0,0.4531,0.8412,3.0754
"D=1.5, white",D15_white,BuishandQ,1020,50,119,1,1.0,0.008403,0.016667,2.0,0.5577,0.9666,3.0754
"D=1.5, white",D15_white,BuishandQ,1020,100,119,1,1.0,0.008403,0.016667,2.0,,,3.0754
"D=1.5, white",D15_white,BuishandQ,1021,25,117,1,1.0,0.008547,0.016949,2.0,0.6057,0.8821,2.98
"D=1.5, white",D15_white,BuishandQ,1021,50,117,1,1.0,0.008547,0.016949,2.0,0.681,0.9846,2.98
"D=1.5, white",D15_white,BuishandQ,1021,100,117,1,1.0,0.008547,0.016949,2.0,,,2.98
"D=1.5, white",D15_white,BuishandQ,1022,25,124,1,1.0,0.008065,0.016,5.0,0.5286,0.8881,3.1645
"D=1.5, white",D15_white,BuishandQ,1022,50,124,1,1.0,0.008065,0.016,5.0,0.465,0.9996,3.1645
"D=1.5, white",D15_white,BuishandQ,1022,100,124,1,1.0,0.008065,0.016,5.0,,,3.1645
"D=1.5, white",D15_white,BuishandQ,1023,25,115,1,1.0,0.008696,0.017241,0.0,0.6305,0.883,3.0068
"D=1.5, white",D15_white,BuishandQ,1023,50,115,1,1.0,0.008696,0.017241,0.0,0.5326,0.9528,3.0068
"D=1.5, white",D15_white,BuishandQ,1023,100,115,1,1.0,0.008696,0.017241,0.0,0.4336,0.9963,3.0068
"D=1.5, white",D15_white,BuishandQ,1024,25,101,1,1.0,0.009901,0.019608,0.0,0.428,0.8107,3.087
"D=1.5, white",D15_white,BuishandQ,1024,50,101,1,1.0,0.009901,0.019608,0.0,0.4744,0.9948,3.087
"D=1.5, white",D15_white,BuishandQ,1024,100,101,1,1.0,0.009901,0.019608,0.0,,,3.087
"D=1.5, white",D15_white,BuishandQ,1025,25,103,1,1.0,0.009709,0.019231,0.0,0.5828,0.8662,3.2531
"D=1.5, white",D15_white,BuishandQ,1025,50,103,1,1.0,0.009709,0.019231,0.0,0.9601,0.9974,3.2531
"D=1.5, white",D15_white,BuishandQ,1025,100,103,1,1.0,0.009709,0.019231,0.0,0.9973,1.0,3.2531
"D=1.5, white",D15_white,BuishandQ,1026,25,100,1,1.0,0.01,0.019802,2.0,0.3834,0.8099,3.0746
"D=1.5, white",D15_white,BuishandQ,1026,50,100,1,1.0,0.01,0.019802,2.0,0.2867,0.9852,3.0746
"D=1.5, white",D15_white,BuishandQ,1026,100,100,1,1.0,0.01,0.019802,2.0,,,3.0746
"D=1.5, white",D15_white,BuishandQ,1027,25,106,1,1.0,0.009434,0.018692,0.0,0.474,0.8243,2.6158
"D=1.5, white",D15_white,BuishandQ,1027,50,106,1,1.0,0.009434,0.018692,0.0,0.5333,0.9645,2.6158
"D=1.5, white",D15_white,BuishandQ,1027,100,106,1,1.0,0.009434,0.018692,0.0,,,2.6158
"D=1.5, white",D15_white,BuishandQ,1028,25,122,1,1.0,0.008197,0.01626,5.0,0.4309,0.8088,3.0688
"D=1.5, white",D15_white,BuishandQ,1028,50,122,1,1.0,0.008197,0.01626,5.0,0.4667,0.9698,3.0688
"D=1.5, white",D15_white,BuishandQ,1028,100,122,1,1.0,0.008197,0.01626,5.0,,,3.0688
"D=1.5, white",D15_white,BuishandQ,1029,25,111,1,1.0,0.009009,0.017857,10.0,0.5427,0.8667,2.7827
"D=1.5, white",D15_white,BuishandQ,1029,50,111,1,1.0,0.009009,0.017857,10.0,0.5055,0.991,2.7827
"D=1.5, white",D15_white,BuishandQ,1029,100,111,1,1.0,0.009009,0.017857,10.0,,,2.7827
"D=1.5, white",D15_white,BuishandQ,1030,25,127,1,1.0,0.007874,0.015625,0.0,0.4562,0.9135,2.8444
"D=1.5, white",D15_white,BuishandQ,1030,50,127,1,1.0,0.007874,0.015625,0.0,,,2.8444
"D=1.5, white",D15_white,BuishandQ,1030,100,127,1,1.0,0.007874,0.015625,0.0,,,2.8444
"D=1.5, white",D15_white,BuishandQ,1031,25,154,1,1.0,0.006494,0.012903,1.0,0.3287,0.9101,2.9203
"D=1.5, white",D15_white,BuishandQ,1031,50,154,1,1.0,0.006494,0.012903,1.0,,,2.9203
"D=1.5, white",D15_white,BuishandQ,1031,100,154,1,1.0,0.006494,0.012903,1.0,,,2.9203
"D=1.5, white",D15_white,BuishandQ,1032,25,112,1,1.0,0.008929,0.017699,1.0,0.4636,0.8992,3.0506
"D=1.5, white",D15_white,BuishandQ,1032,50,112,1,1.0,0.008929,0.017699,1.0,,,3.0506
"D=1.5, white",D15_white,BuishandQ,1032,100,112,1,1.0,0.008929,0.017699,1.0,,,3.0506
"D=1.5, white",D15_white,BuishandQ,1033,25,101,1,1.0,0.009901,0.019608,2.0,0.6508,0.8559,3.7756
"D=1.5, white",D15_white,BuishandQ,1033,50,101,1,1.0,0.009901,0.019608,2.0,0.7764,0.9898,3.7756
"D=1.5, white",D15_white,BuishandQ,1033,100,101,1,1.0,0.009901,0.019608,2.0,,,3.7756
"D=1.5, white",D15_white,BuishandQ,1034,25,125,1,1.0,0.008,0.015873,0.0,0.5437,0.9138,3.679
"D=1.5, white",D15_white,BuishandQ,1034,50,125,1,1.0,0.008,0.015873,0.0,0.42,0.9829,3.679
"D=1.5, white",D15_white,BuishandQ,1034,100,125,1,1.0,0.008,0.015873,0.0,,,3.679
"D=1.5, white",D15_white,BuishandQ,1035,25,107,1,1.0,0.009346,0.018519,3.0,0.4221,0.8031,3.5629
"D=1.5, white",D15_white,BuishandQ,1035,50,107,1,1.0,0.009346,0.018519,3.0,0.2119,0.9915,3.5629
"D=1.5, white",D15_white,BuishandQ,1035,100,107,1,1.0,0.009346,0.018519,3.0,,,3.5629
"D=1.5, white",D15_white,BuishandQ,1036,25,116,1,1.0,0.008621,0.017094,0.0,0.6464,0.9204,3.1213
"D=1.5, white",D15_white,BuishandQ,1036,50,116,1,1.0,0.008621,0.017094,0.0,0.4567,0.9787,3.1213
"D=1.5, white",D15_white,BuishandQ,1036,100,116,1,1.0,0.008621,0.017094,0.0,,,3.1213
"D=1.5, white",D15_white,BuishandQ,1037,25,112,1,1.0,0.008929,0.017699,1.0,0.5384,0.8476,2.8435
"D=1.5, white",D15_white,BuishandQ,1037,50,112,1,1.0,0.008929,0.017699,1.0,0.8,0.9934,2.8435
"D=1.5, white",D15_white,BuishandQ,1037,100,112,1,1.0,0.008929,0.017699,1.0,,,2.8435
"D=1.5, white",D15_white,BuishandQ,1038,25,130,1,1.0,0.007692,0.015267,1.0,0.5414,0.8522,2.6275
"D=1.5, white",D15_white,BuishandQ,1038,50,130,1,1.0,0.007692,0.015267,1.0,0.8623,0.9993,2.6275
"D=1.5, white",D15_white,BuishandQ,1038,100,130,1,1.0,0.007692,0.015267,1.0,,,2.6275
"D=1.5, white",D15_white,BuishandQ,1039,25,105,1,1.0,0.009524,0.018868,11.0,0.373,0.7875,2.3753
"D=1.5, white",D15_white,BuishandQ,1039,50,105,1,1.0,0.009524,0.018868,11.0,0.4267,0.9653,2.3753
"D=1.5, white",D15_white,BuishandQ,1039,100,105,1,1.0,0.009524,0.018868,11.0,,,2.3753
"D=1.5, white",D15_white,BuishandQ,1040,25,113,1,1.0,0.00885,0.017544,0.0,0.4759,0.7847,2.3744
"D=1.5, white",D15_white,BuishandQ,1040,50,113,1,1.0,0.00885,0.017544,0.0,0.3181,0.9637,2.3744
"D=1.5, white",D15_white,BuishandQ,1040,100,113,1,1.0,0.00885,0.017544,0.0,,,2.3744
"D=1.5, white",D15_white,BuishandQ,1041,25,133,1,1.0,0.007519,0.014925,1.0,0.4334,0.8971,2.2017
"D=1.5, white",D15_white,BuishandQ,1041,50,133,1,1.0,0.007519,0.014925,1.0,0.2525,0.9886,2.2017
"D=1.5, white",D15_white,BuishandQ,1041,100,133,1,1.0,0.007519,0.014925,1.0,,,2.2017
"D=1.5, white",D15_white,BuishandQ,1042,25,127,1,1.0,0.007874,0.015625,1.0,0.3278,0.8542,2.3044
"D=1.5, white",D15_white,BuishandQ,1042,50,127,1,1.0,0.007874,0.015625,1.0,0.1349,0.9242,2.3044
"D=1.5, white",D15_white,BuishandQ,1042,100,127,1,1.0,0.007874,0.015625,1.0,,,2.3044
"D=1.5, white",D15_white,BuishandQ,1043,25,123,1,1.0,0.00813,0.016129,14.0,0.6659,0.907,2.2731
"D=1.5, white",D15_white,BuishandQ,1043,50,123,1,1.0,0.00813,0.016129,14.0,0.9759,0.9996,2.2731
"D=1.5, white",D15_white,BuishandQ,1043,100,123,1,1.0,0.00813,0.016129,14.0,,,2.2731
"D=1.5, white",D15_white,BuishandQ,1044,25,101,1,1.0,0.009901,0.019608,2.0,0.5011,0.8473,2.3103
"D=1.5, white",D15_white,BuishandQ,1044,50,101,1,1.0,0.009901,0.019608,2.0,0.3479,0.9942,2.3103
"D=1.5, white",D15_white,BuishandQ,1044,100,101,1,1.0,0.009901,0.019608,2.0,,,2.3103
"D=1.5, white",D15_white,BuishandQ,1045,25,113,1,1.0,0.00885,0.017544,0.0,0.6815,0.9044,2.0277
"D=1.5, white",D15_white,BuishandQ,1045,50,113,1,1.0,0.00885,0.017544,0.0,0.6479,0.9817,2.0277
"D=1.5, white",D15_white,BuishandQ,1045,100,113,1,1.0,0.00885,0.017544,0.0,,,2.0277
"D=1.5, white",D15_white,BuishandQ,1046,25,124,1,1.0,0.008065,0.016,0.0,0.4917,0.9229,2.1926
"D=1.5, white",D15_white,BuishandQ,1046,50,124,1,1.0,0.008065,0.016,0.0,,,2.1926
"D=1.5, white",D15_white,BuishandQ,1046,100,124,1,1.0,0.008065,0.016,0.0,,,2.1926
"D=1.5, white",D15_white,BuishandQ,1047,25,111,1,1.0,0.009009,0.017857,12.0,0.5131,0.8383,2.2376
"D=1.5, white",D15_white,BuishandQ,1047,50,111,1,1.0,0.009009,0.017857,12.0,0.5106,0.9896,2.2376
"D=1.5, white",D15_white,BuishandQ,1047,100,111,1,1.0,0.009009,0.017857,12.0,,,2.2376
"D=1.5, white",D15_white,BuishandQ,1048,25,134,1,1.0,0.007463,0.014815,1.0,0.5493,0.8857,2.2657
"D=1.5, white",D15_white,BuishandQ,1048,50,134,1,1.0,0.007463,0.014815,1.0,0.7177,0.9969,2.2657
"D=1.5, white",D15_white,BuishandQ,1048,100,134,1,1.0,0.007463,0.014815,1.0,,,2.2657
"D=1.5, white",D15_white,BuishandQ,1049,25,123,1,1.0,0.00813,0.016129,2.0,0.5438,0.9024,2.139
"D=1.5, white",D15_white,BuishandQ,1049,50,123,1,1.0,0.00813,0.016129,2.0,0.3667,0.9754,2.139
"D=1.5, white",D15_white,BuishandQ,1049,100,123,1,1.0,0.00813,0.016129,2.0,,,2.139
"D=0.5, white",D05_white,BuishandRange,1000,25,5,1,1.0,0.2,0.333333,4.0,0.5922,0.3904,4.9864
"D=0.5, white",D05_white,BuishandRange,1000,50,5,1,1.0,0.2,0.333333,4.0,0.5865,0.4333,4.9864
"D=0.5, white",D05_white,BuishandRange,1000,100,5,1,1.0,0.2,0.333333,4.0,0.5935,0.526,4.9864
"D=0.5, white",D05_white,BuishandRange,1001,25,1,1,0.0,0.0,0.0,9999.0,0.8829,0.0563,4.818
"D=0.5, white",D05_white,BuishandRange,1001,50,1,1,0.0,0.0,0.0,9999.0,0.8335,0.0736,4.818
"D=0.5, white",D05_white,BuishandRange,1001,100,1,1,0.0,0.0,0.0,9999.0,0.8378,0.1358,4.818
"D=0.5, white",D05_white,BuishandRange,1002,25,1,1,0.0,0.0,0.0,9999.0,0.7603,0.0322,5.3888
"D=0.5, white",D05_white,BuishandRange,1002,50,1,1,0.0,0.0,0.0,9999.0,0.7327,0.0494,5.3888
"D=0.5, white",D05_white,BuishandRange,1002,100,1,1,0.0,0.0,0.0,9999.0,0.6774,0.0743,5.3888
"D=0.5, white",D05_white,BuishandRange,1003,25,3,0,0.0,0.0,0.0,9999.0,0.4158,0.0384,4.9446
"D=0.5, white",D05_white,BuishandRange,1003,50,3,0,0.0,0.0,0.0,9999.0,0.3516,0.0627,4.9446
"D=0.5, white",D05_white,BuishandRange,1003,100,3,0,0.0,0.0,0.0,9999.0,0.3299,0.1074,4.9446
"D=0.5, white",D05_white,BuishandRange,1004,25,3,1,1.0,0.333333,0.5,0.0,0.2582,0.0284,5.877
"D=0.5, white",D05_white,BuishandRange,1004,50,3,1,1.0,0.333333,0.5,0.0,0.2616,0.0529,5.877
"D=0.5, white",D05_white,BuishandRange,1004,100,3,1,1.0,0.333333,0.5,0.0,0.2379,0.0991,5.877
"D=0.5, white",D05_white,BuishandRange,1005,25,3,1,1.0,0.333333,0.5,0.0,0.6365,0.6438,5.6758
"D=0.5, white",D05_white,BuishandRange,1005,50,3,1,1.0,0.333333,0.5,0.0,0.6552,0.6718,5.6758
"D=0.5, white",D05_white,BuishandRange,1005,100,3,1,1.0,0.333333,0.5,0.0,0.6699,0.7039,5.6758
"D=0.5, white",D05_white,BuishandRange,1006,25,1,0,0.0,0.0,0.0,9999.0,0.7305,0.03,8.3062
"D=0.5, white",D05_white,BuishandRange,1006,50,1,0,0.0,0.0,0.0,9999.0,0.6417,0.0378,8.3062
"D=0.5, white",D05_white,BuishandRange,1006,100,1,0,0.0,0.0,0.0,9999.0,0.5862,0.0597,8.3062
"D=0.5, white",D05_white,BuishandRange,1007,25,1,0,0.0,0.0,0.0,9999.0,0.0355,0.0082,5.9088
"D=0.5, white",D05_white,BuishandRange,1007,50,1,0,0.0,0.0,0.0,9999.0,0.0151,0.0145,5.9088
"D=0.5, white",D05_white,BuishandRange,1007,100,1,0,0.0,0.0,0.0,9999.0,0.1701,0.0301,5.9088
"D=0.5, white",D05_white,BuishandRange,1008,25,3,1,1.0,0.333333,0.5,2.0,0.3787,0.133,5.0259
"D=0.5, white",D05_white,BuishandRange,1008,50,3,1,1.0,0.333333,0.5,2.0,0.351,0.1515,5.0259
"D=0.5, white",D05_white,BuishandRange,1008,100,3,1,1.0,0.333333,0.5,2.0,0.3283,0.1891,5.0259
"D=0.5, white",D05_white,BuishandRange,1009,25,3,1,1.0,0.333333,0.5,0.0,0.7104,0.3305,4.9189
"D=0.5, white",D05_white,BuishandRange,1009,50,3,1,1.0,0.333333,0.5,0.0,0.7815,0.5076,4.9189
"D=0.5, white",D05_white,BuishandRange,1009,100,3,1,1.0,0.333333,0.5,0.0,0.8578,0.7506,4.9189
"D=0.5, white",D05_white,BuishandRange,1010,25,3,1,1.0,0.333333,0.5,1.0,0.6486,0.6492,4.8883
"D=0.5, white",D05_white,BuishandRange,1010,50,3,1,1.0,0.333333,0.5,1.0,0.6599,0.6708,4.8883
"D=0.5, white",D05_white,BuishandRange,1010,100,3,1,1.0,0.333333,0.5,1.0,0.6692,0.7017,4.8883
"D=0.5, white",D05_white,BuishandRange,1011,25,3,1,1.0,0.333333,0.5,2.0,0.6016,0.4564,4.6781
"D=0.5, white",D05_white,BuishandRange,1011,50,3,1,1.0,0.333333,0.5,2.0,0.6173,0.5043,4.6781
"D=0.5, white",D05_white,BuishandRange,1011,100,3,1,1.0,0.333333,0.5,2.0,0.6081,0.5429,4.6781
"D=0.5, white",D05_white,BuishandRange,1012,25,1,1,0.0,0.0,0.0,9999.0,0.3328,0.0121,5.2535
"D=0.5, white",D05_white,BuishandRange,1012,50,1,1,0.0,0.0,0.0,9999.0,0.3118,0.0207,5.2535
"D=0.5, white",D05_white,BuishandRange,1012,100,1,1,0.0,0.0,0.0,9999.0,0.2235,0.0335,5.2535
"D=0.5, white",D05_white,BuishandRange,1013,25,3,0,0.0,0.0,0.0,9999.0,0.7482,0.138,5.3685
"D=0.5, white",D05_white,BuishandRange,1013,50,3,0,0.0,0.0,0.0,9999.0,0.8111,0.4025,5.3685
"D=0.5, white",D05_white,BuishandRange,1013,100,3,0,0.0,0.0,0.0,9999.0,0.8936,0.6043,5.3685
"D=0.5, white",D05_white,BuishandRange,1014,25,3,1,1.0,0.333333,0.5,0.0,0.6326,0.4854,5.1382
"D=0.5, white",D05_white,BuishandRange,1014,50,3,1,1.0,0.333333,0.5,0.0,0.6658,0.4956,5.1382
"D=0.5, white",D05_white,BuishandRange,1014,100,3,1,1.0,0.333333,0.5,0.0,0.7103,0.5621,5.1382
"D=0.5, white",D05_white,BuishandRange,1015,25,1,0,0.0,0.0,0.0,9999.0,0.6596,0.0235,4.9788
"D=0.5, white",D05_white,BuishandRange,1015,50,1,0,0.0,0.0,0.0,9999.0,0.7096,0.0458,4.9788
"D=0.5, white",D05_white,BuishandRange,1015,100,1,0,0.0,0.0,0.0,9999.0,0.7559,0.0966,4.9788
"D=0.5, white",D05_white,BuishandRange,1016,25,3,1,1.0,0.333333,0.5,2.0,0.6683,0.4179,4.6871
"D=0.5, white",D05_white,BuishandRange,1016,50,3,1,1.0,0.333333,0.5,2.0,0.6818,0.4747,4.6871
"D=0.5, white",D05_white,BuishandRange,1016,100,3,1,1.0,0.333333,0.5,2.0,0.7548,0.6217,4.6871
"D=0.5, white",D05_white,BuishandRange,1017,25,1,0,0.0,0.0,0.0,9999.0,0.0621,0.0082,4.6457
"D=0.5, white",D05_white,BuishandRange,1017,50,1,0,0.0,0.0,0.0,9999.0,0.0773,0.015,4.6457
"D=0.5, white",D05_white,BuishandRange,1017,100,1,0,0.0,0.0,0.0,9999.0,0.1172,0.0295,4.6457
"D=0.5, white",D05_white,BuishandRange,1018,25,1,0,0.0,0.0,0.0,9999.0,0.65,0.0212,7.8308
"D=0.5, white",D05_white,BuishandRange,1018,50,1,0,0.0,0.0,0.0,9999.0,0.6303,0.036,7.8308
"D=0.5, white",D05_white,BuishandRange,1018,100,1,0,0.0,0.0,0.0,9999.0,0.5898,0.0603,7.8308
"D=0.5, white",D05_white,BuishandRange,1019,25,1,1,0.0,0.0,0.0,9999.0,0.3293,0.0112,12.1505
"D=0.5, white",D05_white,BuishandRange,1019,50,1,1,0.0,0.0,0.0,9999.0,0.3514,0.0207,12.1505
"D=0.5, white",D05_white,BuishandRange,1019,100,1,1,0.0,0.0,0.0,9999.0,0.3681,0.0406,12.1505
"D=0.5, white",D05_white,BuishandRange,1020,25,1,0,0.0,0.0,0.0,9999.0,0.4139,0.0133,11.3131
"D=0.5, white",D05_white,BuishandRange,1020,50,1,0,0.0,0.0,0.0,9999.0,0.424,0.0238,11.3131
"D=0.5, white",D05_white,BuishandRange,1020,100,1,0,0.0,0.0,0.0,9999.0,0.3856,0.0417,11.3131
"D=0.5, white",D05_white,BuishandRange,1021,25,1,1,0.0,0.0,0.0,9999.0,0.2546,0.0102,11.4859
"D=0.5, white",D05_white,BuishandRange,1021,50,1,1,0.0,0.0,0.0,9999.0,0.2588,0.0187,11.4859
"D=0.5, white",D05_white,BuishandRange,1021,100,1,1,0.0,0.0,0.0,9999.0,0.2465,0.035,11.4859
"D=0.5, white",D05_white,BuishandRange,1022,25,3,1,1.0,0.333333,0.5,1.0,0.3184,0.2167,6.247
"D=0.5, white",D05_white,BuishandRange,1022,50,3,1,1.0,0.333333,0.5,1.0,0.3235,0.2326,6.247
"D=0.5, white",D05_white,BuishandRange,1022,100,3,1,1.0,0.333333,0.5,1.0,0.3244,0.2681,6.247
"D=0.5, white",D05_white,BuishandRange,1023,25,3,1,1.0,0.333333,0.5,2.0,0.6439,0.6328,5.5899
"D=0.5, white",D05_white,BuishandRange,1023,50,3,1,1.0,0.333333,0.5,2.0,0.66,0.6475,5.5899
"D=0.5, white",D05_white,BuishandRange,1023,100,3,1,1.0,0.333333,0.5,2.0,0.6754,0.6758,5.5899
"D=0.5, white",D05_white,BuishandRange,1024,25,5,1,1.0,0.2,0.333333,2.0,0.6026,0.4247,4.7798
"D=0.5, white",D05_white,BuishandRange,1024,50,5,1,1.0,0.2,0.333333,2.0,0.6049,0.4913,4.7798
"D=0.5, white",D05_white,BuishandRange,1024,100,5,1,1.0,0.2,0.333333,2.0,0.6178,0.6066,4.7798
"D=0.5, white",D05_white,BuishandRange,1025,25,1,0,0.0,0.0,0.0,9999.0,0.0892,0.0086,6.5419
"D=0.5, white",D05_white,BuishandRange,1025,50,1,0,0.0,0.0,0.0,9999.0,0.2054,0.0166,6.5419
"D=0.5, white",D05_white,BuishandRange,1025,100,1,0,0.0,0.0,0.0,9999.0,0.2065,0.0318,6.5419
"D=0.5, white",D05_white,BuishandRange,1026,25,1,0,0.0,0.0,0.0,9999.0,0.1988,0.0109,5.214
"D=0.5, white",D05_white,BuishandRange,1026,50,1,0,0.0,0.0,0.0,9999.0,0.2448,0.0193,5.214
"D=0.5, white",D05_white,BuishandRange,1026,100,1,0,0.0,0.0,0.0,9999.0,0.2371,0.0353,5.214
"D=0.5, white",D05_white,BuishandRange,1027,25,3,0,0.0,0.0,0.0,9999.0,0.8922,0.3894,4.8958
"D=0.5, white",D05_white,BuishandRange,1027,50,3,0,0.0,0.0,0.0,9999.0,0.9083,0.5302,4.8958
"D=0.5, white",D05_white,BuishandRange,1027,100,3,0,0.0,0.0,0.0,9999.0,0.9511,0.7528,4.8958
"D=0.5, white",D05_white,BuishandRange,1028,25,5,1,1.0,0.2,0.333333,0.0,0.6114,0.3081,4.9604
"D=0.5, white",D05_white,BuishandRange,1028,50,5,1,1.0,0.2,0.333333,0.0,0.6043,0.363,4.9604
"D=0.5, white",D05_white,BuishandRange,1028,100,5,1,1.0,0.2,0.333333,0.0,0.5983,0.4616,4.9604
"D=0.5, white",D05_white,BuishandRange,1029,25,3,1,1.0,0.333333,0.5,2.0,0.6497,0.5127,4.8554
"D=0.5, white",D05_white,BuishandRange,1029,50,3,1,1.0,0.333333,0.5,2.0,0.6758,0.5265,4.8554
"D=0.5, white",D05_white,BuishandRange,1029,100,3,1,1.0,0.333333,0.5,2.0,0.6991,0.5563,4.8554
"D=0.5, white",D05_white,BuishandRange,1030,25,3,1,1.0,0.333333,0.5,0.0,0.6979,0.4604,4.789
"D=0.5, white",D05_white,BuishandRange,1030,50,3,1,1.0,0.333333,0.5,0.0,0.7436,0.5529,4.789
"D=0.5, white",D05_white,BuishandRange,1030,100,3,1,1.0,0.333333,0.5,0.0,0.8223,0.7152,4.789
"D=0.5, white",D05_white,BuishandRange,1031,25,1,1,0.0,0.0,0.0,9999.0,0.4223,0.0126,4.7576
"D=0.5, white",D05_white,BuishandRange,1031,50,1,1,0.0,0.0,0.0,9999.0,0.5184,0.0264,4.7576
"D=0.5, white",D05_white,BuishandRange,1031,100,1,1,0.0,0.0,0.0,9999.0,0.528,0.0514,4.7576
"D=0.5, white",D05_white,BuishandRange,1032,25,1,1,0.0,0.0,0.0,9999.0,0.0996,0.0091,4.5268
"D=0.5, white",D05_white,BuishandRange,1032,50,1,1,0.0,0.0,0.0,9999.0,0.1056,0.0161,4.5268
"D=0.5, white",D05_white,BuishandRange,1032,100,1,1,0.0,0.0,0.0,9999.0,0.1391,0.031,4.5268
"D=0.5, white",D05_white,BuishandRange,1033,25,1,0,0.0,0.0,0.0,9999.0,0.8772,0.0556,4.8271
"D=0.5, white",D05_white,BuishandRange,1033,50,1,0,0.0,0.0,0.0,9999.0,0.8748,0.0962,4.8271
"D=0.5, white",D05_white,BuishandRange,1033,100,1,0,0.0,0.0,0.0,9999.0,0.8457,0.1396,4.8271
"D=0.5, white",D05_white,BuishandRange,1034,25,1,0,0.0,0.0,0.0,9999.0,0.4,0.0137,4.8538
"D=0.5, white",D05_white,BuishandRange,1034,50,1,0,0.0,0.0,0.0,9999.0,0.3311,0.0209,4.8538
"D=0.5, white",D05_white,BuishandRange,1034,100,1,0,0.0,0.0,0.0,9999.0,0.2074,0.0324,4.8538
"D=0.5, white",D05_white,BuishandRange,1035,25,3,0,0.0,0.0,0.0,9999.0,0.4946,0.0422,4.7239
"D=0.5, white",D05_white,BuishandRange,1035,50,3,0,0.0,0.0,0.0,9999.0,0.4628,0.073,4.7239
"D=0.5, white",D05_white,BuishandRange,1035,100,3,0,0.0,0.0,0.0,9999.0,0.421,0.1934,4.7239
"D=0.5, white",D05_white,BuishandRange,1036,25,3,1,1.0,0.333333,0.5,2.0,0.6414,0.4784,4.8771
"D=0.5, white",D05_white,BuishandRange,1036,50,3,1,1.0,0.333333,0.5,2.0,0.6377,0.5105,4.8771
"D=0.5, white",D05_white,BuishandRange,1036,100,3,1,1.0,0.333333,0.5,2.0,0.6181,0.5451,4.8771
"D=0.5, white",D05_white,BuishandRange,1037,25,3,1,1.0,0.333333,0.5,1.0,0.3602,0.2836,4.8903
"D=0.5, white",D05_white,BuishandRange,1037,50,3,1,1.0,0.333333,0.5,1.0,0.3678,0.3127,4.8903
"D=0.5, white",D05_white,BuishandRange,1037,100,3,1,1.0,0.333333,0.5,1.0,0.3923,0.3583,4.8903
"D=0.5, white",D05_white,BuishandRange,1038,25,1,0,0.0,0.0,0.0,9999.0,0.3031,0.0106,5.4419
"D=0.5, white",D05_white,BuishandRange,1038,50,1,0,0.0,0.0,0.0,9999.0,0.3015,0.0193,5.4419
"D=0.5, white",D05_white,BuishandRange,1038,100,1,0,0.0,0.0,0.0,9999.0,0.2264,0.0324,5.4419
"D=0.5, white",D05_white,BuishandRange,1039,25,1,0,0.0,0.0,0.0,9999.0,0.7362,0.0274,5.1498
"D=0.5, white",D05_white,BuishandRange,1039,50,1,0,0.0,0.0,0.0,9999.0,0.6922,0.0413,5.1498
"D=0.5, white",D05_white,BuishandRange,1039,100,1,0,0.0,0.0,0.0,9999.0,0.6253,0.0635,5.1498
"D=0.5, white",D05_white,BuishandRange,1040,25,1,0,0.0,0.0,0.0,9999.0,0.4747,0.0146,5.1116
"D=0.5, white",D05_white,BuishandRange,1040,50,1,0,0.0,0.0,0.0,9999.0,0.4931,0.0265,5.1116
"D=0.5, white",D05_white,BuishandRange,1040,100,1,0,0.0,0.0,0.0,9999.0,0.5182,0.0509,5.1116
"D=0.5, white",D05_white,BuishandRange,1041,25,1,0,0.0,0.0,0.0,9999.0,0.6078,0.0233,4.8684
"D=0.5, white",D05_white,BuishandRange,1041,50,1,0,0.0,0.0,0.0,9999.0,0.5964,0.037,4.8684
"D=0.5, white",D05_white,BuishandRange,1041,100,1,0,0.0,0.0,0.0,9999.0,0.4778,0.0507,4.8684
"D=0.5, white",D05_white,BuishandRange,1042,25,1,0,0.0,0.0,0.0,9999.0,0.2301,0.0103,5.2744
"D=0.5, white",D05_white,BuishandRange,1042,50,1,0,0.0,0.0,0.0,9999.0,0.3549,0.0201,5.2744
"D=0.5, white",D05_white,BuishandRange,1042,100,1,0,0.0,0.0,0.0,9999.0,0.4444,0.0435,5.2744
"D=0.5, white",D05_white,BuishandRange,1043,25,3,1,1.0,0.333333,0.5,21.0,0.4713,0.1533,4.8942
"D=0.5, white",D05_white,BuishandRange,1043,50,3,1,1.0,0.333333,0.5,21.0,0.436,0.2951,4.8942
"D=0.5, white",D05_white,BuishandRange,1043,100,3,1,1.0,0.333333,0.5,21.0,0.461,0.4588,4.8942
"D=0.5, white",D05_white,BuishandRange,1044,25,3,1,1.0,0.333333,0.5,0.0,0.3655,0.2511,5.7886
"D=0.5, white",D05_white,BuishandRange,1044,50,3,1,1.0,0.333333,0.5,0.0,0.3475,0.244,5.7886
"D=0.5, white",D05_white,BuishandRange,1044,100,3,1,1.0,0.333333,0.5,0.0,0.3335,0.2641,5.7886
"D=0.5, white",D05_white,BuishandRange,1045,25,1,0,0.0,0.0,0.0,9999.0,0.1593,0.0087,5.5429
"D=0.5, white",D05_white,BuishandRange,1045,50,1,0,0.0,0.0,0.0,9999.0,0.1385,0.0157,5.5429
"D=0.5, white",D05_white,BuishandRange,1045,100,1,0,0.0,0.0,0.0,9999.0,0.1393,0.0302,5.5429
"D=0.5, white",D05_white,BuishandRange,1046,25,1,1,0.0,0.0,0.0,9999.0,0.3582,0.0134,5.1871
"D=0.5, white",D05_white,BuishandRange,1046,50,1,1,0.0,0.0,0.0,9999.0,0.3639,0.0232,5.1871
"D=0.5, white",D05_white,BuishandRange,1046,100,1,1,0.0,0.0,0.0,9999.0,0.3434,0.0412,5.1871
"D=0.5, white",D05_white,BuishandRange,1047,25,3,1,1.0,0.333333,0.5,7.0,0.3267,0.0282,4.787
"D=0.5, white",D05_white,BuishandRange,1047,50,3,1,1.0,0.333333,0.5,7.0,0.2415,0.0323,4.787
"D=0.5, white",D05_white,BuishandRange,1047,100,3,1,1.0,0.333333,0.5,7.0,0.158,0.0429,4.787
"D=0.5, white",D05_white,BuishandRange,1048,25,7,1,1.0,0.142857,0.25,0.0,0.5656,0.2883,4.9422
"D=0.5, white",D05_white,BuishandRange,1048,50,7,1,1.0,0.142857,0.25,0.0,0.6002,0.3764,4.9422
"D=0.5, white",D05_white,BuishandRange,1048,100,7,1,1.0,0.142857,0.25,0.0,0.6711,0.5183,4.9422
"D=0.5, white",D05_white,BuishandRange,1049,25,3,1,0.0,0.0,0.0,9999.0,0.2792,0.0234,5.0761
"D=0.5, white",D05_white,BuishandRange,1049,50,3,1,0.0,0.0,0.0,9999.0,0.2771,0.0392,5.0761
"D=0.5, white",D05_white,BuishandRange,1049,100,3,1,0.0,0.0,0.0,9999.0,0.2438,0.0686,5.0761
"D=1, white",D10_white,BuishandRange,1000,25,39,1,1.0,0.025641,0.05,0.0,0.4805,0.5144,5.4733
"D=1, white",D10_white,BuishandRange,1000,50,39,1,1.0,0.025641,0.05,0.0,0.6005,0.8602,5.4733
"D=1, white",D10_white,BuishandRange,1000,100,39,1,1.0,0.025641,0.05,0.0,0.7405,0.9945,5.4733
"D=1, white",D10_white,BuishandRange,1001,25,35,1,1.0,0.028571,0.055556,0.0,0.3762,0.3802,4.9158
"D=1, white",D10_white,BuishandRange,1001,50,35,1,1.0,0.028571,0.055556,0.0,0.3737,0.6599,4.9158
"D=1, white",D10_white,BuishandRange,1001,100,35,1,1.0,0.028571,0.055556,0.0,0.4063,0.9317,4.9158
"D=1, white",D10_white,BuishandRange,1002,25,43,1,1.0,0.023256,0.045455,1.0,0.3726,0.4043,4.7492
"D=1, white",D10_white,BuishandRange,1002,50,43,1,1.0,0.023256,0.045455,1.0,0.3309,0.629,4.7492
"D=1, white",D10_white,BuishandRange,1002,100,43,1,1.0,0.023256,0.045455,1.0,0.3509,0.9345,4.7492
"D=1, white",D10_white,BuishandRange,1003,25,43,1,1.0,0.023256,0.045455,12.0,0.6844,0.6564,4.8192
"D=1, white",D10_white,BuishandRange,1003,50,43,1,1.0,0.023256,0.045455,12.0,0.7747,0.8904,4.8192
"D=1, white",D10_white,BuishandRange,1003,100,43,1,1.0,0.023256,0.045455,12.0,0.8394,0.9761,4.8192
"D=1, white",D10_white,BuishandRange,1004,25,45,1,1.0,0.022222,0.043478,0.0,0.4492,0.5094,5.0797
"D=1, white",D10_white,BuishandRange,1004,50,45,1,1.0,0.022222,0.043478,0.0,0.4516,0.7246,5.0797
"D=1, white",D10_white,BuishandRange,1004,100,45,1,1.0,0.022222,0.043478,0.0,0.4861,0.9021,5.0797
"D=1, white",D10_white,BuishandRange,1005,25,37,1,1.0,0.027027,0.052632,2.0,0.4961,0.4956,4.9168
"D=1, white",D10_white,BuishandRange,1005,50,37,1,1.0,0.027027,0.052632,2.0,0.5229,0.7858,4.9168
"D=1, white",D10_white,BuishandRange,1005,100,37,1,1.0,0.027027,0.052632,2.0,0.5529,0.9435,4.9168
"D=1, white",D10_white,BuishandRange,1006,25,39,1,1.0,0.025641,0.05,1.0,0.5187,0.4731,5.0926
"D=1, white",D10_white,BuishandRange,1006,50,39,1,1.0,0.025641,0.05,1.0,0.4939,0.6669,5.0926
"D=1, white",D10_white,BuishandRange,1006,100,39,1,1.0,0.025641,0.05,1.0,0.165,0.867,5.0926
"D=1, white",D10_white,BuishandRange,1007,25,21,1,1.0,0.047619,0.090909,2.0,0.3864,0.2802,5.9671
"D=1, white",D10_white,BuishandRange,1007,50,21,1,1.0,0.047619,0.090909,2.0,0.3887,0.4308,5.9671
"D=1, white",D10_white,BuishandRange,1007,100,21,1,1.0,0.047619,0.090909,2.0,0.3805,0.6276,5.9671
"D=1, white",D10_white,BuishandRange,1008,25,57,1,1.0,0.017544,0.034483,6.0,0.4155,0.5989,7.4988
"D=1, white",D10_white,BuishandRange,1008,50,57,1,1.0,0.017544,0.034483,6.0,0.2881,0.8044,7.4988
"D=1, white",D10_white,BuishandRange,1008,100,57,1,1.0,0.017544,0.034483,6.0,0.2014,0.9673,7.4988
"D=1, white",D10_white,BuishandRange,1009,25,45,1,1.0,0.022222,0.043478,2.0,0.3967,0.4634,7.0283
"D=1, white",D10_white,BuishandRange,1009,50,45,1,1.0,0.022222,0.043478,2.0,0.4318,0.7098,7.0283
"D=1, white",D10_white,BuishandRange,1009,100,45,1,1.0,0.022222,0.043478,2.0,0.6301,0.9839,7.0283
"D=1, white",D10_white,BuishandRange,1010,25,37,1,1.0,0.027027,0.052632,1.0,0.6248,0.598,7.9648
"D=1, white",D10_white,BuishandRange,1010,50,37,1,1.0,0.027027,0.052632,1.0,0.6783,0.8049,7.9648
"D=1, white",D10_white,BuishandRange,1010,100,37,1,1.0,0.027027,0.052632,1.0,0.6473,0.9001,7.9648
"D=1, white",D10_white,BuishandRange,1011,25,43,1,1.0,0.023256,0.045455,1.0,0.3563,0.4343,7.119
"D=1, white",D10_white,BuishandRange,1011,50,43,1,1.0,0.023256,0.045455,1.0,0.2795,0.6076,7.119
"D=1, white",D10_white,BuishandRange,1011,100,43,1,1.0,0.023256,0.045455,1.0,0.1443,0.7979,7.119
"D=1, white",D10_white,BuishandRange,1012,25,41,1,1.0,0.02439,0.047619,1.0,0.5763,0.5304,7.1014
"D=1, white",D10_white,BuishandRange,1012,50,41,1,1.0,0.02439,0.047619,1.0,0.695,0.7979,7.1014
"D=1, white",D10_white,BuishandRange,1012,100,41,1,1.0,0.02439,0.047619,1.0,0.87,0.9746,7.1014
"D=1, white",D10_white,BuishandRange,1013,25,49,1,1.0,0.020408,0.04,0.0,0.5229,0.5334,6.5869
"D=1, white",D10_white,BuishandRange,1013,50,49,1,1.0,0.020408,0.04,0.0,0.6303,0.7735,6.5869
"D=1, white",D10_white,BuishandRange,1013,100,49,1,1.0,0.020408,0.04,0.0,0.8455,0.9744,6.5869
"D=1, white",D10_white,BuishandRange,1014,25,35,1,1.0,0.028571,0.055556,1.0,0.5145,0.4722,5.7125
"D=1, white",D10_white,BuishandRange,1014,50,35,1,1.0,0.028571,0.055556,1.0,0.5149,0.6916,5.7125
"D=1, white",D10_white,BuishandRange,1014,100,35,1,1.0,0.028571,0.055556,1.0,0.6816,0.9553,5.7125
"D=1, white",D10_white,BuishandRange,1015,25,47,1,1.0,0.021277,0.041667,5.0,0.5043,0.5205,5.1373
"D=1, white",D10_white,BuishandRange,1015,50,47,1,1.0,0.021277,0.041667,5.0,0.516,0.811,5.1373
"D=1, white",D10_white,BuishandRange,1015,100,47,1,1.0,0.021277,0.041667,5.0,0.3362,0.9984,5.1373
"D=1, white",D10_white,BuishandRange,1016,25,33,1,1.0,0.030303,0.058824,1.0,0.5646,0.5799,4.9292
"D=1, white",D10_white,BuishandRange,1016,50,33,1,1.0,0.030303,0.058824,1.0,0.5173,0.7111,4.9292
"D=1, white",D10_white,BuishandRange,1016,100,33,1,1.0,0.030303,0.058824,1.0,0.4663,0.8106,4.9292
"D=1, white",D10_white,BuishandRange,1017,25,43,1,1.0,0.023256,0.045455,1.0,0.5508,0.5758,4.6496
"D=1, white",D10_white,BuishandRange,1017,50,43,1,1.0,0.023256,0.045455,1.0,0.519,0.7585,4.6496
"D=1, white",D10_white,BuishandRange,1017,100,43,1,1.0,0.023256,0.045455,1.0,0.3979,0.8783,4.6496
"D=1, white",D10_white,BuishandRange,1018,25,49,1,1.0,0.020408,0.04,0.0,0.4566,0.5397,5.1729
"D=1, white",D10_white,BuishandRange,1018,50,49,1,1.0,0.020408,0.04,0.0,0.4184,0.7794,5.1729
"D=1, white",D10_white,BuishandRange,1018,100,49,1,1.0,0.020408,0.04,0.0,0.1276,0.9319,5.1729
"D=1, white",D10_white,BuishandRange,1019,25,47,1,1.0,0.021277,0.041667,0.0,0.4923,0.58,5.6565
"D=1, white",D10_white,BuishandRange,1019,50,47,1,1.0,0.021277,0.041667,0.0,0.4747,0.7691,5.6565
"D=1, white",D10_white,BuishandRange,1019,100,47,1,1.0,0.021277,0.041667,0.0,0.4786,0.9599,5.6565
"D=1, white",D10_white,BuishandRange,1020,25,41,1,1.0,0.02439,0.047619,0.0,0.3904,0.4439,5.6315
"D=1, white",D10_white,BuishandRange,1020,50,41,1,1.0,0.02439,0.047619,0.0,0.4195,0.6906,5.6315
"D=1, white",D10_white,BuishandRange,1020,100,41,1,1.0,0.02439,0.047619,0.0,0.308,0.9413,5.6315
"D=1, white",D10_white,BuishandRange,1021,25,37,1,1.0,0.027027,0.052632,0.0,0.6615,0.6258,7.7027
"D=1, white",D10_white,BuishandRange,1021,50,37,1,1.0,0.027027,0.052632,0.0,0.6932,0.8719,7.7027
"D=1, white",D10_white,BuishandRange,1021,100,37,1,1.0,0.027027,0.052632,0.0,0.7874,0.9814,7.7027
"D=1, white",D10_white,BuishandRange,1022,25,40,1,1.0,0.025,0.04878,0.0,0.4658,0.4911,5.4394
"D=1, white",D10_white,BuishandRange,1022,50,40,1,1.0,0.025,0.04878,0.0,0.4451,0.7701,5.4394
"D=1, white",D10_white,BuishandRange,1022,100,40,1,1.0,0.025,0.04878,0.0,0.364,0.9244,5.4394
"D=1, white",D10_white,BuishandRange,1023,25,37,1,1.0,0.027027,0.052632,2.0,0.5163,0.4446,4.6066
"D=1, white",D10_white,BuishandRange,1023,50,37,1,1.0,0.027027,0.052632,2.0,0.5206,0.7064,4.6066
"D=1, white",D10_white,BuishandRange,1023,100,37,1,1.0,0.027027,0.052632,2.0,0.5132,0.9477,4.6066
"D=1, white",D10_white,BuishandRange,1024,25,45,1,1.0,0.022222,0.043478,2.0,0.4921,0.5441,4.3735
"D=1, white",D10_white,BuishandRange,1024,50,45,1,1.0,0.022222,0.043478,2.0,0.4786,0.7747,4.3735
"D=1, white",D10_white,BuishandRange,1024,100,45,1,1.0,0.022222,0.043478,2.0,0.9889,0.9998,4.3735
"D=1, white",D10_white,BuishandRange,1025,25,29,1,1.0,0.034483,0.066667,1.0,0.4769,0.4311,4.3709
"D=1, white",D10_white,BuishandRange,1025,50,29,1,1.0,0.034483,0.066667,1.0,0.4562,0.6554,4.3709
"D=1, white",D10_white,BuishandRange,1025,100,29,1,1.0,0.034483,0.066667,1.0,0.4387,0.8563,4.3709
"D=1, white",D10_white,BuishandRange,1026,25,41,1,1.0,0.02439,0.047619,2.0,0.4401,0.49,4.9971
"D=1, white",D10_white,BuishandRange,1026,50,41,1,1.0,0.02439,0.047619,2.0,0.4262,0.7077,4.9971
"D=1, white",D10_white,BuishandRange,1026,100,41,1,1.0,0.02439,0.047619,2.0,0.4704,0.9153,4.9971
"D=1, white",D10_white,BuishandRange,1027,25,27,1,1.0,0.037037,0.071429,1.0,0.4241,0.3527,4.9825
"D=1, white",D10_white,BuishandRange,1027,50,27,1,1.0,0.037037,0.071429,1.0,0.4398,0.5453,4.9825
"D=1, white",D10_white,BuishandRange,1027,100,27,1,1.0,0.037037,0.071429,1.0,0.5447,0.8329,4.9825
"D=1, white",D10_white,BuishandRange,1028,25,45,1,1.0,0.022222,0.043478,3.0,0.4622,0.4662,4.2947
"D=1, white",D10_white,BuishandRange,1028,50,45,1,1.0,0.022222,0.043478,3.0,0.4731,0.702,4.2947
"D=1, white",D10_white,BuishandRange,1028,100,45,1,1.0,0.022222,0.043478,3.0,0.4406,0.8979,4.2947
"D=1, white",D10_white,BuishandRange,1029,25,29,1,1.0,0.034483,0.066667,3.0,0.4958,0.5276,4.3126
"D=1, white",D10_white,BuishandRange,1029,50,29,1,1.0,0.034483,0.066667,3.0,0.4004,0.6571,4.3126
"D=1, white",D10_white,BuishandRange,1029,100,29,1,1.0,0.034483,0.066667,3.0,0.3488,0.8468,4.3126
"D=1, white",D10_white,BuishandRange,1030,25,47,1,1.0,0.021277,0.041667,3.0,0.4681,0.5974,4.2869
"D=1, white",D10_white,BuishandRange,1030,50,47,1,1.0,0.021277,0.041667,3.0,0.4387,0.7871,4.2869
"D=1, white",D10_white,BuishandRange,1030,100,47,1,1.0,0.021277,0.041667,3.0,0.5135,0.9769,4.2869
"D=1, white",D10_white,BuishandRange,1031,25,45,1,1.0,0.022222,0.043478,0.0,0.585,0.7067,4.3459
"D=1, white",D10_white,BuishandRange,1031,50,45,1,1.0,0.022222,0.043478,0.0,0.5738,0.8635,4.3459
"D=1, white",D10_white,BuishandRange,1031,100,45,1,1.0,0.022222,0.043478,0.0,0.6595,0.9854,4.3459
"D=1, white",D10_white,BuishandRange,1032,25,39,1,1.0,0.025641,0.05,2.0,0.6319,0.6087,4.3399
"D=1, white",D10_white,BuishandRange,1032,50,39,1,1.0,0.025641,0.05,2.0,0.6923,0.8494,4.3399
"D=1, white",D10_white,BuishandRange,1032,100,39,1,1.0,0.025641,0.05,2.0,0.6311,0.9432,4.3399
"D=1, white",D10_white,BuishandRange,1033,25,39,1,1.0,0.025641,0.05,4.0,0.541,0.5151,4.1772
"D=1, white",D10_white,BuishandRange,1033,50,39,1,1.0,0.025641,0.05,4.0,0.5526,0.8049,4.1772
"D=1, white",D10_white,BuishandRange,1033,100,39,1,1.0,0.025641,0.05,4.0,0.7015,0.9915,4.1772
"D=1, white",D10_white,BuishandRange,1034,25,47,1,1.0,0.021277,0.041667,1.0,0.574,0.6349,4.59
"D=1, white",D10_white,BuishandRange,1034,50,47,1,1.0,0.021277,0.041667,1.0,0.6051,0.8137,4.59
"D=1, white",D10_white,BuishandRange,1034,100,47,1,1.0,0.021277,0.041667,1.0,0.7307,0.9341,4.59
"D=1, white",D10_white,BuishandRange,1035,25,39,1,1.0,0.025641,0.05,2.0,0.4218,0.4383,4.1366
"D=1, white",D10_white,BuishandRange,1035,50,39,1,1.0,0.025641,0.05,2.0,0.385,0.6913,4.1366
"D=1, white",D10_white,BuishandRange,1035,100,39,1,1.0,0.025641,0.05,2.0,0.3899,0.915,4.1366
"D=1, white",D10_white,BuishandRange,1036,25,33,1,1.0,0.030303,0.058824,1.0,0.5889,0.5453,4.35
"D=1, white",D10_white,BuishandRange,1036,50,33,1,1.0,0.030303,0.058824,1.0,0.6033,0.7018,4.35
"D=1, white",D10_white,BuishandRange,1036,100,33,1,1.0,0.030303,0.058824,1.0,0.588,0.8623,4.35
"D=1, white",D10_white,BuishandRange,1037,25,43,1,1.0,0.023256,0.045455,1.0,0.5639,0.6192,4.2851
"D=1, white",D10_white,BuishandRange,1037,50,43,1,1.0,0.023256,0.045455,1.0,0.5177,0.8105,4.2851
"D=1, white",D10_white,BuishandRange,1037,100,43,1,1.0,0.023256,0.045455,1.0,0.2581,0.9317,4.2851
"D=1, white",D10_white,BuishandRange,1038,25,49,1,1.0,0.020408,0.04,2.0,0.5835,0.6638,4.2168
"D=1, white",D10_white,BuishandRange,1038,50,49,1,1.0,0.020408,0.04,2.0,0.6222,0.9071,4.2168
"D=1, white",D10_white,BuishandRange,1038,100,49,1,1.0,0.020408,0.04,2.0,0.645,0.9939,4.2168
"D=1, white",D10_white,BuishandRange,1039,25,41,1,1.0,0.02439,0.047619,1.0,0.5765,0.5077,4.2127
"D=1, white",D10_white,BuishandRange,1039,50,41,1,1.0,0.02439,0.047619,1.0,0.6399,0.7554,4.2127
"D=1, white",D10_white,BuishandRange,1039,100,41,1,1.0,0.02439,0.047619,1.0,0.7192,0.9374,4.2127
"D=1, white",D10_white,BuishandRange,1040,25,39,1,1.0,0.025641,0.05,3.0,0.5342,0.4727,4.4761
"D=1, white",D10_white,BuishandRange,1040,50,39,1,1.0,0.025641,0.05,3.0,0.5377,0.6742,4.4761
"D=1, white",D10_white,BuishandRange,1040,100,39,1,1.0,0.025641,0.05,3.0,0.4864,0.8824,4.4761
"D=1, white",D10_white,BuishandRange,1041,25,47,1,1.0,0.021277,0.041667,1.0,0.4646,0.5018,4.3374
"D=1, white",D10_white,BuishandRange,1041,50,47,1,1.0,0.021277,0.041667,1.0,0.4738,0.7735,4.3374
"D=1, white",D10_white,BuishandRange,1041,100,47,1,1.0,0.021277,0.041667,1.0,0.147,0.9272,4.3374
"D=1, white",D10_white,BuishandRange,1042,25,43,1,1.0,0.023256,0.045455,1.0,0.5515,0.5667,4.2982
"D=1, white",D10_white,BuishandRange,1042,50,43,1,1.0,0.023256,0.045455,1.0,0.5668,0.7557,4.2982
"D=1, white",D10_white,BuishandRange,1042,100,43,1,1.0,0.023256,0.045455,1.0,0.5515,0.9169,4.2982
"D=1, white",D10_white,BuishandRange,1043,25,39,1,1.0,0.025641,0.05,0.0,0.5669,0.5917,4.3097
"D=1, white",D10_white,BuishandRange,1043,50,39,1,1.0,0.025641,0.05,0.0,0.5916,0.7635,4.3097
"D=1, white",D10_white,BuishandRange,1043,100,39,1,1.0,0.025641,0.05,0.0,0.6555,0.939,4.3097
"D=1, white",D10_white,BuishandRange,1044,25,36,1,1.0,0.027778,0.054054,6.0,0.3488,0.3942,4.3507
"D=1, white",D10_white,BuishandRange,1044,50,36,1,1.0,0.027778,0.054054,6.0,0.3226,0.6419,4.3507
"D=1, white",D10_white,BuishandRange,1044,100,36,1,1.0,0.027778,0.054054,6.0,0.4108,0.9399,4.3507
"D=1, white",D10_white,BuishandRange,1045,25,51,1,1.0,0.019608,0.038462,1.0,0.3606,0.4946,4.3119
"D=1, white",D10_white,BuishandRange,1045,50,51,1,1.0,0.019608,0.038462,1.0,0.2593,0.6811,4.3119
"D=1, white",D10_white,BuishandRange,1045,100,51,1,1.0,0.019608,0.038462,1.0,0.0509,0.796,4.3119
"D=1, white",D10_white,BuishandRange,1046,25,55,1,1.0,0.018182,0.035714,2.0,0.3888,0.5228,4.1956
"D=1, white",D10_white,BuishandRange,1046,50,55,1,1.0,0.018182,0.035714,2.0,0.3266,0.7441,4.1956
"D=1, white",D10_white,BuishandRange,1046,100,55,1,1.0,0.018182,0.035714,2.0,0.1487,0.8829,4.1956
"D=1, white",D10_white,BuishandRange,1047,25,43,1,1.0,0.023256,0.045455,0.0,0.5801,0.5688,4.4549
"D=1, white",D10_white,BuishandRange,1047,50,43,1,1.0,0.023256,0.045455,0.0,0.5625,0.7514,4.4549
"D=1, white",D10_white,BuishandRange,1047,100,43,1,1.0,0.023256,0.045455,0.0,0.762,0.9685,4.4549
"D=1, white",D10_white,BuishandRange,1048,25,51,1,1.0,0.019608,0.038462,2.0,0.5333,0.6448,4.3639
"D=1, white",D10_white,BuishandRange,1048,50,51,1,1.0,0.019608,0.038462,2.0,0.5145,0.7465,4.3639
"D=1, white",D10_white,BuishandRange,1048,100,51,1,1.0,0.019608,0.038462,2.0,0.4547,0.8485,4.3639
"D=1, white",D10_white,BuishandRange,1049,25,33,1,1.0,0.030303,0.058824,2.0,0.4349,0.3983,4.1889
"D=1, white",D10_white,BuishandRange,1049,50,33,1,1.0,0.030303,0.058824,2.0,0.3939,0.5952,4.1889
"D=1, white",D10_white,BuishandRange,1049,100,33,1,1.0,0.030303,0.058824,2.0,0.3314,0.8135,4.1889
"D=1, pink",D10_pink,BuishandRange,1000,25,192,1,1.0,0.005208,0.010363,0.0,0.4672,0.766,4.2164
"D=1, pink",D10_pink,BuishandRange,1000,50,192,1,1.0,0.005208,0.010363,0.0,0.6034,0.9666,4.2164
"D=1, pink",D10_pink,BuishandRange,1000,100,192,1,1.0,0.005208,0.010363,0.0,,,4.2164
"D=1, pink",D10_pink,BuishandRange,1001,25,199,1,1.0,0.005025,0.01,0.0,0.5044,0.7261,3.8934
"D=1, pink",D10_pink,BuishandRange,1001,50,199,1,1.0,0.005025,0.01,0.0,0.475,0.874,3.8934
"D=1, pink",D10_pink,BuishandRange,1001,100,199,1,1.0,0.005025,0.01,0.0,,,3.8934
"D=1, pink",D10_pink,BuishandRange,1002,25,205,1,1.0,0.004878,0.009709,0.0,0.4021,0.8339,3.8934
"D=1, pink",D10_pink,BuishandRange,1002,50,205,1,1.0,0.004878,0.009709,0.0,0.3078,0.9361,3.8934
"D=1, pink",D10_pink,BuishandRange,1002,100,205,1,1.0,0.004878,0.009709,0.0,,,3.8934
"D=1, pink",D10_pink,BuishandRange,1003,25,186,1,1.0,0.005376,0.010695,0.0,0.5376,0.8691,5.0086
"D=1, pink",D10_pink,BuishandRange,1003,50,186,1,1.0,0.005376,0.010695,0.0,0.8158,0.9989,5.0086
"D=1, pink",D10_pink,BuishandRange,1003,100,186,1,1.0,0.005376,0.010695,0.0,,,5.0086
"D=1, pink",D10_pink,BuishandRange,1004,25,198,1,1.0,0.005051,0.01005,0.0,0.5284,0.8249,4.7719
"D=1, pink",D10_pink,BuishandRange,1004,50,198,1,1.0,0.005051,0.01005,0.0,0.5559,0.9549,4.7719
"D=1, pink",D10_pink,BuishandRange,1004,100,198,1,1.0,0.005051,0.01005,0.0,,,4.7719
"D=1, pink",D10_pink,BuishandRange,1005,25,179,1,1.0,0.005587,0.011111,1.0,0.5091,0.8872,4.6765
"D=1, pink",D10_pink,BuishandRange,1005,50,179,1,1.0,0.005587,0.011111,1.0,0.5305,0.9836,4.6765
"D=1, pink",D10_pink,BuishandRange,1005,100,179,1,1.0,0.005587,0.011111,1.0,,,4.6765
"D=1, pink",D10_pink,BuishandRange,1006,25,193,1,1.0,0.005181,0.010309,2.0,0.4594,0.8107,4.7715
"D=1, pink",D10_pink,BuishandRange,1006,50,193,1,1.0,0.005181,0.010309,2.0,0.3803,0.9554,4.7715
"D=1, pink",D10_pink,BuishandRange,1006,100,193,1,1.0,0.005181,0.010309,2.0,,,4.7715
"D=1, pink",D10_pink,BuishandRange,1007,25,167,1,1.0,0.005988,0.011905,0.0,0.5125,0.8964,4.7316
"D=1, pink",D10_pink,BuishandRange,1007,50,167,1,1.0,0.005988,0.011905,0.0,0.4393,0.9661,4.7316
"D=1, pink",D10_pink,BuishandRange,1007,100,167,1,1.0,0.005988,0.011905,0.0,,,4.7316
"D=1, pink",D10_pink,BuishandRange,1008,25,211,1,1.0,0.004739,0.009434,2.0,0.4402,0.7496,4.5343
"D=1, pink",D10_pink,BuishandRange,1008,50,211,1,1.0,0.004739,0.009434,2.0,0.4396,0.8833,4.5343
"D=1, pink",D10_pink,BuishandRange,1008,100,211,1,1.0,0.004739,0.009434,2.0,0.4877,0.9805,4.5343
"D=1, pink",D10_pink,BuishandRange,1009,25,178,1,1.0,0.005618,0.011173,1.0,0.4942,0.872,4.656
"D=1, pink",D10_pink,BuishandRange,1009,50,178,1,1.0,0.005618,0.011173,1.0,0.5124,0.9595,4.656
"D=1, pink",D10_pink,BuishandRange,1009,100,178,1,1.0,0.005618,0.011173,1.0,,,4.656
"D=1, pink",D10_pink,BuishandRange,1010,25,182,1,1.0,0.005495,0.010929,1.0,0.5692,0.7954,5.0288
"D=1, pink",D10_pink,BuishandRange,1010,50,182,1,1.0,0.005495,0.010929,1.0,0.7762,0.9672,5.0288
"D=1, pink",D10_pink,BuishandRange,1010,100,182,1,1.0,0.005495,0.010929,1.0,,,5.0288
"D=1, pink",D10_pink,BuishandRange,1011,25,176,1,1.0,0.005682,0.011299,0.0,0.3986,0.7805,4.522
"D=1, pink",D10_pink,BuishandRange,1011,50,176,1,1.0,0.005682,0.011299,0.0,0.2286,0.9372,4.522
"D=1, pink",D10_pink,BuishandRange,1011,100,176,1,1.0,0.005682,0.011299,0.0,,,4.522
"D=1, pink",D10_pink,BuishandRange,1012,25,207,1,1.0,0.004831,0.009615,0.0,0.5736,0.8471,4.779
"D=1, pink",D10_pink,BuishandRange,1012,50,207,1,1.0,0.004831,0.009615,0.0,0.6961,0.9822,4.779
"D=1, pink",D10_pink,BuishandRange,1012,100,207,1,1.0,0.004831,0.009615,0.0,,,4.779
"D=1, pink",D10_pink,BuishandRange,1013,25,172,1,1.0,0.005814,0.011561,13.0,0.4184,0.8141,4.6511
"D=1, pink",D10_pink,BuishandRange,1013,50,172,1,1.0,0.005814,0.011561,13.0,0.3638,0.9604,4.6511
"D=1, pink",D10_pink,BuishandRange,1013,100,172,1,1.0,0.005814,0.011561,13.0,,,4.6511
"D=1, pink",D10_pink,BuishandRange,1014,25,184,1,1.0,0.005435,0.010811,0.0,0.483,0.6962,4.5514
"D=1, pink",D10_pink,BuishandRange,1014,50,184,1,1.0,0.005435,0.010811,0.0,0.5597,0.9336,4.5514
"D=1, pink",D10_pink,BuishandRange,1014,100,184,1,1.0,0.005435,0.010811,0.0,,,4.5514
"D=1, pink",D10_pink,BuishandRange,1015,25,169,1,1.0,0.005917,0.011765,0.0,0.4865,0.8308,4.4712
"D=1, pink",D10_pink,BuishandRange,1015,50,169,1,1.0,0.005917,0.011765,0.0,0.4429,0.948,4.4712
"D=1, pink",D10_pink,BuishandRange,1015,100,169,1,1.0,0.005917,0.011765,0.0,,,4.4712
"D=1, pink",D10_pink,BuishandRange,1016,25,181,1,1.0,0.005525,0.010989,1.0,0.3833,0.8122,4.8096
"D=1, pink",D10_pink,BuishandRange,1016,50,181,1,1.0,0.005525,0.010989,1.0,0.3351,0.9508,4.8096
"D=1, pink",D10_pink,BuishandRange,1016,100,181,1,1.0,0.005525,0.010989,1.0,,,4.8096
"D=1, pink",D10_pink,BuishandRange,1017,25,175,1,1.0,0.005714,0.011364,1.0,0.3572,0.8645,5.4527
"D=1, pink",D10_pink,BuishandRange,1017,50,175,1,1.0,0.005714,0.011364,1.0,,,5.4527
"D=1, pink",D10_pink,BuishandRange,1017,100,175,1,1.0,0.005714,0.011364,1.0,,,5.4527
"D=1, pink",D10_pink,BuishandRange,1018,25,197,1,1.0,0.005076,0.010101,2.0,0.437,0.8331,4.8797
"D=1, pink",D10_pink,BuishandRange,1018,50,197,1,1.0,0.005076,0.010101,2.0,0.1172,0.8861,4.8797
"D=1, pink",D10_pink,BuishandRange,1018,100,197,1,1.0,0.005076,0.010101,2.0,0.091,0.9264,4.8797
"D=1, pink",D10_pink,BuishandRange,1019,25,188,1,1.0,0.005319,0.010582,1.0,0.5583,0.8941,4.615
"D=1, pink",D10_pink,BuishandRange,1019,50,188,1,1.0,0.005319,0.010582,1.0,0.7303,0.9852,4.615
"D=1, pink",D10_pink,BuishandRange,1019,100,188,1,1.0,0.005319,0.010582,1.0,0.862,0.9997,4.615
"D=1, pink",D10_pink,BuishandRange,1020,25,177,1,1.0,0.00565,0.011236,0.0,0.4604,0.8128,4.3743
"D=1, pink",D10_pink,BuishandRange,1020,50,177,1,1.0,0.00565,0.011236,0.0,0.4109,0.958,4.3743
"D=1, pink",D10_pink,BuishandRange,1020,100,177,1,1.0,0.00565,0.011236,0.0,,,4.3743
"D=1, pink",D10_pink,BuishandRange,1021,25,208,1,1.0,0.004808,0.009569,1.0,0.4513,0.779,4.5514
"D=1, pink",D10_pink,BuishandRange,1021,50,208,1,1.0,0.004808,0.009569,1.0,0.4631,0.9292,4.5514
"D=1, pink",D10_pink,BuishandRange,1021,100,208,1,1.0,0.004808,0.009569,1.0,,,4.5514
"D=1, pink",D10_pink,BuishandRange,1022,25,179,1,1.0,0.005587,0.011111,1.0,0.4338,0.7752,4.6915
"D=1, pink",D10_pink,BuishandRange,1022,50,179,1,1.0,0.005587,0.011111,1.0,0.5043,0.9683,4.6915
"D=1, pink",D10_pink,BuishandRange,1022,100,179,1,1.0,0.005587,0.011111,1.0,,,4.6915
"D=1, pink",D10_pink,BuishandRange,1023,25,185,1,1.0,0.005405,0.010753,0.0,0.4626,0.7978,4.6716
"D=1, pink",D10_pink,BuishandRange,1023,50,185,1,1.0,0.005405,0.010753,0.0,0.3598,0.9222,4.6716
"D=1, pink",D10_pink,BuishandRange,1023,100,185,1,1.0,0.005405,0.010753,0.0,,,4.6716
"D=1, pink",D10_pink,BuishandRange,1024,25,192,1,1.0,0.005208,0.010363,0.0,0.5868,0.8537,4.6721
"D=1, pink",D10_pink,BuishandRange,1024,50,192,1,1.0,0.005208,0.010363,0.0,0.8166,0.9835,4.6721
"D=1, pink",D10_pink,BuishandRange,1024,100,192,1,1.0,0.005208,0.010363,0.0,0.8285,0.9975,4.6721
"D=1, pink",D10_pink,BuishandRange,1025,25,186,1,1.0,0.005376,0.010695,0.0,0.5347,0.864,5.2572
"D=1, pink",D10_pink,BuishandRange,1025,50,186,1,1.0,0.005376,0.010695,0.0,0.7208,0.9801,5.2572
"D=1, pink",D10_pink,BuishandRange,1025,100,186,1,1.0,0.005376,0.010695,0.0,,,5.2572
"D=1, pink",D10_pink,BuishandRange,1026,25,199,1,1.0,0.005025,0.01,0.0,0.4588,0.7882,6.5422
"D=1, pink",D10_pink,BuishandRange,1026,50,199,1,1.0,0.005025,0.01,0.0,0.3998,0.9049,6.5422
"D=1, pink",D10_pink,BuishandRange,1026,100,199,1,1.0,0.005025,0.01,0.0,0.2883,0.9895,6.5422
"D=1, pink",D10_pink,BuishandRange,1027,25,207,1,1.0,0.004831,0.009615,1.0,0.5172,0.8927,6.6773
"D=1, pink",D10_pink,BuishandRange,1027,50,207,1,1.0,0.004831,0.009615,1.0,0.6814,0.9898,6.6773
"D=1, pink",D10_pink,BuishandRange,1027,100,207,1,1.0,0.004831,0.009615,1.0,,,6.6773
"D=1, pink",D10_pink,BuishandRange,1028,25,225,1,1.0,0.004444,0.00885,0.0,0.5286,0.8018,8.225
"D=1, pink",D10_pink,BuishandRange,1028,50,225,1,1.0,0.004444,0.00885,0.0,0.4939,0.8684,8.225
"D=1, pink",D10_pink,BuishandRange,1028,100,225,1,1.0,0.004444,0.00885,0.0,0.3123,0.949,8.225
"D=1, pink",D10_pink,BuishandRange,1029,25,187,1,1.0,0.005348,0.010638,0.0,0.4564,0.8732,7.1825
"D=1, pink",D10_pink,BuishandRange,1029,50,187,1,1.0,0.005348,0.010638,0.0,0.2601,0.9893,7.1825
"D=1, pink",D10_pink,BuishandRange,1029,100,187,1,1.0,0.005348,0.010638,0.0,,,7.1825
"D=1, pink",D10_pink,BuishandRange,1030,25,194,1,1.0,0.005155,0.010256,1.0,0.6031,0.8942,7.344
"D=1, pink",D10_pink,BuishandRange,1030,50,194,1,1.0,0.005155,0.010256,1.0,0.9651,0.9999,7.344
"D=1, pink",D10_pink,BuishandRange,1030,100,194,1,1.0,0.005155,0.010256,1.0,,,7.344
"D=1, pink",D10_pink,BuishandRange,1031,25,223,1,1.0,0.004484,0.008929,0.0,0.5554,0.93,7.3198
"D=1, pink",D10_pink,BuishandRange,1031,50,223,1,1.0,0.004484,0.008929,0.0,0.7315,0.9944,7.3198
"D=1, pink",D10_pink,BuishandRange,1031,100,223,1,1.0,0.004484,0.008929,0.0,,,7.3198
"D=1, pink",D10_pink,BuishandRange,1032,25,199,1,1.0,0.005025,0.01,1.0,0.5068,0.7812,7.7685
"D=1, pink",D10_pink,BuishandRange,1032,50,199,1,1.0,0.005025,0.01,1.0,0.7352,0.9817,7.7685
"D=1, pink",D10_pink,BuishandRange,1032,100,199,1,1.0,0.005025,0.01,1.0,0.859,0.9979,7.7685
"D=1, pink",D10_pink,BuishandRange,1033,25,173,1,1.0,0.00578,0.011494,1.0,0.4137,0.8587,6.1225
"D=1, pink",D10_pink,BuishandRange,1033,50,173,1,1.0,0.00578,0.011494,1.0,0.1771,0.9707,6.1225
"D=1, pink",D10_pink,BuishandRange,1033,100,173,1,1.0,0.00578,0.011494,1.0,,,6.1225
"D=1, pink",D10_pink,BuishandRange,1034,25,187,1,1.0,0.005348,0.010638,0.0,0.5959,0.9088,4.9741
"D=1, pink",D10_pink,BuishandRange,1034,50,187,1,1.0,0.005348,0.010638,0.0,0.6041,0.9862,4.9741
"D=1, pink",D10_pink,BuishandRange,1034,100,187,1,1.0,0.005348,0.010638,0.0,,,4.9741
"D=1, pink",D10_pink,BuishandRange,1035,25,193,1,1.0,0.005181,0.010309,0.0,0.3812,0.7966,4.3068
"D=1, pink",D10_pink,BuishandRange,1035,50,193,1,1.0,0.005181,0.010309,0.0,0.3817,0.9827,4.3068
"D=1, pink",D10_pink,BuishandRange,1035,100,193,1,1.0,0.005181,0.010309,0.0,,,4.3068
"D=1, pink",D10_pink,BuishandRange,1036,25,208,1,1.0,0.004808,0.009569,1.0,0.5222,0.8574,4.4422
"D=1, pink",D10_pink,BuishandRange,1036,50,208,1,1.0,0.004808,0.009569,1.0,0.4201,0.9634,4.4422
"D=1, pink",D10_pink,BuishandRange,1036,100,208,1,1.0,0.004808,0.009569,1.0,0.4417,0.9858,4.4422
"D=1, pink",D10_pink,BuishandRange,1037,25,172,1,1.0,0.005814,0.011561,2.0,0.5506,0.823,4.2575
"D=1, pink",D10_pink,BuishandRange,1037,50,172,1,1.0,0.005814,0.011561,2.0,0.5603,0.9573,4.2575
"D=1, pink",D10_pink,BuishandRange,1037,100,172,1,1.0,0.005814,0.011561,2.0,,,4.2575
"D=1, pink",D10_pink,BuishandRange,1038,25,184,1,1.0,0.005435,0.010811,1.0,0.4591,0.7903,3.9696
"D=1, pink",D10_pink,BuishandRange,1038,50,184,1,1.0,0.005435,0.010811,1.0,0.3444,0.9649,3.9696
"D=1, pink",D10_pink,BuishandRange,1038,100,184,1,1.0,0.005435,0.010811,1.0,,,3.9696
"D=1, pink",D10_pink,BuishandRange,1039,25,183,1,1.0,0.005464,0.01087,1.0,0.4455,0.8054,3.9991
"D=1, pink",D10_pink,BuishandRange,1039,50,183,1,1.0,0.005464,0.01087,1.0,0.3956,0.8817,3.9991
"D=1, pink",D10_pink,BuishandRange,1039,100,183,1,1.0,0.005464,0.01087,1.0,0.3818,0.9729,3.9991
"D=1, pink",D10_pink,BuishandRange,1040,25,176,1,1.0,0.005682,0.011299,1.0,0.5233,0.6672,3.7694
"D=1, pink",D10_pink,BuishandRange,1040,50,176,1,1.0,0.005682,0.011299,1.0,0.5783,0.8943,3.7694
"D=1, pink",D10_pink,BuishandRange,1040,100,176,1,1.0,0.005682,0.011299,1.0,0.8519,0.9996,3.7694
"D=1, pink",D10_pink,BuishandRange,1041,25,184,1,1.0,0.005435,0.010811,0.0,0.4654,0.7837,3.7076
"D=1, pink",D10_pink,BuishandRange,1041,50,184,1,1.0,0.005435,0.010811,0.0,0.3911,0.8582,3.7076
"D=1, pink",D10_pink,BuishandRange,1041,100,184,1,1.0,0.005435,0.010811,0.0,0.1745,0.9668,3.7076
"D=1, pink",D10_pink,BuishandRange,1042,25,190,1,1.0,0.005263,0.010471,0.0,0.3991,0.8017,3.5623
"D=1, pink",D10_pink,BuishandRange,1042,50,190,1,1.0,0.005263,0.010471,0.0,0.3584,0.913,3.5623
"D=1, pink",D10_pink,BuishandRange,1042,100,190,1,1.0,0.005263,0.010471,0.0,0.4116,0.982,3.5623
"D=1, pink",D10_pink,BuishandRange,1043,25,200,1,1.0,0.005,0.00995,0.0,0.6968,0.9172,3.9752
"D=1, pink",D10_pink,BuishandRange,1043,50,200,1,1.0,0.005,0.00995,0.0,0.937,0.9966,3.9752
"D=1, pink",D10_pink,BuishandRange,1043,100,200,1,1.0,0.005,0.00995,0.0,0.9195,1.0,3.9752
"D=1, pink",D10_pink,BuishandRange,1044,25,204,1,1.0,0.004902,0.009756,0.0,0.5112,0.8175,4.3497
"D=1, pink",D10_pink,BuishandRange,1044,50,204,1,1.0,0.004902,0.009756,0.0,0.5384,0.9092,4.3497
"D=1, pink",D10_pink,BuishandRange,1044,100,204,1,1.0,0.004902,0.009756,0.0,0.723,0.9863,4.3497
"D=1, pink",D10_pink,BuishandRange,1045,25,180,1,1.0,0.005556,0.01105,0.0,0.6697,0.885,3.99
"D=1, pink",D10_pink,BuishandRange,1045,50,180,1,1.0,0.005556,0.01105,0.0,0.8473,0.9913,3.99
"D=1, pink",D10_pink,BuishandRange,1045,100,180,1,1.0,0.005556,0.01105,0.0,0.8696,0.9963,3.99
"D=1, pink",D10_pink,BuishandRange,1046,25,215,1,1.0,0.004651,0.009259,0.0,0.5853,0.8444,3.7627
"D=1, pink",D10_pink,BuishandRange,1046,50,215,1,1.0,0.004651,0.009259,0.0,0.6295,0.9693,3.7627
"D=1, pink",D10_pink,BuishandRange,1046,100,215,1,1.0,0.004651,0.009259,0.0,,,3.7627
"D=1, pink",D10_pink,BuishandRange,1047,25,199,1,1.0,0.005025,0.01,0.0,0.4378,0.7526,3.914
"D=1, pink",D10_pink,BuishandRange,1047,50,199,1,1.0,0.005025,0.01,0.0,0.4401,0.9179,3.914
"D=1, pink",D10_pink,BuishandRange,1047,100,199,1,1.0,0.005025,0.01,0.0,,,3.914
"D=1, pink",D10_pink,BuishandRange,1048,25,215,1,1.0,0.004651,0.009259,1.0,0.6666,0.9002,3.7854
"D=1, pink",D10_pink,BuishandRange,1048,50,215,1,1.0,0.004651,0.009259,1.0,0.6444,0.9609,3.7854
"D=1, pink",D10_pink,BuishandRange,1048,100,215,1,1.0,0.004651,0.009259,1.0,,,3.7854
"D=1, pink",D10_pink,BuishandRange,1049,25,203,1,1.0,0.004926,0.009804,1.0,0.664,0.9043,4.0264
"D=1, pink",D10_pink,BuishandRange,1049,50,203,1,1.0,0.004926,0.009804,1.0,0.5932,0.9774,4.0264
"D=1, pink",D10_pink,BuishandRange,1049,100,203,1,1.0,0.004926,0.009804,1.0,,,4.0264
"D=1.5, white",D15_white,BuishandRange,1000,25,121,1,1.0,0.008264,0.016393,1.0,0.4014,0.8017,4.2595
"D=1.5, white",D15_white,BuishandRange,1000,50,121,1,1.0,0.008264,0.016393,1.0,0.2903,0.9316,4.2595
"D=1.5, white",D15_white,BuishandRange,1000,100,121,1,1.0,0.008264,0.016393,1.0,,,4.2595
"D=1.5, white",D15_white,BuishandRange,1001,25,116,1,1.0,0.008621,0.017094,0.0,0.5057,0.8545,4.0686
"D=1.5, white",D15_white,BuishandRange,1001,50,116,1,1.0,0.008621,0.017094,0.0,0.0807,0.9852,4.0686
"D=1.5, white",D15_white,BuishandRange,1001,100,116,1,1.0,0.008621,0.017094,0.0,,,4.0686
"D=1.5, white",D15_white,BuishandRange,1002,25,106,1,1.0,0.009434,0.018692,1.0,0.5023,0.8864,3.4074
"D=1.5, white",D15_white,BuishandRange,1002,50,106,1,1.0,0.009434,0.018692,1.0,0.4641,0.9805,3.4074
"D=1.5, white",D15_white,BuishandRange,1002,100,106,1,1.0,0.009434,0.018692,1.0,,,3.4074
"D=1.5, white",D15_white,BuishandRange,1003,25,107,1,1.0,0.009346,0.018519,7.0,0.5415,0.8933,4.1633
"D=1.5, white",D15_white,BuishandRange,1003,50,107,1,1.0,0.009346,0.018519,7.0,0.5867,0.9931,4.1633
"D=1.5, white",D15_white,BuishandRange,1003,100,107,1,1.0,0.009346,0.018519,7.0,,,4.1633
"D=1.5, white",D15_white,BuishandRange,1004,25,133,1,1.0,0.007519,0.014925,2.0,0.4303,0.9132,3.7104
"D=1.5, white",D15_white,BuishandRange,1004,50,133,1,1.0,0.007519,0.014925,2.0,,,3.7104
"D=1.5, white",D15_white,BuishandRange,1004,100,133,1,1.0,0.007519,0.014925,2.0,,,3.7104
"D=1.5, white",D15_white,BuishandRange,1005,25,93,1,1.0,0.010753,0.021277,0.0,0.5247,0.8385,3.1228
"D=1.5, white",D15_white,BuishandRange,1005,50,93,1,1.0,0.010753,0.021277,0.0,0.6605,0.994,3.1228
"D=1.5, white",D15_white,BuishandRange,1005,100,93,1,1.0,0.010753,0.021277,0.0,,,3.1228
"D=1.5, white",D15_white,BuishandRange,1006,25,121,1,1.0,0.008264,0.016393,1.0,0.5406,0.8714,3.0701
"D=1.5, white",D15_white,BuishandRange,1006,50,121,1,1.0,0.008264,0.016393,1.0,0.5262,0.993,3.0701
"D=1.5, white",D15_white,BuishandRange,1006,100,121,1,1.0,0.008264,0.016393,1.0,,,3.0701
"D=1.5, white",D15_white,BuishandRange,1007,25,102,1,1.0,0.009804,0.019417,0.0,0.357,0.7562,3.1892
"D=1.5, white",D15_white,BuishandRange,1007,50,102,1,1.0,0.009804,0.019417,0.0,0.2128,0.9753,3.1892
"D=1.5, white",D15_white,BuishandRange,1007,100,102,1,1.0,0.009804,0.019417,0.0,,,3.1892
"D=1.5, white",D15_white,BuishandRange,1008,25,117,1,1.0,0.008547,0.016949,1.0,0.3512,0.8028,3.2913
"D=1.5, white",D15_white,BuishandRange,1008,50,117,1,1.0,0.008547,0.016949,1.0,0.2779,0.9095,3.2913
"D=1.5, white",D15_white,BuishandRange,1008,100,117,1,1.0,0.008547,0.016949,1.0,0.2318,0.9834,3.2913
"D=1.5, white",D15_white,BuishandRange,1009,25,112,1,1.0,0.008929,0.017699,7.0,0.574,0.9261,3.0698
"D=1.5, white",D15_white,BuishandRange,1009,50,112,1,1.0,0.008929,0.017699,7.0,0.6315,0.988,3.0698
"D=1.5, white",D15_white,BuishandRange,1009,100,112,1,1.0,0.008929,0.017699,7.0,,,3.0698
"D=1.5, white",D15_white,BuishandRange,1010,25,123,1,1.0,0.00813,0.016129,0.0,0.7135,0.9286,3.5136
"D=1.5, white",D15_white,BuishandRange,1010,50,123,1,1.0,0.00813,0.016129,0.0,0.8355,0.9939,3.5136
"D=1.5, white",D15_white,BuishandRange,1010,100,123,1,1.0,0.00813,0.016129,0.0,,,3.5136
"D=1.5, white",D15_white,BuishandRange,1011,25,121,1,1.0,0.008264,0.016393,0.0,0.5501,0.8944,3.128
"D=1.5, white",D15_white,BuishandRange,1011,50,121,1,1.0,0.008264,0.016393,0.0,0.6831,0.9915,3.128
"D=1.5, white",D15_white,BuishandRange,1011,100,121,1,1.0,0.008264,0.016393,0.0,,,3.128
"D=1.5, white",D15_white,BuishandRange,1012,25,107,1,1.0,0.009346,0.018519,0.0,0.5443,0.8275,3.3981
"D=1.5, white",D15_white,BuishandRange,1012,50,107,1,1.0,0.009346,0.018519,0.0,0.6775,0.971,3.3981
"D=1.5, white",D15_white,BuishandRange,1012,100,107,1,1.0,0.009346,0.018519,0.0,,,3.3981
"D=1.5, white",D15_white,BuishandRange,1013,25,106,1,1.0,0.009434,0.018692,3.0,0.4673,0.7771,3.3051
"D=1.5, white",D15_white,BuishandRange,1013,50,106,1,1.0,0.009434,0.018692,3.0,0.4722,0.9712,3.3051
"D=1.5, white",D15_white,BuishandRange,1013,100,106,1,1.0,0.009434,0.018692,3.0,,,3.3051
"D=1.5, white",D15_white,BuishandRange,1014,25,101,1,1.0,0.009901,0.019608,0.0,0.5776,0.8674,3.2716
"D=1.5, white",D15_white,BuishandRange,1014,50,101,1,1.0,0.009901,0.019608,0.0,0.5091,0.978,3.2716
"D=1.5, white",D15_white,BuishandRange,1014,100,101,1,1.0,0.009901,0.019608,0.0,,,3.2716
"D=1.5, white",D15_white,BuishandRange,1015,25,110,1,1.0,0.009091,0.018018,0.0,0.497,0.8518,3.3106
"D=1.5, white",D15_white,BuishandRange,1015,50,110,1,1.0,0.009091,0.018018,0.0,0.7368,0.995,3.3106
"D=1.5, white",D15_white,BuishandRange,1015,100,110,1,1.0,0.009091,0.018018,0.0,,,3.3106
"D=1.5, white",D15_white,BuishandRange,1016,25,111,1,1.0,0.009009,0.017857,1.0,0.4423,0.8054,3.444
"D=1.5, white",D15_white,BuishandRange,1016,50,111,1,1.0,0.009009,0.017857,1.0,0.5104,0.9358,3.444
"D=1.5, white",D15_white,BuishandRange,1016,100,111,1,1.0,0.009009,0.017857,1.0,,,3.444
"D=1.5, white",D15_white,BuishandRange,1017,25,110,1,1.0,0.009091,0.018018,0.0,0.378,0.8482,3.3386
"D=1.5, white",D15_white,BuishandRange,1017,50,110,1,1.0,0.009091,0.018018,0.0,0.2486,0.976,3.3386
"D=1.5, white",D15_white,BuishandRange,1017,100,110,1,1.0,0.009091,0.018018,0.0,,,3.3386
"D=1.5, white",D15_white,BuishandRange,1018,25,117,1,1.0,0.008547,0.016949,1.0,0.5265,0.9073,3.0444
"D=1.5, white",D15_white,BuishandRange,1018,50,117,1,1.0,0.008547,0.016949,1.0,0.6808,0.9992,3.0444
"D=1.5, white",D15_white,BuishandRange,1018,100,117,1,1.0,0.008547,0.016949,1.0,,,3.0444
"D=1.5, white",D15_white,BuishandRange,1019,25,111,1,1.0,0.009009,0.017857,6.0,0.4461,0.7457,3.0796
"D=1.5, white",D15_white,BuishandRange,1019,50,111,1,1.0,0.009009,0.017857,6.0,0.3265,0.8989,3.0796
"D=1.5, white",D15_white,BuishandRange,1019,100,111,1,1.0,0.009009,0.017857,6.0,0.0002,0.9905,3.0796
"D=1.5, white",D15_white,BuishandRange,1020,25,119,1,1.0,0.008403,0.016667,2.0,0.4531,0.8412,3.2259
"D=1.5, white",D15_white,BuishandRange,1020,50,119,1,1.0,0.008403,0.016667,2.0,0.5577,0.9666,3.2259
"D=1.5, white",D15_white,BuishandRange,1020,100,119,1,1.0,0.008403,0.016667,2.0,,,3.2259
"D=1.5, white",D15_white,BuishandRange,1021,25,117,1,1.0,0.008547,0.016949,2.0,0.6057,0.8821,3.2222
"D=1.5, white",D15_white,BuishandRange,1021,50,117,1,1.0,0.008547,0.016949,2.0,0.681,0.9846,3.2222
"D=1.5, white",D15_white,BuishandRange,1021,100,117,1,1.0,0.008547,0.016949,2.0,,,3.2222
"D=1.5, white",D15_white,BuishandRange,1022,25,124,1,1.0,0.008065,0.016,5.0,0.5286,0.8881,3.1284
"D=1.5, white",D15_white,BuishandRange,1022,50,124,1,1.0,0.008065,0.016,5.0,0.465,0.9996,3.1284
"D=1.5, white",D15_white,BuishandRange,1022,100,124,1,1.0,0.008065,0.016,5.0,,,3.1284
"D=1.5, white",D15_white,BuishandRange,1023,25,115,1,1.0,0.008696,0.017241,0.0,0.6305,0.883,3.1336
"D=1.5, white",D15_white,BuishandRange,1023,50,115,1,1.0,0.008696,0.017241,0.0,0.5326,0.9528,3.1336
"D=1.5, white",D15_white,BuishandRange,1023,100,115,1,1.0,0.008696,0.017241,0.0,0.4336,0.9963,3.1336
"D=1.5, white",D15_white,BuishandRange,1024,25,101,1,1.0,0.009901,0.019608,0.0,0.428,0.8107,3.0421
"D=1.5, white",D15_white,BuishandRange,1024,50,101,1,1.0,0.009901,0.019608,0.0,0.4744,0.9948,3.0421
"D=1.5, white",D15_white,BuishandRange,1024,100,101,1,1.0,0.009901,0.019608,0.0,,,3.0421
"D=1.5, white",D15_white,BuishandRange,1025,25,103,1,1.0,0.009709,0.019231,0.0,0.5828,0.8662,2.9442
"D=1.5, white",D15_white,BuishandRange,1025,50,103,1,1.0,0.009709,0.019231,0.0,0.9601,0.9974,2.9442
"D=1.5, white",D15_white,BuishandRange,1025,100,103,1,1.0,0.009709,0.019231,0.0,0.9973,1.0,2.9442
"D=1.5, white",D15_white,BuishandRange,1026,25,100,1,1.0,0.01,0.019802,2.0,0.3834,0.8099,2.9571
"D=1.5, white",D15_white,BuishandRange,1026,50,100,1,1.0,0.01,0.019802,2.0,0.2867,0.9852,2.9571
"D=1.5, white",D15_white,BuishandRange,1026,100,100,1,1.0,0.01,0.019802,2.0,,,2.9571
"D=1.5, white",D15_white,BuishandRange,1027,25,106,1,1.0,0.009434,0.018692,0.0,0.474,0.8243,2.872
"D=1.5, white",D15_white,BuishandRange,1027,50,106,1,1.0,0.009434,0.018692,0.0,0.5333,0.9645,2.872
"D=1.5, white",D15_white,BuishandRange,1027,100,106,1,1.0,0.009434,0.018692,0.0,,,2.872
"D=1.5, white",D15_white,BuishandRange,1028,25,122,1,1.0,0.008197,0.01626,5.0,0.4309,0.8088,2.7974
"D=1.5, white",D15_white,BuishandRange,1028,50,122,1,1.0,0.008197,0.01626,5.0,0.4667,0.9698,2.7974
"D=1.5, white",D15_white,BuishandRange,1028,100,122,1,1.0,0.008197,0.01626,5.0,,,2.7974
"D=1.5, white",D15_white,BuishandRange,1029,25,111,1,1.0,0.009009,0.017857,10.0,0.5427,0.8667,2.9618
"D=1.5, white",D15_white,BuishandRange,1029,50,111,1,1.0,0.009009,0.017857,10.0,0.5055,0.991,2.9618
"D=1.5, white",D15_white,BuishandRange,1029,100,111,1,1.0,0.009009,0.017857,10.0,,,2.9618
"D=1.5, white",D15_white,BuishandRange,1030,25,127,1,1.0,0.007874,0.015625,0.0,0.4562,0.9135,3.4744
"D=1.5, white",D15_white,BuishandRange,1030,50,127,1,1.0,0.007874,0.015625,0.0,,,3.4744
"D=1.5, white",D15_white,BuishandRange,1030,100,127,1,1.0,0.007874,0.015625,0.0,,,3.4744
"D=1.5, white",D15_white,BuishandRange,1031,25,154,1,1.0,0.006494,0.012903,1.0,0.3287,0.9101,3.4953
"D=1.5, white",D15_white,BuishandRange,1031,50,154,1,1.0,0.006494,0.012903,1.0,,,3.4953
"D=1.5, white",D15_white,BuishandRange,1031,100,154,1,1.0,0.006494,0.012903,1.0,,,3.4953
"D=1.5, white",D15_white,BuishandRange,1032,25,112,1,1.0,0.008929,0.017699,1.0,0.4636,0.8992,3.8118
"D=1.5, white",D15_white,BuishandRange,1032,50,112,1,1.0,0.008929,0.017699,1.0,,,3.8118
"D=1.5, white",D15_white,BuishandRange,1032,100,112,1,1.0,0.008929,0.017699,1.0,,,3.8118
"D=1.5, white",D15_white,BuishandRange,1033,25,101,1,1.0,0.009901,0.019608,2.0,0.6508,0.8559,3.4147
"D=1.5, white",D15_white,BuishandRange,1033,50,101,1,1.0,0.009901,0.019608,2.0,0.7764,0.9898,3.4147
"D=1.5, white",D15_white,BuishandRange,1033,100,101,1,1.0,0.009901,0.019608,2.0,,,3.4147
"D=1.5, white",D15_white,BuishandRange,1034,25,125,1,1.0,0.008,0.015873,0.0,0.5437,0.9138,2.9395
"D=1.5, white",D15_white,BuishandRange,1034,50,125,1,1.0,0.008,0.015873,0.0,0.42,0.9829,2.9395
"D=1.5, white",D15_white,BuishandRange,1034,100,125,1,1.0,0.008,0.015873,0.0,,,2.9395
"D=1.5, white",D15_white,BuishandRange,1035,25,107,1,1.0,0.009346,0.018519,3.0,0.4221,0.8031,2.8638
"D=1.5, white",D15_white,BuishandRange,1035,50,107,1,1.0,0.009346,0.018519,3.0,0.2119,0.9915,2.8638
"D=1.5, white",D15_white,BuishandRange,1035,100,107,1,1.0,0.009346,0.018519,3.0,,,2.8638
"D=1.5, white",D15_white,BuishandRange,1036,25,116,1,1.0,0.008621,0.017094,0.0,0.6464,0.9204,2.5398
"D=1.5, white",D15_white,BuishandRange,1036,50,116,1,1.0,0.008621,0.017094,0.0,0.4567,0.9787,2.5398
"D=1.5, white",D15_white,BuishandRange,1036,100,116,1,1.0,0.008621,0.017094,0.0,,,2.5398
"D=1.5, white",D15_white,BuishandRange,1037,25,112,1,1.0,0.008929,0.017699,1.0,0.5384,0.8476,2.3491
"D=1.5, white",D15_white,BuishandRange,1037,50,112,1,1.0,0.008929,0.017699,1.0,0.8,0.9934,2.3491
"D=1.5, white",D15_white,BuishandRange,1037,100,112,1,1.0,0.008929,0.017699,1.0,,,2.3491
"D=1.5, white",D15_white,BuishandRange,1038,25,130,1,1.0,0.007692,0.015267,1.0,0.5414,0.8522,2.3278
"D=1.5, white",D15_white,BuishandRange,1038,50,130,1,1.0,0.007692,0.015267,1.0,0.8623,0.9993,2.3278
"D=1.5, white",D15_white,BuishandRange,1038,100,130,1,1.0,0.007692,0.015267,1.0,,,2.3278
"D=1.5, white",D15_white,BuishandRange,1039,25,105,1,1.0,0.009524,0.018868,11.0,0.373,0.7875,2.3213
"D=1.5, white",D15_white,BuishandRange,1039,50,105,1,1.0,0.009524,0.018868,11.0,0.4267,0.9653,2.3213
"D=1.5, white",D15_white,BuishandRange,1039,100,105,1,1.0,0.009524,0.018868,11.0,,,2.3213
"D=1.5, white",D15_white,BuishandRange,1040,25,113,1,1.0,0.00885,0.017544,0.0,0.4759,0.7847,2.3123
"D=1.5, white",D15_white,BuishandRange,1040,50,113,1,1.0,0.00885,0.017544,0.0,0.3181,0.9637,2.3123
"D=1.5, white",D15_white,BuishandRange,1040,100,113,1,1.0,0.00885,0.017544,0.0,,,2.3123
"D=1.5, white",D15_white,BuishandRange,1041,25,133,1,1.0,0.007519,0.014925,1.0,0.4334,0.8971,2.2748
"D=1.5, white",D15_white,BuishandRange,1041,50,133,1,1.0,0.007519,0.014925,1.0,0.2525,0.9886,2.2748
"D=1.5, white",D15_white,BuishandRange,1041,100,133,1,1.0,0.007519,0.014925,1.0,,,2.2748
"D=1.5, white",D15_white,BuishandRange,1042,25,127,1,1.0,0.007874,0.015625,1.0,0.3278,0.8542,2.3244
"D=1.5, white",D15_white,BuishandRange,1042,50,127,1,1.0,0.007874,0.015625,1.0,0.1349,0.9242,2.3244
"D=1.5, white",D15_white,BuishandRange,1042,100,127,1,1.0,0.007874,0.015625,1.0,,,2.3244
"D=1.5, white",D15_white,BuishandRange,1043,25,123,1,1.0,0.00813,0.016129,14.0,0.6659,0.907,2.2579
"D=1.5, white",D15_white,BuishandRange,1043,50,123,1,1.0,0.00813,0.016129,14.0,0.9759,0.9996,2.2579
"D=1.5, white",D15_white,BuishandRange,1043,100,123,1,1.0,0.00813,0.016129,14.0,,,2.2579
"D=1.5, white",D15_white,BuishandRange,1044,25,101,1,1.0,0.009901,0.019608,2.0,0.5011,0.8473,2.2986
"D=1.5, white",D15_white,BuishandRange,1044,50,101,1,1.0,0.009901,0.019608,2.0,0.3479,0.9942,2.2986
"D=1.5, white",D15_white,BuishandRange,1044,100,101,1,1.0,0.009901,0.019608,2.0,,,2.2986
"D=1.5, white",D15_white,BuishandRange,1045,25,113,1,1.0,0.00885,0.017544,0.0,0.6815,0.9044,2.3659
"D=1.5, white",D15_white,BuishandRange,1045,50,113,1,1.0,0.00885,0.017544,0.0,0.6479,0.9817,2.3659
"D=1.5, white",D15_white,BuishandRange,1045,100,113,1,1.0,0.00885,0.017544,0.0,,,2.3659
"D=1.5, white",D15_white,BuishandRange,1046,25,124,1,1.0,0.008065,0.016,0.0,0.4917,0.9229,2.2912
"D=1.5, white",D15_white,BuishandRange,1046,50,124,1,1.0,0.008065,0.016,0.0,,,2.2912
"D=1.5, white",D15_white,BuishandRange,1046,100,124,1,1.0,0.008065,0.016,0.0,,,2.2912
"D=1.5, white",D15_white,BuishandRange,1047,25,111,1,1.0,0.009009,0.017857,12.0,0.5131,0.8383,1.9607
"D=1.5, white",D15_white,BuishandRange,1047,50,111,1,1.0,0.009009,0.017857,12.0,0.5106,0.9896,1.9607
"D=1.5, white",D15_white,BuishandRange,1047,100,111,1,1.0,0.009009,0.017857,12.0,,,1.9607
"D=1.5, white",D15_white,BuishandRange,1048,25,134,1,1.0,0.007463,0.014815,1.0,0.5493,0.8857,2.2028
"D=1.5, white",D15_white,BuishandRange,1048,50,134,1,1.0,0.007463,0.014815,1.0,0.7177,0.9969,2.2028
"D=1.5, white",D15_white,BuishandRange,1048,100,134,1,1.0,0.007463,0.014815,1.0,,,2.2028
"D=1.5, white",D15_white,BuishandRange,1049,25,123,1,1.0,0.00813,0.016129,2.0,0.5438,0.9024,2.5466
"D=1.5, white",D15_white,BuishandRange,1049,50,123,1,1.0,0.00813,0.016129,2.0,0.3667,0.9754,2.5466
"D=1.5, white",D15_white,BuishandRange,1049,100,123,1,1.0,0.00813,0.016129,2.0,,,2.5466
"D=0.5, white",D05_white,BuishandLR,1000,25,5,1,1.0,0.2,0.333333,4.0,0.5922,0.3904,6.7227
"D=0.5, white",D05_white,BuishandLR,1000,50,5,1,1.0,0.2,0.333333,4.0,0.5865,0.4333,6.7227
"D=0.5, white",D05_white,BuishandLR,1000,100,5,1,1.0,0.2,0.333333,4.0,0.5935,0.526,6.7227
"D=0.5, white",D05_white,BuishandLR,1001,25,1,1,0.0,0.0,0.0,9999.0,0.8829,0.0563,7.5573
"D=0.5, white",D05_white,BuishandLR,1001,50,1,1,0.0,0.0,0.0,9999.0,0.8335,0.0736,7.5573
"D=0.5, white",D05_white,BuishandLR,1001,100,1,1,0.0,0.0,0.0,9999.0,0.8378,0.1358,7.5573
"D=0.5, white",D05_white,BuishandLR,1002,25,1,1,0.0,0.0,0.0,9999.0,0.7603,0.0322,7.3714
"D=0.5, white",D05_white,BuishandLR,1002,50,1,1,0.0,0.0,0.0,9999.0,0.7327,0.0494,7.3714
"D=0.5, white",D05_white,BuishandLR,1002,100,1,1,0.0,0.0,0.0,9999.0,0.6774,0.0743,7.3714
"D=0.5, white",D05_white,BuishandLR,1003,25,3,1,0.0,0.0,0.0,9999.0,0.4158,0.0384,7.7141
"D=0.5, white",D05_white,BuishandLR,1003,50,3,1,0.0,0.0,0.0,9999.0,0.3516,0.0627,7.7141
"D=0.5, white",D05_white,BuishandLR,1003,100,3,1,0.0,0.0,0.0,9999.0,0.3299,0.1074,7.7141
"D=0.5, white",D05_white,BuishandLR,1004,25,3,1,1.0,0.333333,0.5,0.0,0.2582,0.0284,10.9823
"D=0.5, white",D05_white,BuishandLR,1004,50,3,1,1.0,0.333333,0.5,0.0,0.2616,0.0529,10.9823
"D=0.5, white",D05_white,BuishandLR,1004,100,3,1,1.0,0.333333,0.5,0.0,0.2379,0.0991,10.9823
"D=0.5, white",D05_white,BuishandLR,1005,25,3,1,1.0,0.333333,0.5,0.0,0.6365,0.6438,7.8674
"D=0.5, white",D05_white,BuishandLR,1005,50,3,1,1.0,0.333333,0.5,0.0,0.6552,0.6718,7.8674
"D=0.5, white",D05_white,BuishandLR,1005,100,3,1,1.0,0.333333,0.5,0.0,0.6699,0.7039,7.8674
"D=0.5, white",D05_white,BuishandLR,1006,25,1,1,0.0,0.0,0.0,9999.0,0.7305,0.03,7.4566
"D=0.5, white",D05_white,BuishandLR,1006,50,1,1,0.0,0.0,0.0,9999.0,0.6417,0.0378,7.4566
"D=0.5, white",D05_white,BuishandLR,1006,100,1,1,0.0,0.0,0.0,9999.0,0.5862,0.0597,7.4566
"D=0.5, white",D05_white,BuishandLR,1007,25,1,1,0.0,0.0,0.0,9999.0,0.0355,0.0082,6.8
"D=0.5, white",D05_white,BuishandLR,1007,50,1,1,0.0,0.0,0.0,9999.0,0.0151,0.0145,6.8
"D=0.5, white",D05_white,BuishandLR,1007,100,1,1,0.0,0.0,0.0,9999.0,0.1701,0.0301,6.8
"D=0.5, white",D05_white,BuishandLR,1008,25,3,1,1.0,0.333333,0.5,2.0,0.3787,0.133,6.9806
"D=0.5, white",D05_white,BuishandLR,1008,50,3,1,1.0,0.333333,0.5,2.0,0.351,0.1515,6.9806
"D=0.5, white",D05_white,BuishandLR,1008,100,3,1,1.0,0.333333,0.5,2.0,0.3283,0.1891,6.9806
"D=0.5, white",D05_white,BuishandLR,1009,25,3,1,1.0,0.333333,0.5,0.0,0.7104,0.3305,7.5921
"D=0.5, white",D05_white,BuishandLR,1009,50,3,1,1.0,0.333333,0.5,0.0,0.7815,0.5076,7.5921
"D=0.5, white",D05_white,BuishandLR,1009,100,3,1,1.0,0.333333,0.5,0.0,0.8578,0.7506,7.5921
"D=0.5, white",D05_white,BuishandLR,1010,25,3,1,1.0,0.333333,0.5,1.0,0.6486,0.6492,7.6778
"D=0.5, white",D05_white,BuishandLR,1010,50,3,1,1.0,0.333333,0.5,1.0,0.6599,0.6708,7.6778
"D=0.5, white",D05_white,BuishandLR,1010,100,3,1,1.0,0.333333,0.5,1.0,0.6692,0.7017,7.6778
"D=0.5, white",D05_white,BuishandLR,1011,25,3,1,1.0,0.333333,0.5,2.0,0.6016,0.4564,6.4956
"D=0.5, white",D05_white,BuishandLR,1011,50,3,1,1.0,0.333333,0.5,2.0,0.6173,0.5043,6.4956
"D=0.5, white",D05_white,BuishandLR,1011,100,3,1,1.0,0.333333,0.5,2.0,0.6081,0.5429,6.4956
"D=0.5, white",D05_white,BuishandLR,1012,25,1,1,0.0,0.0,0.0,9999.0,0.3328,0.0121,6.3559
"D=0.5, white",D05_white,BuishandLR,1012,50,1,1,0.0,0.0,0.0,9999.0,0.3118,0.0207,6.3559
"D=0.5, white",D05_white,BuishandLR,1012,100,1,1,0.0,0.0,0.0,9999.0,0.2235,0.0335,6.3559
"D=0.5, white",D05_white,BuishandLR,1013,25,3,1,0.0,0.0,0.0,9999.0,0.7482,0.138,16.1554
"D=0.5, white",D05_white,BuishandLR,1013,50,3,1,1.0,0.333333,0.5,37.0,0.8111,0.4025,16.1554
"D=0.5, white",D05_white,BuishandLR,1013,100,3,1,1.0,0.333333,0.5,37.0,0.8936,0.6043,16.1554
"D=0.5, white",D05_white,BuishandLR,1014,25,3,1,1.0,0.333333,0.5,0.0,0.6326,0.4854,16.4126
"D=0.5, white",D05_white,BuishandLR,1014,50,3,1,1.0,0.333333,0.5,0.0,0.6658,0.4956,16.4126
"D=0.5, white",D05_white,BuishandLR,1014,100,3,1,1.0,0.333333,0.5,0.0,0.7103,0.5621,16.4126
"D=0.5, white",D05_white,BuishandLR,1015,25,1,1,0.0,0.0,0.0,9999.0,0.6596,0.0235,13.0483
"D=0.5, white",D05_white,BuishandLR,1015,50,1,1,0.0,0.0,0.0,9999.0,0.7096,0.0458,13.0483
"D=0.5, white",D05_white,BuishandLR,1015,100,1,1,0.0,0.0,0.0,9999.0,0.7559,0.0966,13.0483
"D=0.5, white",D05_white,BuishandLR,1016,25,3,1,1.0,0.333333,0.5,2.0,0.6683,0.4179,7.1955
"D=0.5, white",D05_white,BuishandLR,1016,50,3,1,1.0,0.333333,0.5,2.0,0.6818,0.4747,7.1955
"D=0.5, white",D05_white,BuishandLR,1016,100,3,1,1.0,0.333333,0.5,2.0,0.7548,0.6217,7.1955
"D=0.5, white",D05_white,BuishandLR,1017,25,1,1,0.0,0.0,0.0,9999.0,0.0621,0.0082,8.1865
"D=0.5, white",D05_white,BuishandLR,1017,50,1,1,0.0,0.0,0.0,9999.0,0.0773,0.015,8.1865
"D=0.5, white",D05_white,BuishandLR,1017,100,1,1,0.0,0.0,0.0,9999.0,0.1172,0.0295,8.1865
"D=0.5, white",D05_white,BuishandLR,1018,25,1,1,0.0,0.0,0.0,9999.0,0.65,0.0212,7.4748
"D=0.5, white",D05_white,BuishandLR,1018,50,1,1,0.0,0.0,0.0,9999.0,0.6303,0.036,7.4748
"D=0.5, white",D05_white,BuishandLR,1018,100,1,1,0.0,0.0,0.0,9999.0,0.5898,0.0603,7.4748
"D=0.5, white",D05_white,BuishandLR,1019,25,1,1,0.0,0.0,0.0,9999.0,0.3293,0.0112,6.6899
"D=0.5, white",D05_white,BuishandLR,1019,50,1,1,0.0,0.0,0.0,9999.0,0.3514,0.0207,6.6899
"D=0.5, white",D05_white,BuishandLR,1019,100,1,1,0.0,0.0,0.0,9999.0,0.3681,0.0406,6.6899
"D=0.5, white",D05_white,BuishandLR,1020,25,1,1,0.0,0.0,0.0,9999.0,0.4139,0.0133,7.1673
"D=0.5, white",D05_white,BuishandLR,1020,50,1,1,0.0,0.0,0.0,9999.0,0.424,0.0238,7.1673
"D=0.5, white",D05_white,BuishandLR,1020,100,1,1,0.0,0.0,0.0,9999.0,0.3856,0.0417,7.1673
"D=0.5, white",D05_white,BuishandLR,1021,25,1,1,0.0,0.0,0.0,9999.0,0.2546,0.0102,6.8726
"D=0.5, white",D05_white,BuishandLR,1021,50,1,1,0.0,0.0,0.0,9999.0,0.2588,0.0187,6.8726
"D=0.5, white",D05_white,BuishandLR,1021,100,1,1,0.0,0.0,0.0,9999.0,0.2465,0.035,6.8726
"D=0.5, white",D05_white,BuishandLR,1022,25,3,1,1.0,0.333333,0.5,1.0,0.3184,0.2167,6.8148
"D=0.5, white",D05_white,BuishandLR,1022,50,3,1,1.0,0.333333,0.5,1.0,0.3235,0.2326,6.8148
"D=0.5, white",D05_white,BuishandLR,1022,100,3,1,1.0,0.333333,0.5,1.0,0.3244,0.2681,6.8148
"D=0.5, white",D05_white,BuishandLR,1023,25,3,1,1.0,0.333333,0.5,2.0,0.6439,0.6328,6.638
"D=0.5, white",D05_white,BuishandLR,1023,50,3,1,1.0,0.333333,0.5,2.0,0.66,0.6475,6.638
"D=0.5, white",D05_white,BuishandLR,1023,100,3,1,1.0,0.333333,0.5,2.0,0.6754,0.6758,6.638
"D=0.5, white",D05_white,BuishandLR,1024,25,5,1,1.0,0.2,0.333333,2.0,0.6026,0.4247,6.8621
"D=0.5, white",D05_white,BuishandLR,1024,50,5,1,1.0,0.2,0.333333,2.0,0.6049,0.4913,6.8621
"D=0.5, white",D05_white,BuishandLR,1024,100,5,1,1.0,0.2,0.333333,2.0,0.6178,0.6066,6.8621
"D=0.5, white",D05_white,BuishandLR,1025,25,1,1,0.0,0.0,0.0,9999.0,0.0892,0.0086,6.9652
"D=0.5, white",D05_white,BuishandLR,1025,50,1,1,0.0,0.0,0.0,9999.0,0.2054,0.0166,6.9652
"D=0.5, white",D05_white,BuishandLR,1025,100,1,1,0.0,0.0,0.0,9999.0,0.2065,0.0318,6.9652
"D=0.5, white",D05_white,BuishandLR,1026,25,1,1,0.0,0.0,0.0,9999.0,0.1988,0.0109,6.8789
"D=0.5, white",D05_white,BuishandLR,1026,50,1,1,0.0,0.0,0.0,9999.0,0.2448,0.0193,6.8789
"D=0.5, white",D05_white,BuishandLR,1026,100,1,1,0.0,0.0,0.0,9999.0,0.2371,0.0353,6.8789
"D=0.5, white",D05_white,BuishandLR,1027,25,3,1,1.0,0.333333,0.5,8.0,0.8922,0.3894,7.4496
"D=0.5, white",D05_white,BuishandLR,1027,50,3,1,1.0,0.333333,0.5,8.0,0.9083,0.5302,7.4496
"D=0.5, white",D05_white,BuishandLR,1027,100,3,1,1.0,0.333333,0.5,8.0,0.9511,0.7528,7.4496
"D=0.5, white",D05_white,BuishandLR,1028,25,5,1,1.0,0.2,0.333333,0.0,0.6114,0.3081,6.9691
"D=0.5, white",D05_white,BuishandLR,1028,50,5,1,1.0,0.2,0.333333,0.0,0.6043,0.363,6.9691
"D=0.5, white",D05_white,BuishandLR,1028,100,5,1,1.0,0.2,0.333333,0.0,0.5983,0.4616,6.9691
"D=0.5, white",D05_white,BuishandLR,1029,25,3,1,1.0,0.333333,0.5,2.0,0.6497,0.5127,7.2602
"D=0.5, white",D05_white,BuishandLR,1029,50,3,1,1.0,0.333333,0.5,2.0,0.6758,0.5265,7.2602
"D=0.5, white",D05_white,BuishandLR,1029,100,3,1,1.0,0.333333,0.5,2.0,0.6991,0.5563,7.2602
"D=0.5, white",D05_white,BuishandLR,1030,25,3,1,1.0,0.333333,0.5,0.0,0.6979,0.4604,7.1457
"D=0.5, white",D05_white,BuishandLR,1030,50,3,1,1.0,0.333333,0.5,0.0,0.7436,0.5529,7.1457
"D=0.5, white",D05_white,BuishandLR,1030,100,3,1,1.0,0.333333,0.5,0.0,0.8223,0.7152,7.1457
"D=0.5, white",D05_white,BuishandLR,1031,25,1,1,0.0,0.0,0.0,9999.0,0.4223,0.0126,7.7375
"D=0.5, white",D05_white,BuishandLR,1031,50,1,1,0.0,0.0,0.0,9999.0,0.5184,0.0264,7.7375
"D=0.5, white",D05_white,BuishandLR,1031,100,1,1,0.0,0.0,0.0,9999.0,0.528,0.0514,7.7375
"D=0.5, white",D05_white,BuishandLR,1032,25,1,1,0.0,0.0,0.0,9999.0,0.0996,0.0091,7.5628
"D=0.5, white",D05_white,BuishandLR,1032,50,1,1,0.0,0.0,0.0,9999.0,0.1056,0.0161,7.5628
"D=0.5, white",D05_white,BuishandLR,1032,100,1,1,0.0,0.0,0.0,9999.0,0.1391,0.031,7.5628
"D=0.5, white",D05_white,BuishandLR,1033,25,1,1,0.0,0.0,0.0,9999.0,0.8772,0.0556,6.9327
"D=0.5, white",D05_white,BuishandLR,1033,50,1,1,0.0,0.0,0.0,9999.0,0.8748,0.0962,6.9327
"D=0.5, white",D05_white,BuishandLR,1033,100,1,1,0.0,0.0,0.0,9999.0,0.8457,0.1396,6.9327
"D=0.5, white",D05_white,BuishandLR,1034,25,1,1,0.0,0.0,0.0,9999.0,0.4,0.0137,7.4442
"D=0.5, white",D05_white,BuishandLR,1034,50,1,1,0.0,0.0,0.0,9999.0,0.3311,0.0209,7.4442
"D=0.5, white",D05_white,BuishandLR,1034,100,1,1,0.0,0.0,0.0,9999.0,0.2074,0.0324,7.4442
"D=0.5, white",D05_white,BuishandLR,1035,25,3,1,0.0,0.0,0.0,9999.0,0.4946,0.0422,7.1167
"D=0.5, white",D05_white,BuishandLR,1035,50,3,1,0.0,0.0,0.0,9999.0,0.4628,0.073,7.1167
"D=0.5, white",D05_white,BuishandLR,1035,100,3,1,1.0,0.333333,0.5,70.0,0.421,0.1934,7.1167
"D=0.5, white",D05_white,BuishandLR,1036,25,3,1,1.0,0.333333,0.5,2.0,0.6414,0.4784,6.8061
"D=0.5, white",D05_white,BuishandLR,1036,50,3,1,1.0,0.333333,0.5,2.0,0.6377,0.5105,6.8061
"D=0.5, white",D05_white,BuishandLR,1036,100,3,1,1.0,0.333333,0.5,2.0,0.6181,0.5451,6.8061
"D=0.5, white",D05_white,BuishandLR,1037,25,3,1,1.0,0.333333,0.5,1.0,0.3602,0.2836,6.9004
"D=0.5, white",D05_white,BuishandLR,1037,50,3,1,1.0,0.333333,0.5,1.0,0.3678,0.3127,6.9004
"D=0.5, white",D05_white,BuishandLR,1037,100,3,1,1.0,0.333333,0.5,1.0,0.3923,0.3583,6.9004
"D=0.5, white",D05_white,BuishandLR,1038,25,1,1,0.0,0.0,0.0,9999.0,0.3031,0.0106,7.053
"D=0.5, white",D05_white,BuishandLR,1038,50,1,1,0.0,0.0,0.0,9999.0,0.3015,0.0193,7.053
"D=0.5, white",D05_white,BuishandLR,1038,100,1,1,0.0,0.0,0.0,9999.0,0.2264,0.0324,7.053
"D=0.5, white",D05_white,BuishandLR,1039,25,1,1,0.0,0.0,0.0,9999.0,0.7362,0.0274,7.0499
"D=0.5, white",D05_white,BuishandLR,1039,50,1,1,0.0,0.0,0.0,9999.0,0.6922,0.0413,7.0499
"D=0.5, white",D05_white,BuishandLR,1039,100,1,1,0.0,0.0,0.0,9999.0,0.6253,0.0635,7.0499
"D=0.5, white",D05_white,BuishandLR,1040,25,1,1,0.0,0.0,0.0,9999.0,0.4747,0.0146,7.6824
"D=0.5, white",D05_white,BuishandLR,1040,50,1,1,0.0,0.0,0.0,9999.0,0.4931,0.0265,7.6824
"D=0.5, white",D05_white,BuishandLR,1040,100,1,1,0.0,0.0,0.0,9999.0,0.5182,0.0509,7.6824
"D=0.5, white",D05_white,BuishandLR,1041,25,1,1,0.0,0.0,0.0,9999.0,0.6078,0.0233,10.1786
"D=0.5, white",D05_white,BuishandLR,1041,50,1,1,0.0,0.0,0.0,9999.0,0.5964,0.037,10.1786
"D=0.5, white",D05_white,BuishandLR,1041,100,1,1,0.0,0.0,0.0,9999.0,0.4778,0.0507,10.1786
"D=0.5, white",D05_white,BuishandLR,1042,25,1,1,0.0,0.0,0.0,9999.0,0.2301,0.0103,10.9806
"D=0.5, white",D05_white,BuishandLR,1042,50,1,1,0.0,0.0,0.0,9999.0,0.3549,0.0201,10.9806
"D=0.5, white",D05_white,BuishandLR,1042,100,1,1,0.0,0.0,0.0,9999.0,0.4444,0.0435,10.9806
"D=0.5, white",D05_white,BuishandLR,1043,25,3,1,1.0,0.333333,0.5,21.0,0.4713,0.1533,10.1599
"D=0.5, white",D05_white,BuishandLR,1043,50,3,1,1.0,0.333333,0.5,21.0,0.436,0.2951,10.1599
"D=0.5, white",D05_white,BuishandLR,1043,100,3,1,1.0,0.333333,0.5,21.0,0.461,0.4588,10.1599
"D=0.5, white",D05_white,BuishandLR,1044,25,3,1,1.0,0.333333,0.5,0.0,0.3655,0.2511,10.5432
"D=0.5, white",D05_white,BuishandLR,1044,50,3,1,1.0,0.333333,0.5,0.0,0.3475,0.244,10.5432
"D=0.5, white",D05_white,BuishandLR,1044,100,3,1,1.0,0.333333,0.5,0.0,0.3335,0.2641,10.5432
"D=0.5, white",D05_white,BuishandLR,1045,25,1,1,0.0,0.0,0.0,9999.0,0.1593,0.0087,7.9041
"D=0.5, white",D05_white,BuishandLR,1045,50,1,1,0.0,0.0,0.0,9999.0,0.1385,0.0157,7.9041
"D=0.5, white",D05_white,BuishandLR,1045,100,1,1,0.0,0.0,0.0,9999.0,0.1393,0.0302,7.9041
"D=0.5, white",D05_white,BuishandLR,1046,25,1,1,0.0,0.0,0.0,9999.0,0.3582,0.0134,7.9275
"D=0.5, white",D05_white,BuishandLR,1046,50,1,1,0.0,0.0,0.0,9999.0,0.3639,0.0232,7.9275
"D=0.5, white",D05_white,BuishandLR,1046,100,1,1,0.0,0.0,0.0,9999.0,0.3434,0.0412,7.9275
"D=0.5, white",D05_white,BuishandLR,1047,25,3,1,1.0,0.333333,0.5,7.0,0.3267,0.0282,7.2037
"D=0.5, white",D05_white,BuishandLR,1047,50,3,1,1.0,0.333333,0.5,7.0,0.2415,0.0323,7.2037
"D=0.5, white",D05_white,BuishandLR,1047,100,3,1,1.0,0.333333,0.5,7.0,0.158,0.0429,7.2037
"D=0.5, white",D05_white,BuishandLR,1048,25,7,1,1.0,0.142857,0.25,0.0,0.5656,0.2883,7.5057
"D=0.5, white",D05_white,BuishandLR,1048,50,7,1,1.0,0.142857,0.25,0.0,0.6002,0.3764,7.5057
"D=0.5, white",D05_white,BuishandLR,1048,100,7,1,1.0,0.142857,0.25,0.0,0.6711,0.5183,7.5057
"D=0.5, white",D05_white,BuishandLR,1049,25,3,1,0.0,0.0,0.0,9999.0,0.2792,0.0234,7.7935
"D=0.5, white",D05_white,BuishandLR,1049,50,3,1,0.0,0.0,0.0,9999.0,0.2771,0.0392,7.7935
"D=0.5, white",D05_white,BuishandLR,1049,100,3,1,0.0,0.0,0.0,9999.0,0.2438,0.0686,7.7935
"D=1, white",D10_white,BuishandLR,1000,25,39,1,1.0,0.025641,0.05,0.0,0.4805,0.5144,10.8478
"D=1, white",D10_white,BuishandLR,1000,50,39,1,1.0,0.025641,0.05,0.0,0.6005,0.8602,10.8478
"D=1, white",D10_white,BuishandLR,1000,100,39,1,1.0,0.025641,0.05,0.0,0.7405,0.9945,10.8478
"D=1, white",D10_white,BuishandLR,1001,25,35,1,1.0,0.028571,0.055556,0.0,0.3762,0.3802,6.7334
"D=1, white",D10_white,BuishandLR,1001,50,35,1,1.0,0.028571,0.055556,0.0,0.3737,0.6599,6.7334
"D=1, white",D10_white,BuishandLR,1001,100,35,1,1.0,0.028571,0.055556,0.0,0.4063,0.9317,6.7334
"D=1, white",D10_white,BuishandLR,1002,25,43,1,1.0,0.023256,0.045455,1.0,0.3726,0.4043,6.185
"D=1, white",D10_white,BuishandLR,1002,50,43,1,1.0,0.023256,0.045455,1.0,0.3309,0.629,6.185
"D=1, white",D10_white,BuishandLR,1002,100,43,1,1.0,0.023256,0.045455,1.0,0.3509,0.9345,6.185
"D=1, white",D10_white,BuishandLR,1003,25,43,1,1.0,0.023256,0.045455,12.0,0.6844,0.6564,6.0666
"D=1, white",D10_white,BuishandLR,1003,50,43,1,1.0,0.023256,0.045455,12.0,0.7747,0.8904,6.0666
"D=1, white",D10_white,BuishandLR,1003,100,43,1,1.0,0.023256,0.045455,12.0,0.8394,0.9761,6.0666
"D=1, white",D10_white,BuishandLR,1004,25,45,1,1.0,0.022222,0.043478,0.0,0.4492,0.5094,7.2974
"D=1, white",D10_white,BuishandLR,1004,50,45,1,1.0,0.022222,0.043478,0.0,0.4516,0.7246,7.2974
"D=1, white",D10_white,BuishandLR,1004,100,45,1,1.0,0.022222,0.043478,0.0,0.4861,0.9021,7.2974
"D=1, white",D10_white,BuishandLR,1005,25,37,1,1.0,0.027027,0.052632,2.0,0.4961,0.4956,6.2288
"D=1, white",D10_white,BuishandLR,1005,50,37,1,1.0,0.027027,0.052632,2.0,0.5229,0.7858,6.2288
"D=1, white",D10_white,BuishandLR,1005,100,37,1,1.0,0.027027,0.052632,2.0,0.5529,0.9435,6.2288
"D=1, white",D10_white,BuishandLR,1006,25,39,1,1.0,0.025641,0.05,1.0,0.5187,0.4731,6.2417
"D=1, white",D10_white,BuishandLR,1006,50,39,1,1.0,0.025641,0.05,1.0,0.4939,0.6669,6.2417
"D=1, white",D10_white,BuishandLR,1006,100,39,1,1.0,0.025641,0.05,1.0,0.165,0.867,6.2417
"D=1, white",D10_white,BuishandLR,1007,25,21,1,1.0,0.047619,0.090909,2.0,0.3864,0.2802,6.2666
"D=1, white",D10_white,BuishandLR,1007,50,21,1,1.0,0.047619,0.090909,2.0,0.3887,0.4308,6.2666
"D=1, white",D10_white,BuishandLR,1007,100,21,1,1.0,0.047619,0.090909,2.0,0.3805,0.6276,6.2666
"D=1, white",D10_white,BuishandLR,1008,25,57,1,1.0,0.017544,0.034483,6.0,0.4155,0.5989,6.1802
"D=1, white",D10_white,BuishandLR,1008,50,57,1,1.0,0.017544,0.034483,6.0,0.2881,0.8044,6.1802
"D=1, white",D10_white,BuishandLR,1008,100,57,1,1.0,0.017544,0.034483,6.0,0.2014,0.9673,6.1802
"D=1, white",D10_white,BuishandLR,1009,25,45,1,1.0,0.022222,0.043478,2.0,0.3967,0.4634,6.2164
"D=1, white",D10_white,BuishandLR,1009,50,45,1,1.0,0.022222,0.043478,2.0,0.4318,0.7098,6.2164
"D=1, white",D10_white,BuishandLR,1009,100,45,1,1.0,0.022222,0.043478,2.0,0.6301,0.9839,6.2164
"D=1, white",D10_white,BuishandLR,1010,25,37,1,1.0,0.027027,0.052632,1.0,0.6248,0.598,6.3031
"D=1, white",D10_white,BuishandLR,1010,50,37,1,1.0,0.027027,0.052632,1.0,0.6783,0.8049,6.3031
"D=1, white",D10_white,BuishandLR,1010,100,37,1,1.0,0.027027,0.052632,1.0,0.6473,0.9001,6.3031
"D=1, white",D10_white,BuishandLR,1011,25,43,1,1.0,0.023256,0.045455,1.0,0.3563,0.4343,6.0431
"D=1, white",D10_white,BuishandLR,1011,50,43,1,1.0,0.023256,0.045455,1.0,0.2795,0.6076,6.0431
"D=1, white",D10_white,BuishandLR,1011,100,43,1,1.0,0.023256,0.045455,1.0,0.1443,0.7979,6.0431
"D=1, white",D10_white,BuishandLR,1012,25,41,1,1.0,0.02439,0.047619,1.0,0.5763,0.5304,5.9655
"D=1, white",D10_white,BuishandLR,1012,50,41,1,1.0,0.02439,0.047619,1.0,0.695,0.7979,5.9655
"D=1, white",D10_white,BuishandLR,1012,100,41,1,1.0,0.02439,0.047619,1.0,0.87,0.9746,5.9655
"D=1, white",D10_white,BuishandLR,1013,25,49,1,1.0,0.020408,0.04,0.0,0.5229,0.5334,6.0686
"D=1, white",D10_white,BuishandLR,1013,50,49,1,1.0,0.020408,0.04,0.0,0.6303,0.7735,6.0686
"D=1, white",D10_white,BuishandLR,1013,100,49,1,1.0,0.020408,0.04,0.0,0.8455,0.9744,6.0686
"D=1, white",D10_white,BuishandLR,1014,25,35,1,1.0,0.028571,0.055556,1.0,0.5145,0.4722,6.1256
"D=1, white",D10_white,BuishandLR,1014,50,35,1,1.0,0.028571,0.055556,1.0,0.5149,0.6916,6.1256
"D=1, white",D10_white,BuishandLR,1014,100,35,1,1.0,0.028571,0.055556,1.0,0.6816,0.9553,6.1256
"D=1, white",D10_white,BuishandLR,1015,25,47,1,1.0,0.021277,0.041667,5.0,0.5043,0.5205,5.8973
"D=1, white",D10_white,BuishandLR,1015,50,47,1,1.0,0.021277,0.041667,5.0,0.516,0.811,5.8973
"D=1, white",D10_white,BuishandLR,1015,100,47,1,1.0,0.021277,0.041667,5.0,0.3362,0.9984,5.8973
"D=1, white",D10_white,BuishandLR,1016,25,33,1,1.0,0.030303,0.058824,1.0,0.5646,0.5799,5.8098
"D=1, white",D10_white,BuishandLR,1016,50,33,1,1.0,0.030303,0.058824,1.0,0.5173,0.7111,5.8098
"D=1, white",D10_white,BuishandLR,1016,100,33,1,1.0,0.030303,0.058824,1.0,0.4663,0.8106,5.8098
"D=1, white",D10_white,BuishandLR,1017,25,43,1,1.0,0.023256,0.045455,1.0,0.5508,0.5758,5.8524
"D=1, white",D10_white,BuishandLR,1017,50,43,1,1.0,0.023256,0.045455,1.0,0.519,0.7585,5.8524
"D=1, white",D10_white,BuishandLR,1017,100,43,1,1.0,0.023256,0.045455,1.0,0.3979,0.8783,5.8524
"D=1, white",D10_white,BuishandLR,1018,25,49,1,1.0,0.020408,0.04,0.0,0.4566,0.5397,6.3938
"D=1, white",D10_white,BuishandLR,1018,50,49,1,1.0,0.020408,0.04,0.0,0.4184,0.7794,6.3938
"D=1, white",D10_white,BuishandLR,1018,100,49,1,1.0,0.020408,0.04,0.0,0.1276,0.9319,6.3938
"D=1, white",D10_white,BuishandLR,1019,25,47,1,1.0,0.021277,0.041667,0.0,0.4923,0.58,6.1047
"D=1, white",D10_white,BuishandLR,1019,50,47,1,1.0,0.021277,0.041667,0.0,0.4747,0.7691,6.1047
"D=1, white",D10_white,BuishandLR,1019,100,47,1,1.0,0.021277,0.041667,0.0,0.4786,0.9599,6.1047
"D=1, white",D10_white,BuishandLR,1020,25,41,1,1.0,0.02439,0.047619,0.0,0.3904,0.4439,6.0512
"D=1, white",D10_white,BuishandLR,1020,50,41,1,1.0,0.02439,0.047619,0.0,0.4195,0.6906,6.0512
"D=1, white",D10_white,BuishandLR,1020,100,41,1,1.0,0.02439,0.047619,0.0,0.308,0.9413,6.0512
"D=1, white",D10_white,BuishandLR,1021,25,37,1,1.0,0.027027,0.052632,0.0,0.6615,0.6258,5.8022
"D=1, white",D10_white,BuishandLR,1021,50,37,1,1.0,0.027027,0.052632,0.0,0.6932,0.8719,5.8022
"D=1, white",D10_white,BuishandLR,1021,100,37,1,1.0,0.027027,0.052632,0.0,0.7874,0.9814,5.8022
"D=1, white",D10_white,BuishandLR,1022,25,40,1,1.0,0.025,0.04878,0.0,0.4658,0.4911,5.8353
"D=1, white",D10_white,BuishandLR,1022,50,40,1,1.0,0.025,0.04878,0.0,0.4451,0.7701,5.8353
"D=1, white",D10_white,BuishandLR,1022,100,40,1,1.0,0.025,0.04878,0.0,0.364,0.9244,5.8353
"D=1, white",D10_white,BuishandLR,1023,25,37,1,1.0,0.027027,0.052632,2.0,0.5163,0.4446,7.0638
"D=1, white",D10_white,BuishandLR,1023,50,37,1,1.0,0.027027,0.052632,2.0,0.5206,0.7064,7.0638
"D=1, white",D10_white,BuishandLR,1023,100,37,1,1.0,0.027027,0.052632,2.0,0.5132,0.9477,7.0638
"D=1, white",D10_white,BuishandLR,1024,25,45,1,1.0,0.022222,0.043478,2.0,0.4921,0.5441,6.8727
"D=1, white",D10_white,BuishandLR,1024,50,45,1,1.0,0.022222,0.043478,2.0,0.4786,0.7747,6.8727
"D=1, white",D10_white,BuishandLR,1024,100,45,1,1.0,0.022222,0.043478,2.0,0.9889,0.9998,6.8727
"D=1, white",D10_white,BuishandLR,1025,25,29,1,1.0,0.034483,0.066667,1.0,0.4769,0.4311,6.7437
"D=1, white",D10_white,BuishandLR,1025,50,29,1,1.0,0.034483,0.066667,1.0,0.4562,0.6554,6.7437
"D=1, white",D10_white,BuishandLR,1025,100,29,1,1.0,0.034483,0.066667,1.0,0.4387,0.8563,6.7437
"D=1, white",D10_white,BuishandLR,1026,25,41,1,1.0,0.02439,0.047619,2.0,0.4401,0.49,6.712
"D=1, white",D10_white,BuishandLR,1026,50,41,1,1.0,0.02439,0.047619,2.0,0.4262,0.7077,6.712
"D=1, white",D10_white,BuishandLR,1026,100,41,1,1.0,0.02439,0.047619,2.0,0.4704,0.9153,6.712
"D=1, white",D10_white,BuishandLR,1027,25,27,1,1.0,0.037037,0.071429,1.0,0.4241,0.3527,6.5753
"D=1, white",D10_white,BuishandLR,1027,50,27,1,1.0,0.037037,0.071429,1.0,0.4398,0.5453,6.5753
"D=1, white",D10_white,BuishandLR,1027,100,27,1,1.0,0.037037,0.071429,1.0,0.5447,0.8329,6.5753
"D=1, white",D10_white,BuishandLR,1028,25,45,1,1.0,0.022222,0.043478,3.0,0.4622,0.4662,6.7038
"D=1, white",D10_white,BuishandLR,1028,50,45,1,1.0,0.022222,0.043478,3.0,0.4731,0.702,6.7038
"D=1, white",D10_white,BuishandLR,1028,100,45,1,1.0,0.022222,0.043478,3.0,0.4406,0.8979,6.7038
"D=1, white",D10_white,BuishandLR,1029,25,29,1,1.0,0.034483,0.066667,3.0,0.4958,0.5276,6.4915
"D=1, white",D10_white,BuishandLR,1029,50,29,1,1.0,0.034483,0.066667,3.0,0.4004,0.6571,6.4915
"D=1, white",D10_white,BuishandLR,1029,100,29,1,1.0,0.034483,0.066667,3.0,0.3488,0.8468,6.4915
"D=1, white",D10_white,BuishandLR,1030,25,47,1,1.0,0.021277,0.041667,3.0,0.4681,0.5974,6.467
"D=1, white",D10_white,BuishandLR,1030,50,47,1,1.0,0.021277,0.041667,3.0,0.4387,0.7871,6.467
"D=1, white",D10_white,BuishandLR,1030,100,47,1,1.0,0.021277,0.041667,3.0,0.5135,0.9769,6.467
"D=1, white",D10_white,BuishandLR,1031,25,45,1,1.0,0.022222,0.043478,0.0,0.585,0.7067,6.5063
"D=1, white",D10_white,BuishandLR,1031,50,45,1,1.0,0.022222,0.043478,0.0,0.5738,0.8635,6.5063
"D=1, white",D10_white,BuishandLR,1031,100,45,1,1.0,0.022222,0.043478,0.0,0.6595,0.9854,6.5063
"D=1, white",D10_white,BuishandLR,1032,25,39,1,1.0,0.025641,0.05,2.0,0.6319,0.6087,7.9165
"D=1, white",D10_white,BuishandLR,1032,50,39,1,1.0,0.025641,0.05,2.0,0.6923,0.8494,7.9165
"D=1, white",D10_white,BuishandLR,1032,100,39,1,1.0,0.025641,0.05,2.0,0.6311,0.9432,7.9165
"D=1, white",D10_white,BuishandLR,1033,25,39,1,1.0,0.025641,0.05,4.0,0.541,0.5151,6.7802
"D=1, white",D10_white,BuishandLR,1033,50,39,1,1.0,0.025641,0.05,4.0,0.5526,0.8049,6.7802
"D=1, white",D10_white,BuishandLR,1033,100,39,1,1.0,0.025641,0.05,4.0,0.7015,0.9915,6.7802
"D=1, white",D10_white,BuishandLR,1034,25,47,1,1.0,0.021277,0.041667,1.0,0.574,0.6349,6.7671
"D=1, white",D10_white,BuishandLR,1034,50,47,1,1.0,0.021277,0.041667,1.0,0.6051,0.8137,6.7671
"D=1, white",D10_white,BuishandLR,1034,100,47,1,1.0,0.021277,0.041667,1.0,0.7307,0.9341,6.7671
"D=1, white",D10_white,BuishandLR,1035,25,39,1,1.0,0.025641,0.05,2.0,0.4218,0.4383,6.6468
"D=1, white",D10_white,BuishandLR,1035,50,39,1,1.0,0.025641,0.05,2.0,0.385,0.6913,6.6468
"D=1, white",D10_white,BuishandLR,1035,100,39,1,1.0,0.025641,0.05,2.0,0.3899,0.915,6.6468
"D=1, white",D10_white,BuishandLR,1036,25,33,1,1.0,0.030303,0.058824,1.0,0.5889,0.5453,6.4619
"D=1, white",D10_white,BuishandLR,1036,50,33,1,1.0,0.030303,0.058824,1.0,0.6033,0.7018,6.4619
"D=1, white",D10_white,BuishandLR,1036,100,33,1,1.0,0.030303,0.058824,1.0,0.588,0.8623,6.4619
"D=1, white",D10_white,BuishandLR,1037,25,43,1,1.0,0.023256,0.045455,1.0,0.5639,0.6192,6.6078
"D=1, white",D10_white,BuishandLR,1037,50,43,1,1.0,0.023256,0.045455,1.0,0.5177,0.8105,6.6078
"D=1, white",D10_white,BuishandLR,1037,100,43,1,1.0,0.023256,0.045455,1.0,0.2581,0.9317,6.6078
"D=1, white",D10_white,BuishandLR,1038,25,49,1,1.0,0.020408,0.04,2.0,0.5835,0.6638,7.8453
"D=1, white",D10_white,BuishandLR,1038,50,49,1,1.0,0.020408,0.04,2.0,0.6222,0.9071,7.8453
"D=1, white",D10_white,BuishandLR,1038,100,49,1,1.0,0.020408,0.04,2.0,0.645,0.9939,7.8453
"D=1, white",D10_white,BuishandLR,1039,25,41,1,1.0,0.02439,0.047619,1.0,0.5765,0.5077,9.1853
"D=1, white",D10_white,BuishandLR,1039,50,41,1,1.0,0.02439,0.047619,1.0,0.6399,0.7554,9.1853
"D=1, white",D10_white,BuishandLR,1039,100,41,1,1.0,0.02439,0.047619,1.0,0.7192,0.9374,9.1853
"D=1, white",D10_white,BuishandLR,1040,25,39,1,1.0,0.025641,0.05,3.0,0.5342,0.4727,11.1781
"D=1, white",D10_white,BuishandLR,1040,50,39,1,1.0,0.025641,0.05,3.0,0.5377,0.6742,11.1781
"D=1, white",D10_white,BuishandLR,1040,100,39,1,1.0,0.025641,0.05,3.0,0.4864,0.8824,11.1781
"D=1, white",D10_white,BuishandLR,1041,25,47,1,1.0,0.021277,0.041667,1.0,0.4646,0.5018,10.5332
"D=1, white",D10_white,BuishandLR,1041,50,47,1,1.0,0.021277,0.041667,1.0,0.4738,0.7735,10.5332
"D=1, white",D10_white,BuishandLR,1041,100,47,1,1.0,0.021277,0.041667,1.0,0.147,0.9272,10.5332
"D=1, white",D10_white,BuishandLR,1042,25,43,1,1.0,0.023256,0.045455,1.0,0.5515,0.5667,10.098
"D=1, white",D10_white,BuishandLR,1042,50,43,1,1.0,0.023256,0.045455,1.0,0.5668,0.7557,10.098
"D=1, white",D10_white,BuishandLR,1042,100,43,1,1.0,0.023256,0.045455,1.0,0.5515,0.9169,10.098
"D=1, white",D10_white,BuishandLR,1043,25,39,1,1.0,0.025641,0.05,0.0,0.5669,0.5917,10.8402
"D=1, white",D10_white,BuishandLR,1043,50,39,1,1.0,0.025641,0.05,0.0,0.5916,0.7635,10.8402
"D=1, white",D10_white,BuishandLR,1043,100,39,1,1.0,0.025641,0.05,0.0,0.6555,0.939,10.8402
"D=1, white",D10_white,BuishandLR,1044,25,36,1,1.0,0.027778,0.054054,6.0,0.3488,0.3942,7.2205
"D=1, white",D10_white,BuishandLR,1044,50,36,1,1.0,0.027778,0.054054,6.0,0.3226,0.6419,7.2205
"D=1, white",D10_white,BuishandLR,1044,100,36,1,1.0,0.027778,0.054054,6.0,0.4108,0.9399,7.2205
"D=1, white",D10_white,BuishandLR,1045,25,51,1,1.0,0.019608,0.038462,1.0,0.3606,0.4946,6.0476
"D=1, white",D10_white,BuishandLR,1045,50,51,1,1.0,0.019608,0.038462,1.0,0.2593,0.6811,6.0476
"D=1, white",D10_white,BuishandLR,1045,100,51,1,1.0,0.019608,0.038462,1.0,0.0509,0.796,6.0476
"D=1, white",D10_white,BuishandLR,1046,25,55,1,1.0,0.018182,0.035714,2.0,0.3888,0.5228,6.3621
"D=1, white",D10_white,BuishandLR,1046,50,55,1,1.0,0.018182,0.035714,2.0,0.3266,0.7441,6.3621
"D=1, white",D10_white,BuishandLR,1046,100,55,1,1.0,0.018182,0.035714,2.0,0.1487,0.8829,6.3621
"D=1, white",D10_white,BuishandLR,1047,25,43,1,1.0,0.023256,0.045455,0.0,0.5801,0.5688,5.5658
"D=1, white",D10_white,BuishandLR,1047,50,43,1,1.0,0.023256,0.045455,0.0,0.5625,0.7514,5.5658
"D=1, white",D10_white,BuishandLR,1047,100,43,1,1.0,0.023256,0.045455,0.0,0.762,0.9685,5.5658
"D=1, white",D10_white,BuishandLR,1048,25,51,1,1.0,0.019608,0.038462,2.0,0.5333,0.6448,5.5551
"D=1, white",D10_white,BuishandLR,1048,50,51,1,1.0,0.019608,0.038462,2.0,0.5145,0.7465,5.5551
"D=1, white",D10_white,BuishandLR,1048,100,51,1,1.0,0.019608,0.038462,2.0,0.4547,0.8485,5.5551
"D=1, white",D10_white,BuishandLR,1049,25,33,1,1.0,0.030303,0.058824,2.0,0.4349,0.3983,5.2429
"D=1, white",D10_white,BuishandLR,1049,50,33,1,1.0,0.030303,0.058824,2.0,0.3939,0.5952,5.2429
"D=1, white",D10_white,BuishandLR,1049,100,33,1,1.0,0.030303,0.058824,2.0,0.3314,0.8135,5.2429
"D=1, pink",D10_pink,BuishandLR,1000,25,192,1,1.0,0.005208,0.010363,0.0,0.4672,0.766,5.1483
"D=1, pink",D10_pink,BuishandLR,1000,50,192,1,1.0,0.005208,0.010363,0.0,0.6034,0.9666,5.1483
"D=1, pink",D10_pink,BuishandLR,1000,100,192,1,1.0,0.005208,0.010363,0.0,,,5.1483
"D=1, pink",D10_pink,BuishandLR,1001,25,199,1,1.0,0.005025,0.01,0.0,0.5044,0.7261,5.5584
"D=1, pink",D10_pink,BuishandLR,1001,50,199,1,1.0,0.005025,0.01,0.0,0.475,0.874,5.5584
"D=1, pink",D10_pink,BuishandLR,1001,100,199,1,1.0,0.005025,0.01,0.0,,,5.5584
"D=1, pink",D10_pink,BuishandLR,1002,25,205,1,1.0,0.004878,0.009709,0.0,0.4021,0.8339,5.842
"D=1, pink",D10_pink,BuishandLR,1002,50,205,1,1.0,0.004878,0.009709,0.0,0.3078,0.9361,5.842
"D=1, pink",D10_pink,BuishandLR,1002,100,205,1,1.0,0.004878,0.009709,0.0,,,5.842
"D=1, pink",D10_pink,BuishandLR,1003,25,186,1,1.0,0.005376,0.010695,0.0,0.5376,0.8691,5.1295
"D=1, pink",D10_pink,BuishandLR,1003,50,186,1,1.0,0.005376,0.010695,0.0,0.8158,0.9989,5.1295
"D=1, pink",D10_pink,BuishandLR,1003,100,186,1,1.0,0.005376,0.010695,0.0,,,5.1295
"D=1, pink",D10_pink,BuishandLR,1004,25,198,1,1.0,0.005051,0.01005,0.0,0.5284,0.8249,5.2605
"D=1, pink",D10_pink,BuishandLR,1004,50,198,1,1.0,0.005051,0.01005,0.0,0.5559,0.9549,5.2605
"D=1, pink",D10_pink,BuishandLR,1004,100,198,1,1.0,0.005051,0.01005,0.0,,,5.2605
"D=1, pink",D10_pink,BuishandLR,1005,25,179,1,1.0,0.005587,0.011111,1.0,0.5091,0.8872,5.6142
"D=1, pink",D10_pink,BuishandLR,1005,50,179,1,1.0,0.005587,0.011111,1.0,0.5305,0.9836,5.6142
"D=1, pink",D10_pink,BuishandLR,1005,100,179,1,1.0,0.005587,0.011111,1.0,,,5.6142
"D=1, pink",D10_pink,BuishandLR,1006,25,193,1,1.0,0.005181,0.010309,2.0,0.4594,0.8107,5.6819
"D=1, pink",D10_pink,BuishandLR,1006,50,193,1,1.0,0.005181,0.010309,2.0,0.3803,0.9554,5.6819
"D=1, pink",D10_pink,BuishandLR,1006,100,193,1,1.0,0.005181,0.010309,2.0,,,5.6819
"D=1, pink",D10_pink,BuishandLR,1007,25,167,1,1.0,0.005988,0.011905,0.0,0.5125,0.8964,5.5224
"D=1, pink",D10_pink,BuishandLR,1007,50,167,1,1.0,0.005988,0.011905,0.0,0.4393,0.9661,5.5224
"D=1, pink",D10_pink,BuishandLR,1007,100,167,1,1.0,0.005988,0.011905,0.0,,,5.5224
"D=1, pink",D10_pink,BuishandLR,1008,25,211,1,1.0,0.004739,0.009434,2.0,0.4402,0.7496,5.5938
"D=1, pink",D10_pink,BuishandLR,1008,50,211,1,1.0,0.004739,0.009434,2.0,0.4396,0.8833,5.5938
"D=1, pink",D10_pink,BuishandLR,1008,100,211,1,1.0,0.004739,0.009434,2.0,0.4877,0.9805,5.5938
"D=1, pink",D10_pink,BuishandLR,1009,25,178,1,1.0,0.005618,0.011173,1.0,0.4942,0.872,4.7863
"D=1, pink",D10_pink,BuishandLR,1009,50,178,1,1.0,0.005618,0.011173,1.0,0.5124,0.9595,4.7863
"D=1, pink",D10_pink,BuishandLR,1009,100,178,1,1.0,0.005618,0.011173,1.0,,,4.7863
"D=1, pink",D10_pink,BuishandLR,1010,25,182,1,1.0,0.005495,0.010929,1.0,0.5692,0.7954,4.2959
"D=1, pink",D10_pink,BuishandLR,1010,50,182,1,1.0,0.005495,0.010929,1.0,0.7762,0.9672,4.2959
"D=1, pink",D10_pink,BuishandLR,1010,100,182,1,1.0,0.005495,0.010929,1.0,,,4.2959
"D=1, pink",D10_pink,BuishandLR,1011,25,176,1,1.0,0.005682,0.011299,0.0,0.3986,0.7805,4.5092
"D=1, pink",D10_pink,BuishandLR,1011,50,176,1,1.0,0.005682,0.011299,0.0,0.2286,0.9372,4.5092
"D=1, pink",D10_pink,BuishandLR,1011,100,176,1,1.0,0.005682,0.011299,0.0,,,4.5092
"D=1, pink",D10_pink,BuishandLR,1012,25,207,1,1.0,0.004831,0.009615,0.0,0.5736,0.8471,4.4402
"D=1, pink",D10_pink,BuishandLR,1012,50,207,1,1.0,0.004831,0.009615,0.0,0.6961,0.9822,4.4402
"D=1, pink",D10_pink,BuishandLR,1012,100,207,1,1.0,0.004831,0.009615,0.0,,,4.4402
"D=1, pink",D10_pink,BuishandLR,1013,25,172,1,1.0,0.005814,0.011561,13.0,0.4184,0.8141,4.6501
"D=1, pink",D10_pink,BuishandLR,1013,50,172,1,1.0,0.005814,0.011561,13.0,0.3638,0.9604,4.6501
"D=1, pink",D10_pink,BuishandLR,1013,100,172,1,1.0,0.005814,0.011561,13.0,,,4.6501
"D=1, pink",D10_pink,BuishandLR,1014,25,184,1,1.0,0.005435,0.010811,0.0,0.483,0.6962,4.5279
"D=1, pink",D10_pink,BuishandLR,1014,50,184,1,1.0,0.005435,0.010811,0.0,0.5597,0.9336,4.5279
"D=1, pink",D10_pink,BuishandLR,1014,100,184,1,1.0,0.005435,0.010811,0.0,,,4.5279
"D=1, pink",D10_pink,BuishandLR,1015,25,169,1,1.0,0.005917,0.011765,0.0,0.4865,0.8308,4.5526
"D=1, pink",D10_pink,BuishandLR,1015,50,169,1,1.0,0.005917,0.011765,0.0,0.4429,0.948,4.5526
"D=1, pink",D10_pink,BuishandLR,1015,100,169,1,1.0,0.005917,0.011765,0.0,,,4.5526
"D=1, pink",D10_pink,BuishandLR,1016,25,181,1,1.0,0.005525,0.010989,1.0,0.3833,0.8122,4.6698
"D=1, pink",D10_pink,BuishandLR,1016,50,181,1,1.0,0.005525,0.010989,1.0,0.3351,0.9508,4.6698
"D=1, pink",D10_pink,BuishandLR,1016,100,181,1,1.0,0.005525,0.010989,1.0,,,4.6698
"D=1, pink",D10_pink,BuishandLR,1017,25,175,1,1.0,0.005714,0.011364,1.0,0.3572,0.8645,4.5879
"D=1, pink",D10_pink,BuishandLR,1017,50,175,1,1.0,0.005714,0.011364,1.0,,,4.5879
"D=1, pink",D10_pink,BuishandLR,1017,100,175,1,1.0,0.005714,0.011364,1.0,,,4.5879
"D=1, pink",D10_pink,BuishandLR,1018,25,197,1,1.0,0.005076,0.010101,2.0,0.437,0.8331,4.1255
"D=1, pink",D10_pink,BuishandLR,1018,50,197,1,1.0,0.005076,0.010101,2.0,0.1172,0.8861,4.1255
"D=1, pink",D10_pink,BuishandLR,1018,100,197,1,1.0,0.005076,0.010101,2.0,0.091,0.9264,4.1255
"D=1, pink",D10_pink,BuishandLR,1019,25,188,1,1.0,0.005319,0.010582,1.0,0.5583,0.8941,4.4071
"D=1, pink",D10_pink,BuishandLR,1019,50,188,1,1.0,0.005319,0.010582,1.0,0.7303,0.9852,4.4071
"D=1, pink",D10_pink,BuishandLR,1019,100,188,1,1.0,0.005319,0.010582,1.0,0.862,0.9997,4.4071
"D=1, pink",D10_pink,BuishandLR,1020,25,177,1,1.0,0.00565,0.011236,0.0,0.4604,0.8128,4.2478
"D=1, pink",D10_pink,BuishandLR,1020,50,177,1,1.0,0.00565,0.011236,0.0,0.4109,0.958,4.2478
"D=1, pink",D10_pink,BuishandLR,1020,100,177,1,1.0,0.00565,0.011236,0.0,,,4.2478
"D=1, pink",D10_pink,BuishandLR,1021,25,208,1,1.0,0.004808,0.009569,1.0,0.4513,0.779,4.3872
"D=1, pink",D10_pink,BuishandLR,1021,50,208,1,1.0,0.004808,0.009569,1.0,0.4631,0.9292,4.3872
"D=1, pink",D10_pink,BuishandLR,1021,100,208,1,1.0,0.004808,0.009569,1.0,,,4.3872
"D=1, pink",D10_pink,BuishandLR,1022,25,179,1,1.0,0.005587,0.011111,1.0,0.4338,0.7752,4.4682
"D=1, pink",D10_pink,BuishandLR,1022,50,179,1,1.0,0.005587,0.011111,1.0,0.5043,0.9683,4.4682
"D=1, pink",D10_pink,BuishandLR,1022,100,179,1,1.0,0.005587,0.011111,1.0,,,4.4682
"D=1, pink",D10_pink,BuishandLR,1023,25,185,1,1.0,0.005405,0.010753,0.0,0.4626,0.7978,4.3198
"D=1, pink",D10_pink,BuishandLR,1023,50,185,1,1.0,0.005405,0.010753,0.0,0.3598,0.9222,4.3198
"D=1, pink",D10_pink,BuishandLR,1023,100,185,1,1.0,0.005405,0.010753,0.0,,,4.3198
"D=1, pink",D10_pink,BuishandLR,1024,25,192,1,1.0,0.005208,0.010363,0.0,0.5868,0.8537,4.0105
"D=1, pink",D10_pink,BuishandLR,1024,50,192,1,1.0,0.005208,0.010363,0.0,0.8166,0.9835,4.0105
"D=1, pink",D10_pink,BuishandLR,1024,100,192,1,1.0,0.005208,0.010363,0.0,0.8285,0.9975,4.0105
"D=1, pink",D10_pink,BuishandLR,1025,25,186,1,1.0,0.005376,0.010695,0.0,0.5347,0.864,4.0068
"D=1, pink",D10_pink,BuishandLR,1025,50,186,1,1.0,0.005376,0.010695,0.0,0.7208,0.9801,4.0068
"D=1, pink",D10_pink,BuishandLR,1025,100,186,1,1.0,0.005376,0.010695,0.0,,,4.0068
"D=1, pink",D10_pink,BuishandLR,1026,25,199,1,1.0,0.005025,0.01,0.0,0.4588,0.7882,4.0621
"D=1, pink",D10_pink,BuishandLR,1026,50,199,1,1.0,0.005025,0.01,0.0,0.3998,0.9049,4.0621
"D=1, pink",D10_pink,BuishandLR,1026,100,199,1,1.0,0.005025,0.01,0.0,0.2883,0.9895,4.0621
"D=1, pink",D10_pink,BuishandLR,1027,25,207,1,1.0,0.004831,0.009615,1.0,0.5172,0.8927,4.2433
"D=1, pink",D10_pink,BuishandLR,1027,50,207,1,1.0,0.004831,0.009615,1.0,0.6814,0.9898,4.2433
"D=1, pink",D10_pink,BuishandLR,1027,100,207,1,1.0,0.004831,0.009615,1.0,,,4.2433
"D=1, pink",D10_pink,BuishandLR,1028,25,225,1,1.0,0.004444,0.00885,0.0,0.5286,0.8018,5.1081
"D=1, pink",D10_pink,BuishandLR,1028,50,225,1,1.0,0.004444,0.00885,0.0,0.4939,0.8684,5.1081
"D=1, pink",D10_pink,BuishandLR,1028,100,225,1,1.0,0.004444,0.00885,0.0,0.3123,0.949,5.1081
"D=1, pink",D10_pink,BuishandLR,1029,25,187,1,1.0,0.005348,0.010638,0.0,0.4564,0.8732,5.2936
"D=1, pink",D10_pink,BuishandLR,1029,50,187,1,1.0,0.005348,0.010638,0.0,0.2601,0.9893,5.2936
"D=1, pink",D10_pink,BuishandLR,1029,100,187,1,1.0,0.005348,0.010638,0.0,,,5.2936
"D=1, pink",D10_pink,BuishandLR,1030,25,194,1,1.0,0.005155,0.010256,1.0,0.6031,0.8942,4.5089
"D=1, pink",D10_pink,BuishandLR,1030,50,194,1,1.0,0.005155,0.010256,1.0,0.9651,0.9999,4.5089
"D=1, pink",D10_pink,BuishandLR,1030,100,194,1,1.0,0.005155,0.010256,1.0,,,4.5089
"D=1, pink",D10_pink,BuishandLR,1031,25,223,1,1.0,0.004484,0.008929,0.0,0.5554,0.93,3.9519
"D=1, pink",D10_pink,BuishandLR,1031,50,223,1,1.0,0.004484,0.008929,0.0,0.7315,0.9944,3.9519
"D=1, pink",D10_pink,BuishandLR,1031,100,223,1,1.0,0.004484,0.008929,0.0,,,3.9519
"D=1, pink",D10_pink,BuishandLR,1032,25,199,1,1.0,0.005025,0.01,1.0,0.5068,0.7812,3.4309
"D=1, pink",D10_pink,BuishandLR,1032,50,199,1,1.0,0.005025,0.01,1.0,0.7352,0.9817,3.4309
"D=1, pink",D10_pink,BuishandLR,1032,100,199,1,1.0,0.005025,0.01,1.0,0.859,0.9979,3.4309
"D=1, pink",D10_pink,BuishandLR,1033,25,173,1,1.0,0.00578,0.011494,1.0,0.4137,0.8587,3.1331
"D=1, pink",D10_pink,BuishandLR,1033,50,173,1,1.0,0.00578,0.011494,1.0,0.1771,0.9707,3.1331
"D=1, pink",D10_pink,BuishandLR,1033,100,173,1,1.0,0.00578,0.011494,1.0,,,3.1331
"D=1, pink",D10_pink,BuishandLR,1034,25,187,1,1.0,0.005348,0.010638,0.0,0.5959,0.9088,3.253
"D=1, pink",D10_pink,BuishandLR,1034,50,187,1,1.0,0.005348,0.010638,0.0,0.6041,0.9862,3.253
"D=1, pink",D10_pink,BuishandLR,1034,100,187,1,1.0,0.005348,0.010638,0.0,,,3.253
"D=1, pink",D10_pink,BuishandLR,1035,25,193,1,1.0,0.005181,0.010309,0.0,0.3812,0.7966,3.0762
"D=1, pink",D10_pink,BuishandLR,1035,50,193,1,1.0,0.005181,0.010309,0.0,0.3817,0.9827,3.0762
"D=1, pink",D10_pink,BuishandLR,1035,100,193,1,1.0,0.005181,0.010309,0.0,,,3.0762
"D=1, pink",D10_pink,BuishandLR,1036,25,208,1,1.0,0.004808,0.009569,1.0,0.5222,0.8574,3.1196
"D=1, pink",D10_pink,BuishandLR,1036,50,208,1,1.0,0.004808,0.009569,1.0,0.4201,0.9634,3.1196
"D=1, pink",D10_pink,BuishandLR,1036,100,208,1,1.0,0.004808,0.009569,1.0,0.4417,0.9858,3.1196
"D=1, pink",D10_pink,BuishandLR,1037,25,172,1,1.0,0.005814,0.011561,2.0,0.5506,0.823,3.1017
"D=1, pink",D10_pink,BuishandLR,1037,50,172,1,1.0,0.005814,0.011561,2.0,0.5603,0.9573,3.1017
"D=1, pink",D10_pink,BuishandLR,1037,100,172,1,1.0,0.005814,0.011561,2.0,,,3.1017
"D=1, pink",D10_pink,BuishandLR,1038,25,184,1,1.0,0.005435,0.010811,1.0,0.4591,0.7903,3.1169
"D=1, pink",D10_pink,BuishandLR,1038,50,184,1,1.0,0.005435,0.010811,1.0,0.3444,0.9649,3.1169
"D=1, pink",D10_pink,BuishandLR,1038,100,184,1,1.0,0.005435,0.010811,1.0,,,3.1169
"D=1, pink",D10_pink,BuishandLR,1039,25,183,1,1.0,0.005464,0.01087,1.0,0.4455,0.8054,3.2261
"D=1, pink",D10_pink,BuishandLR,1039,50,183,1,1.0,0.005464,0.01087,1.0,0.3956,0.8817,3.2261
"D=1, pink",D10_pink,BuishandLR,1039,100,183,1,1.0,0.005464,0.01087,1.0,0.3818,0.9729,3.2261
"D=1, pink",D10_pink,BuishandLR,1040,25,176,1,1.0,0.005682,0.011299,1.0,0.5233,0.6672,2.9339
"D=1, pink",D10_pink,BuishandLR,1040,50,176,1,1.0,0.005682,0.011299,1.0,0.5783,0.8943,2.9339
"D=1, pink",D10_pink,BuishandLR,1040,100,176,1,1.0,0.005682,0.011299,1.0,0.8519,0.9996,2.9339
"D=1, pink",D10_pink,BuishandLR,1041,25,184,1,1.0,0.005435,0.010811,0.0,0.4654,0.7837,3.4569
"D=1, pink",D10_pink,BuishandLR,1041,50,184,1,1.0,0.005435,0.010811,0.0,0.3911,0.8582,3.4569
"D=1, pink",D10_pink,BuishandLR,1041,100,184,1,1.0,0.005435,0.010811,0.0,0.1745,0.9668,3.4569
"D=1, pink",D10_pink,BuishandLR,1042,25,190,1,1.0,0.005263,0.010471,0.0,0.3991,0.8017,3.3795
"D=1, pink",D10_pink,BuishandLR,1042,50,190,1,1.0,0.005263,0.010471,0.0,0.3584,0.913,3.3795
"D=1, pink",D10_pink,BuishandLR,1042,100,190,1,1.0,0.005263,0.010471,0.0,0.4116,0.982,3.3795
"D=1, pink",D10_pink,BuishandLR,1043,25,200,1,1.0,0.005,0.00995,0.0,0.6968,0.9172,3.2446
"D=1, pink",D10_pink,BuishandLR,1043,50,200,1,1.0,0.005,0.00995,0.0,0.937,0.9966,3.2446
"D=1, pink",D10_pink,BuishandLR,1043,100,200,1,1.0,0.005,0.00995,0.0,0.9195,1.0,3.2446
"D=1, pink",D10_pink,BuishandLR,1044,25,204,1,1.0,0.004902,0.009756,0.0,0.5112,0.8175,2.9806
"D=1, pink",D10_pink,BuishandLR,1044,50,204,1,1.0,0.004902,0.009756,0.0,0.5384,0.9092,2.9806
"D=1, pink",D10_pink,BuishandLR,1044,100,204,1,1.0,0.004902,0.009756,0.0,0.723,0.9863,2.9806
"D=1, pink",D10_pink,BuishandLR,1045,25,180,1,1.0,0.005556,0.01105,0.0,0.6697,0.885,2.6455
"D=1, pink",D10_pink,BuishandLR,1045,50,180,1,1.0,0.005556,0.01105,0.0,0.8473,0.9913,2.6455
"D=1, pink",D10_pink,BuishandLR,1045,100,180,1,1.0,0.005556,0.01105,0.0,0.8696,0.9963,2.6455
"D=1, pink",D10_pink,BuishandLR,1046,25,215,1,1.0,0.004651,0.009259,0.0,0.5853,0.8444,2.7142
"D=1, pink",D10_pink,BuishandLR,1046,50,215,1,1.0,0.004651,0.009259,0.0,0.6295,0.9693,2.7142
"D=1, pink",D10_pink,BuishandLR,1046,100,215,1,1.0,0.004651,0.009259,0.0,,,2.7142
"D=1, pink",D10_pink,BuishandLR,1047,25,199,1,1.0,0.005025,0.01,0.0,0.4378,0.7526,2.2336
"D=1, pink",D10_pink,BuishandLR,1047,50,199,1,1.0,0.005025,0.01,0.0,0.4401,0.9179,2.2336
"D=1, pink",D10_pink,BuishandLR,1047,100,199,1,1.0,0.005025,0.01,0.0,,,2.2336
"D=1, pink",D10_pink,BuishandLR,1048,25,215,1,1.0,0.004651,0.009259,1.0,0.6666,0.9002,2.4537
"D=1, pink",D10_pink,BuishandLR,1048,50,215,1,1.0,0.004651,0.009259,1.0,0.6444,0.9609,2.4537
"D=1, pink",D10_pink,BuishandLR,1048,100,215,1,1.0,0.004651,0.009259,1.0,,,2.4537
"D=1, pink",D10_pink,BuishandLR,1049,25,203,1,1.0,0.004926,0.009804,1.0,0.664,0.9043,3.5084
"D=1, pink",D10_pink,BuishandLR,1049,50,203,1,1.0,0.004926,0.009804,1.0,0.5932,0.9774,3.5084
"D=1, pink",D10_pink,BuishandLR,1049,100,203,1,1.0,0.004926,0.009804,1.0,,,3.5084
"D=1.5, white",D15_white,BuishandLR,1000,25,121,1,1.0,0.008264,0.016393,1.0,0.4014,0.8017,4.3115
"D=1.5, white",D15_white,BuishandLR,1000,50,121,1,1.0,0.008264,0.016393,1.0,0.2903,0.9316,4.3115
"D=1.5, white",D15_white,BuishandLR,1000,100,121,1,1.0,0.008264,0.016393,1.0,,,4.3115
"D=1.5, white",D15_white,BuishandLR,1001,25,116,1,1.0,0.008621,0.017094,0.0,0.5057,0.8545,3.9454
"D=1.5, white",D15_white,BuishandLR,1001,50,116,1,1.0,0.008621,0.017094,0.0,0.0807,0.9852,3.9454
"D=1.5, white",D15_white,BuishandLR,1001,100,116,1,1.0,0.008621,0.017094,0.0,,,3.9454
"D=1.5, white",D15_white,BuishandLR,1002,25,106,1,1.0,0.009434,0.018692,1.0,0.5023,0.8864,4.2529
"D=1.5, white",D15_white,BuishandLR,1002,50,106,1,1.0,0.009434,0.018692,1.0,0.4641,0.9805,4.2529
"D=1.5, white",D15_white,BuishandLR,1002,100,106,1,1.0,0.009434,0.018692,1.0,,,4.2529
"D=1.5, white",D15_white,BuishandLR,1003,25,107,1,1.0,0.009346,0.018519,7.0,0.5415,0.8933,2.9155
"D=1.5, white",D15_white,BuishandLR,1003,50,107,1,1.0,0.009346,0.018519,7.0,0.5867,0.9931,2.9155
"D=1.5, white",D15_white,BuishandLR,1003,100,107,1,1.0,0.009346,0.018519,7.0,,,2.9155
"D=1.5, white",D15_white,BuishandLR,1004,25,133,1,1.0,0.007519,0.014925,2.0,0.4303,0.9132,3.449
"D=1.5, white",D15_white,BuishandLR,1004,50,133,1,1.0,0.007519,0.014925,2.0,,,3.449
"D=1.5, white",D15_white,BuishandLR,1004,100,133,1,1.0,0.007519,0.014925,2.0,,,3.449
"D=1.5, white",D15_white,BuishandLR,1005,25,93,1,1.0,0.010753,0.021277,0.0,0.5247,0.8385,4.6362
"D=1.5, white",D15_white,BuishandLR,1005,50,93,1,1.0,0.010753,0.021277,0.0,0.6605,0.994,4.6362
"D=1.5, white",D15_white,BuishandLR,1005,100,93,1,1.0,0.010753,0.021277,0.0,,,4.6362
"D=1.5, white",D15_white,BuishandLR,1006,25,121,1,1.0,0.008264,0.016393,1.0,0.5406,0.8714,4.2113
"D=1.5, white",D15_white,BuishandLR,1006,50,121,1,1.0,0.008264,0.016393,1.0,0.5262,0.993,4.2113
"D=1.5, white",D15_white,BuishandLR,1006,100,121,1,1.0,0.008264,0.016393,1.0,,,4.2113
"D=1.5, white",D15_white,BuishandLR,1007,25,102,1,1.0,0.009804,0.019417,0.0,0.357,0.7562,2.8173
"D=1.5, white",D15_white,BuishandLR,1007,50,102,1,1.0,0.009804,0.019417,0.0,0.2128,0.9753,2.8173
"D=1.5, white",D15_white,BuishandLR,1007,100,102,1,1.0,0.009804,0.019417,0.0,,,2.8173
"D=1.5, white",D15_white,BuishandLR,1008,25,117,1,1.0,0.008547,0.016949,1.0,0.3512,0.8028,2.8311
"D=1.5, white",D15_white,BuishandLR,1008,50,117,1,1.0,0.008547,0.016949,1.0,0.2779,0.9095,2.8311
"D=1.5, white",D15_white,BuishandLR,1008,100,117,1,1.0,0.008547,0.016949,1.0,0.2318,0.9834,2.8311
"D=1.5, white",D15_white,BuishandLR,1009,25,112,1,1.0,0.008929,0.017699,7.0,0.574,0.9261,2.7586
"D=1.5, white",D15_white,BuishandLR,1009,50,112,1,1.0,0.008929,0.017699,7.0,0.6315,0.988,2.7586
"D=1.5, white",D15_white,BuishandLR,1009,100,112,1,1.0,0.008929,0.017699,7.0,,,2.7586
"D=1.5, white",D15_white,BuishandLR,1010,25,123,1,1.0,0.00813,0.016129,0.0,0.7135,0.9286,2.7672
"D=1.5, white",D15_white,BuishandLR,1010,50,123,1,1.0,0.00813,0.016129,0.0,0.8355,0.9939,2.7672
"D=1.5, white",D15_white,BuishandLR,1010,100,123,1,1.0,0.00813,0.016129,0.0,,,2.7672
"D=1.5, white",D15_white,BuishandLR,1011,25,121,1,1.0,0.008264,0.016393,0.0,0.5501,0.8944,2.7469
"D=1.5, white",D15_white,BuishandLR,1011,50,121,1,1.0,0.008264,0.016393,0.0,0.6831,0.9915,2.7469
"D=1.5, white",D15_white,BuishandLR,1011,100,121,1,1.0,0.008264,0.016393,0.0,,,2.7469
"D=1.5, white",D15_white,BuishandLR,1012,25,107,1,1.0,0.009346,0.018519,0.0,0.5443,0.8275,2.784
"D=1.5, white",D15_white,BuishandLR,1012,50,107,1,1.0,0.009346,0.018519,0.0,0.6775,0.971,2.784
"D=1.5, white",D15_white,BuishandLR,1012,100,107,1,1.0,0.009346,0.018519,0.0,,,2.784
"D=1.5, white",D15_white,BuishandLR,1013,25,106,1,1.0,0.009434,0.018692,3.0,0.4673,0.7771,3.0376
"D=1.5, white",D15_white,BuishandLR,1013,50,106,1,1.0,0.009434,0.018692,3.0,0.4722,0.9712,3.0376
"D=1.5, white",D15_white,BuishandLR,1013,100,106,1,1.0,0.009434,0.018692,3.0,,,3.0376
"D=1.5, white",D15_white,BuishandLR,1014,25,101,1,1.0,0.009901,0.019608,0.0,0.5776,0.8674,2.7384
"D=1.5, white",D15_white,BuishandLR,1014,50,101,1,1.0,0.009901,0.019608,0.0,0.5091,0.978,2.7384
"D=1.5, white",D15_white,BuishandLR,1014,100,101,1,1.0,0.009901,0.019608,0.0,,,2.7384
"D=1.5, white",D15_white,BuishandLR,1015,25,110,1,1.0,0.009091,0.018018,0.0,0.497,0.8518,2.9197
"D=1.5, white",D15_white,BuishandLR,1015,50,110,1,1.0,0.009091,0.018018,0.0,0.7368,0.995,2.9197
"D=1.5, white",D15_white,BuishandLR,1015,100,110,1,1.0,0.009091,0.018018,0.0,,,2.9197
"D=1.5, white",D15_white,BuishandLR,1016,25,111,1,1.0,0.009009,0.017857,1.0,0.4423,0.8054,2.8929
"D=1.5, white",D15_white,BuishandLR,1016,50,111,1,1.0,0.009009,0.017857,1.0,0.5104,0.9358,2.8929
"D=1.5, white",D15_white,BuishandLR,1016,100,111,1,1.0,0.009009,0.017857,1.0,,,2.8929
"D=1.5, white",D15_white,BuishandLR,1017,25,110,1,1.0,0.009091,0.018018,0.0,0.378,0.8482,2.8971
"D=1.5, white",D15_white,BuishandLR,1017,50,110,1,1.0,0.009091,0.018018,0.0,0.2486,0.976,2.8971
"D=1.5, white",D15_white,BuishandLR,1017,100,110,1,1.0,0.009091,0.018018,0.0,,,2.8971
"D=1.5, white",D15_white,BuishandLR,1018,25,117,1,1.0,0.008547,0.016949,1.0,0.5265,0.9073,3.0965
"D=1.5, white",D15_white,BuishandLR,1018,50,117,1,1.0,0.008547,0.016949,1.0,0.6808,0.9992,3.0965
"D=1.5, white",D15_white,BuishandLR,1018,100,117,1,1.0,0.008547,0.016949,1.0,,,3.0965
"D=1.5, white",D15_white,BuishandLR,1019,25,111,1,1.0,0.009009,0.017857,6.0,0.4461,0.7457,2.9047
"D=1.5, white",D15_white,BuishandLR,1019,50,111,1,1.0,0.009009,0.017857,6.0,0.3265,0.8989,2.9047
"D=1.5, white",D15_white,BuishandLR,1019,100,111,1,1.0,0.009009,0.017857,6.0,0.0002,0.9905,2.9047
"D=1.5, white",D15_white,BuishandLR,1020,25,119,1,1.0,0.008403,0.016667,2.0,0.4531,0.8412,2.9977
"D=1.5, white",D15_white,BuishandLR,1020,50,119,1,1.0,0.008403,0.016667,2.0,0.5577,0.9666,2.9977
"D=1.5, white",D15_white,BuishandLR,1020,100,119,1,1.0,0.008403,0.016667,2.0,,,2.9977
"D=1.5, white",D15_white,BuishandLR,1021,25,117,1,1.0,0.008547,0.016949,2.0,0.6057,0.8821,3.0014
"D=1.5, white",D15_white,BuishandLR,1021,50,117,1,1.0,0.008547,0.016949,2.0,0.681,0.9846,3.0014
"D=1.5, white",D15_white,BuishandLR,1021,100,117,1,1.0,0.008547,0.016949,2.0,,,3.0014
"D=1.5, white",D15_white,BuishandLR,1022,25,124,1,1.0,0.008065,0.016,5.0,0.5286,0.8881,3.0662
"D=1.5, white",D15_white,BuishandLR,1022,50,124,1,1.0,0.008065,0.016,5.0,0.465,0.9996,3.0662
"D=1.5, white",D15_white,BuishandLR,1022,100,124,1,1.0,0.008065,0.016,5.0,,,3.0662
"D=1.5, white",D15_white,BuishandLR,1023,25,115,1,1.0,0.008696,0.017241,0.0,0.6305,0.883,3.0847
"D=1.5, white",D15_white,BuishandLR,1023,50,115,1,1.0,0.008696,0.017241,0.0,0.5326,0.9528,3.0847
"D=1.5, white",D15_white,BuishandLR,1023,100,115,1,1.0,0.008696,0.017241,0.0,0.4336,0.9963,3.0847
"D=1.5, white",D15_white,BuishandLR,1024,25,101,1,1.0,0.009901,0.019608,0.0,0.428,0.8107,2.9902
"D=1.5, white",D15_white,BuishandLR,1024,50,101,1,1.0,0.009901,0.019608,0.0,0.4744,0.9948,2.9902
"D=1.5, white",D15_white,BuishandLR,1024,100,101,1,1.0,0.009901,0.019608,0.0,,,2.9902
"D=1.5, white",D15_white,BuishandLR,1025,25,103,1,1.0,0.009709,0.019231,0.0,0.5828,0.8662,3.2893
"D=1.5, white",D15_white,BuishandLR,1025,50,103,1,1.0,0.009709,0.019231,0.0,0.9601,0.9974,3.2893
"D=1.5, white",D15_white,BuishandLR,1025,100,103,1,1.0,0.009709,0.019231,0.0,0.9973,1.0,3.2893
"D=1.5, white",D15_white,BuishandLR,1026,25,100,1,1.0,0.01,0.019802,2.0,0.3834,0.8099,4.044
"D=1.5, white",D15_white,BuishandLR,1026,50,100,1,1.0,0.01,0.019802,2.0,0.2867,0.9852,4.044
"D=1.5, white",D15_white,BuishandLR,1026,100,100,1,1.0,0.01,0.019802,2.0,,,4.044
"D=1.5, white",D15_white,BuishandLR,1027,25,106,1,1.0,0.009434,0.018692,0.0,0.474,0.8243,3.2153
"D=1.5, white",D15_white,BuishandLR,1027,50,106,1,1.0,0.009434,0.018692,0.0,0.5333,0.9645,3.2153
"D=1.5, white",D15_white,BuishandLR,1027,100,106,1,1.0,0.009434,0.018692,0.0,,,3.2153
"D=1.5, white",D15_white,BuishandLR,1028,25,122,1,1.0,0.008197,0.01626,5.0,0.4309,0.8088,2.913
"D=1.5, white",D15_white,BuishandLR,1028,50,122,1,1.0,0.008197,0.01626,5.0,0.4667,0.9698,2.913
"D=1.5, white",D15_white,BuishandLR,1028,100,122,1,1.0,0.008197,0.01626,5.0,,,2.913
"D=1.5, white",D15_white,BuishandLR,1029,25,111,1,1.0,0.009009,0.017857,10.0,0.5427,0.8667,3.0811
"D=1.5, white",D15_white,BuishandLR,1029,50,111,1,1.0,0.009009,0.017857,10.0,0.5055,0.991,3.0811
"D=1.5, white",D15_white,BuishandLR,1029,100,111,1,1.0,0.009009,0.017857,10.0,,,3.0811
"D=1.5, white",D15_white,BuishandLR,1030,25,127,1,1.0,0.007874,0.015625,0.0,0.4562,0.9135,3.0968
"D=1.5, white",D15_white,BuishandLR,1030,50,127,1,1.0,0.007874,0.015625,0.0,,,3.0968
"D=1.5, white",D15_white,BuishandLR,1030,100,127,1,1.0,0.007874,0.015625,0.0,,,3.0968
"D=1.5, white",D15_white,BuishandLR,1031,25,154,1,1.0,0.006494,0.012903,1.0,0.3287,0.9101,3.1569
"D=1.5, white",D15_white,BuishandLR,1031,50,154,1,1.0,0.006494,0.012903,1.0,,,3.1569
"D=1.5, white",D15_white,BuishandLR,1031,100,154,1,1.0,0.006494,0.012903,1.0,,,3.1569
"D=1.5, white",D15_white,BuishandLR,1032,25,112,1,1.0,0.008929,0.017699,1.0,0.4636,0.8992,3.2248
"D=1.5, white",D15_white,BuishandLR,1032,50,112,1,1.0,0.008929,0.017699,1.0,,,3.2248
"D=1.5, white",D15_white,BuishandLR,1032,100,112,1,1.0,0.008929,0.017699,1.0,,,3.2248
"D=1.5, white",D15_white,BuishandLR,1033,25,101,1,1.0,0.009901,0.019608,2.0,0.6508,0.8559,3.1426
"D=1.5, white",D15_white,BuishandLR,1033,50,101,1,1.0,0.009901,0.019608,2.0,0.7764,0.9898,3.1426
"D=1.5, white",D15_white,BuishandLR,1033,100,101,1,1.0,0.009901,0.019608,2.0,,,3.1426
"D=1.5, white",D15_white,BuishandLR,1034,25,125,1,1.0,0.008,0.015873,0.0,0.5437,0.9138,3.2497
"D=1.5, white",D15_white,BuishandLR,1034,50,125,1,1.0,0.008,0.015873,0.0,0.42,0.9829,3.2497
"D=1.5, white",D15_white,BuishandLR,1034,100,125,1,1.0,0.008,0.015873,0.0,,,3.2497
"D=1.5, white",D15_white,BuishandLR,1035,25,107,1,1.0,0.009346,0.018519,3.0,0.4221,0.8031,2.9697
"D=1.5, white",D15_white,BuishandLR,1035,50,107,1,1.0,0.009346,0.018519,3.0,0.2119,0.9915,2.9697
"D=1.5, white",D15_white,BuishandLR,1035,100,107,1,1.0,0.009346,0.018519,3.0,,,2.9697
"D=1.5, white",D15_white,BuishandLR,1036,25,116,1,1.0,0.008621,0.017094,0.0,0.6464,0.9204,3.2518
"D=1.5, white",D15_white,BuishandLR,1036,50,116,1,1.0,0.008621,0.017094,0.0,0.4567,0.9787,3.2518
"D=1.5, white",D15_white,BuishandLR,1036,100,116,1,1.0,0.008621,0.017094,0.0,,,3.2518
"D=1.5, white",D15_white,BuishandLR,1037,25,112,1,1.0,0.008929,0.017699,1.0,0.5384,0.8476,3.1816
"D=1.5, white",D15_white,BuishandLR,1037,50,112,1,1.0,0.008929,0.017699,1.0,0.8,0.9934,3.1816
"D=1.5, white",D15_white,BuishandLR,1037,100,112,1,1.0,0.008929,0.017699,1.0,,,3.1816
"D=1.5, white",D15_white,BuishandLR,1038,25,130,1,1.0,0.007692,0.015267,1.0,0.5414,0.8522,3.2997
"D=1.5, white",D15_white,BuishandLR,1038,50,130,1,1.0,0.007692,0.015267,1.0,0.8623,0.9993,3.2997
"D=1.5, white",D15_white,BuishandLR,1038,100,130,1,1.0,0.007692,0.015267,1.0,,,3.2997
"D=1.5, white",D15_white,BuishandLR,1039,25,105,1,1.0,0.009524,0.018868,11.0,0.373,0.7875,3.2475
"D=1.5, white",D15_white,BuishandLR,1039,50,105,1,1.0,0.009524,0.018868,11.0,0.4267,0.9653,3.2475
"D=1.5, white",D15_white,BuishandLR,1039,100,105,1,1.0,0.009524,0.018868,11.0,,,3.2475
"D=1.5, white",D15_white,BuishandLR,1040,25,113,1,1.0,0.00885,0.017544,0.0,0.4759,0.7847,3.272
"D=1.5, white",D15_white,BuishandLR,1040,50,113,1,1.0,0.00885,0.017544,0.0,0.3181,0.9637,3.272
"D=1.5, white",D15_white,BuishandLR,1040,100,113,1,1.0,0.00885,0.017544,0.0,,,3.272
"D=1.5, white",D15_white,BuishandLR,1041,25,133,1,1.0,0.007519,0.014925,1.0,0.4334,0.8971,3.2767
"D=1.5, white",D15_white,BuishandLR,1041,50,133,1,1.0,0.007519,0.014925,1.0,0.2525,0.9886,3.2767
"D=1.5, white",D15_white,BuishandLR,1041,100,133,1,1.0,0.007519,0.014925,1.0,,,3.2767
"D=1.5, white",D15_white,BuishandLR,1042,25,127,1,1.0,0.007874,0.015625,1.0,0.3278,0.8542,3.2702
"D=1.5, white",D15_white,BuishandLR,1042,50,127,1,1.0,0.007874,0.015625,1.0,0.1349,0.9242,3.2702
"D=1.5, white",D15_white,BuishandLR,1042,100,127,1,1.0,0.007874,0.015625,1.0,,,3.2702
"D=1.5, white",D15_white,BuishandLR,1043,25,123,1,1.0,0.00813,0.016129,14.0,0.6659,0.907,3.2361
"D=1.5, white",D15_white,BuishandLR,1043,50,123,1,1.0,0.00813,0.016129,14.0,0.9759,0.9996,3.2361
"D=1.5, white",D15_white,BuishandLR,1043,100,123,1,1.0,0.00813,0.016129,14.0,,,3.2361
"D=1.5, white",D15_white,BuishandLR,1044,25,101,1,1.0,0.009901,0.019608,2.0,0.5011,0.8473,3.3884
"D=1.5, white",D15_white,BuishandLR,1044,50,101,1,1.0,0.009901,0.019608,2.0,0.3479,0.9942,3.3884
"D=1.5, white",D15_white,BuishandLR,1044,100,101,1,1.0,0.009901,0.019608,2.0,,,3.3884
"D=1.5, white",D15_white,BuishandLR,1045,25,113,1,1.0,0.00885,0.017544,0.0,0.6815,0.9044,3.3048
"D=1.5, white",D15_white,BuishandLR,1045,50,113,1,1.0,0.00885,0.017544,0.0,0.6479,0.9817,3.3048
"D=1.5, white",D15_white,BuishandLR,1045,100,113,1,1.0,0.00885,0.017544,0.0,,,3.3048
"D=1.5, white",D15_white,BuishandLR,1046,25,124,1,1.0,0.008065,0.016,0.0,0.4917,0.9229,3.2601
"D=1.5, white",D15_white,BuishandLR,1046,50,124,1,1.0,0.008065,0.016,0.0,,,3.2601
"D=1.5, white",D15_white,BuishandLR,1046,100,124,1,1.0,0.008065,0.016,0.0,,,3.2601
"D=1.5, white",D15_white,BuishandLR,1047,25,111,1,1.0,0.009009,0.017857,12.0,0.5131,0.8383,3.6253
"D=1.5, white",D15_white,BuishandLR,1047,50,111,1,1.0,0.009009,0.017857,12.0,0.5106,0.9896,3.6253
"D=1.5, white",D15_white,BuishandLR,1047,100,111,1,1.0,0.009009,0.017857,12.0,,,3.6253
"D=1.5, white",D15_white,BuishandLR,1048,25,134,1,1.0,0.007463,0.014815,1.0,0.5493,0.8857,4.1874
"D=1.5, white",D15_white,BuishandLR,1048,50,134,1,1.0,0.007463,0.014815,1.0,0.7177,0.9969,4.1874
"D=1.5, white",D15_white,BuishandLR,1048,100,134,1,1.0,0.007463,0.014815,1.0,,,4.1874
"D=1.5, white",D15_white,BuishandLR,1049,25,123,1,1.0,0.00813,0.016129,2.0,0.5438,0.9024,3.7242
"D=1.5, white",D15_white,BuishandLR,1049,50,123,1,1.0,0.00813,0.016129,2.0,0.3667,0.9754,3.7242
"D=1.5, white",D15_white,BuishandLR,1049,100,123,1,1.0,0.00813,0.016129,2.0,,,3.7242
"D=0.5, white",D05_white,Chow,1000,25,5,1,1.0,0.2,0.333333,0.0,0.7275,0.4865,7.5813
"D=0.5, white",D05_white,Chow,1000,50,5,1,1.0,0.2,0.333333,0.0,0.7418,0.5814,7.5813
"D=0.5, white",D05_white,Chow,1000,100,5,1,1.0,0.2,0.333333,0.0,0.7749,0.7624,7.5813
"D=0.5, white",D05_white,Chow,1001,25,1,1,0.0,0.0,0.0,9999.0,0.6515,0.3865,10.2745
"D=0.5, white",D05_white,Chow,1001,50,1,1,1.0,1.0,1.0,40.0,0.7949,0.6077,10.2745
"D=0.5, white",D05_white,Chow,1001,100,1,1,1.0,1.0,1.0,40.0,0.6643,0.3617,10.2745
"D=0.5, white",D05_white,Chow,1002,25,1,1,1.0,1.0,1.0,4.0,0.6876,0.628,9.6813
"D=0.5, white",D05_white,Chow,1002,50,1,1,1.0,1.0,1.0,4.0,0.823,0.7904,9.6813
"D=0.5, white",D05_white,Chow,1002,100,1,1,1.0,1.0,1.0,4.0,0.8722,0.6604,9.6813
"D=0.5, white",D05_white,Chow,1003,25,3,1,1.0,0.333333,0.5,23.0,0.8261,0.4436,11.9628
"D=0.5, white",D05_white,Chow,1003,50,3,1,1.0,0.333333,0.5,23.0,0.8757,0.6585,11.9628
"D=0.5, white",D05_white,Chow,1003,100,3,1,1.0,0.333333,0.5,23.0,0.9087,0.718,11.9628
"D=0.5, white",D05_white,Chow,1004,25,3,1,1.0,0.333333,0.5,3.0,0.6513,0.2377,9.2215
"D=0.5, white",D05_white,Chow,1004,50,3,1,1.0,0.333333,0.5,3.0,0.6705,0.2608,9.2215
"D=0.5, white",D05_white,Chow,1004,100,3,1,1.0,0.333333,0.5,3.0,0.5835,0.2481,9.2215
"D=0.5, white",D05_white,Chow,1005,25,3,1,1.0,0.333333,0.5,0.0,0.6338,0.6451,7.9325
"D=0.5, white",D05_white,Chow,1005,50,3,1,1.0,0.333333,0.5,0.0,0.6505,0.6719,7.9325
"D=0.5, white",D05_white,Chow,1005,100,3,1,1.0,0.333333,0.5,0.0,0.6628,0.7032,7.9325
"D=0.5, white",D05_white,Chow,1006,25,1,1,1.0,1.0,1.0,21.0,0.7064,0.6918,8.1372
"D=0.5, white",D05_white,Chow,1006,50,1,1,1.0,1.0,1.0,21.0,0.8309,0.8355,8.1372
"D=0.5, white",D05_white,Chow,1006,100,1,1,1.0,1.0,1.0,21.0,0.8425,0.7153,8.1372
"D=0.5, white",D05_white,Chow,1007,25,1,1,1.0,1.0,1.0,5.0,0.6673,0.2292,7.8445
"D=0.5, white",D05_white,Chow,1007,50,1,1,1.0,1.0,1.0,5.0,0.8099,0.3714,7.8445
"D=0.5, white",D05_white,Chow,1007,100,1,1,1.0,1.0,1.0,5.0,0.905,0.8982,7.8445
"D=0.5, white",D05_white,Chow,1008,25,3,1,1.0,0.333333,0.5,1.0,0.6368,0.6269,8.83
"D=0.5, white",D05_white,Chow,1008,50,3,1,1.0,0.333333,0.5,1.0,0.6605,0.6639,8.83
"D=0.5, white",D05_white,Chow,1008,100,3,1,1.0,0.333333,0.5,1.0,0.6608,0.6922,8.83
"D=0.5, white",D05_white,Chow,1009,25,3,1,1.0,0.333333,0.5,1.0,0.83,0.5365,7.8391
"D=0.5, white",D05_white,Chow,1009,50,3,1,1.0,0.333333,0.5,1.0,0.8744,0.705,7.8391
"D=0.5, white",D05_white,Chow,1009,100,3,1,1.0,0.333333,0.5,1.0,0.9198,0.8524,7.8391
"D=0.5, white",D05_white,Chow,1010,25,3,1,1.0,0.333333,0.5,0.0,0.6513,0.6586,7.1535
"D=0.5, white",D05_white,Chow,1010,50,3,1,1.0,0.333333,0.5,0.0,0.6841,0.6794,7.1535
"D=0.5, white",D05_white,Chow,1010,100,3,1,1.0,0.333333,0.5,0.0,0.7288,0.7138,7.1535
"D=0.5, white",D05_white,Chow,1011,25,3,1,1.0,0.333333,0.5,0.0,0.6123,0.6094,17.2734
"D=0.5, white",D05_white,Chow,1011,50,3,1,1.0,0.333333,0.5,0.0,0.6225,0.5776,17.2734
"D=0.5, white",D05_white,Chow,1011,100,3,1,1.0,0.333333,0.5,0.0,0.5997,0.5496,17.2734
"D=0.5, white",D05_white,Chow,1012,25,1,1,1.0,1.0,1.0,7.0,0.6883,0.6925,19.586
"D=0.5, white",D05_white,Chow,1012,50,1,1,1.0,1.0,1.0,7.0,0.7869,0.5239,19.586
"D=0.5, white",D05_white,Chow,1012,100,1,1,1.0,1.0,1.0,7.0,0.8622,0.4841,19.586
"D=0.5, white",D05_white,Chow,1013,25,3,1,1.0,0.333333,0.5,11.0,0.5708,0.2806,12.352
"D=0.5, white",D05_white,Chow,1013,50,3,1,1.0,0.333333,0.5,11.0,0.6468,0.3795,12.352
"D=0.5, white",D05_white,Chow,1013,100,3,1,1.0,0.333333,0.5,11.0,0.6767,0.4365,12.352
"D=0.5, white",D05_white,Chow,1014,25,3,1,1.0,0.333333,0.5,0.0,0.6603,0.6042,7.826
"D=0.5, white",D05_white,Chow,1014,50,3,1,1.0,0.333333,0.5,0.0,0.6989,0.5524,7.826
"D=0.5, white",D05_white,Chow,1014,100,3,1,1.0,0.333333,0.5,0.0,0.7499,0.5961,7.826
"D=0.5, white",D05_white,Chow,1015,25,1,1,1.0,1.0,1.0,3.0,0.6977,0.702,10.4761
"D=0.5, white",D05_white,Chow,1015,50,1,1,1.0,1.0,1.0,3.0,0.828,0.8303,10.4761
"D=0.5, white",D05_white,Chow,1015,100,1,1,1.0,1.0,1.0,3.0,0.9063,0.8877,10.4761
"D=0.5, white",D05_white,Chow,1016,25,3,1,1.0,0.333333,0.5,2.0,0.7267,0.5616,8.1531
"D=0.5, white",D05_white,Chow,1016,50,3,1,1.0,0.333333,0.5,2.0,0.7748,0.54,8.1531
"D=0.5, white",D05_white,Chow,1016,100,3,1,1.0,0.333333,0.5,2.0,0.833,0.6785,8.1531
"D=0.5, white",D05_white,Chow,1017,25,1,1,1.0,1.0,1.0,6.0,0.6444,0.3192,7.7901
"D=0.5, white",D05_white,Chow,1017,50,1,1,1.0,1.0,1.0,6.0,0.6439,0.2004,7.7901
"D=0.5, white",D05_white,Chow,1017,100,1,1,1.0,1.0,1.0,6.0,0.5174,0.1368,7.7901
"D=0.5, white",D05_white,Chow,1018,25,1,1,1.0,1.0,1.0,6.0,0.6782,0.6768,7.6727
"D=0.5, white",D05_white,Chow,1018,50,1,1,1.0,1.0,1.0,6.0,0.8206,0.7697,7.6727
"D=0.5, white",D05_white,Chow,1018,100,1,1,1.0,1.0,1.0,6.0,0.8938,0.778,7.6727
"D=0.5, white",D05_white,Chow,1019,25,1,1,0.0,0.0,0.0,9999.0,0.6574,0.1381,7.7704
"D=0.5, white",D05_white,Chow,1019,50,1,1,1.0,1.0,1.0,48.0,0.8108,0.5597,7.7704
"D=0.5, white",D05_white,Chow,1019,100,1,1,1.0,1.0,1.0,48.0,0.7558,0.3832,7.7704
"D=0.5, white",D05_white,Chow,1020,25,1,1,1.0,1.0,1.0,7.0,0.6853,0.5357,7.7583
"D=0.5, white",D05_white,Chow,1020,50,1,1,1.0,1.0,1.0,7.0,0.8232,0.7261,7.7583
"D=0.5, white",D05_white,Chow,1020,100,1,1,1.0,1.0,1.0,7.0,0.9015,0.8326,7.7583
"D=0.5, white",D05_white,Chow,1021,25,1,1,1.0,1.0,1.0,6.0,0.6524,0.3869,7.954
"D=0.5, white",D05_white,Chow,1021,50,1,1,1.0,1.0,1.0,6.0,0.6096,0.2318,7.954
"D=0.5, white",D05_white,Chow,1021,100,1,1,1.0,1.0,1.0,6.0,0.5014,0.1509,7.954
"D=0.5, white",D05_white,Chow,1022,25,3,1,1.0,0.333333,0.5,0.0,0.706,0.6825,7.9735
"D=0.5, white",D05_white,Chow,1022,50,3,1,1.0,0.333333,0.5,0.0,0.7254,0.6932,7.9735
"D=0.5, white",D05_white,Chow,1022,100,3,1,1.0,0.333333,0.5,0.0,0.7469,0.7129,7.9735
"D=0.5, white",D05_white,Chow,1023,25,3,1,1.0,0.333333,0.5,0.0,0.6541,0.6531,8.7176
"D=0.5, white",D05_white,Chow,1023,50,3,1,1.0,0.333333,0.5,0.0,0.6631,0.6737,8.7176
"D=0.5, white",D05_white,Chow,1023,100,3,1,1.0,0.333333,0.5,0.0,0.6587,0.6813,8.7176
"D=0.5, white",D05_white,Chow,1024,25,5,1,1.0,0.2,0.333333,1.0,0.6349,0.4327,8.7476
"D=0.5, white",D05_white,Chow,1024,50,5,1,1.0,0.2,0.333333,1.0,0.6281,0.483,8.7476
"D=0.5, white",D05_white,Chow,1024,100,5,1,1.0,0.2,0.333333,1.0,0.6355,0.6133,8.7476
"D=0.5, white",D05_white,Chow,1025,25,1,1,1.0,1.0,1.0,7.0,0.6772,0.6101,7.8244
"D=0.5, white",D05_white,Chow,1025,50,1,1,1.0,1.0,1.0,7.0,0.8216,0.814,7.8244
"D=0.5, white",D05_white,Chow,1025,100,1,1,1.0,1.0,1.0,7.0,0.6027,0.5068,7.8244
"D=0.5, white",D05_white,Chow,1026,25,1,1,1.0,1.0,1.0,6.0,0.7148,0.7026,8.0482
"D=0.5, white",D05_white,Chow,1026,50,1,1,1.0,1.0,1.0,6.0,0.8336,0.8338,8.0482
"D=0.5, white",D05_white,Chow,1026,100,1,1,1.0,1.0,1.0,6.0,0.8774,0.6435,8.0482
"D=0.5, white",D05_white,Chow,1027,25,3,1,1.0,0.333333,0.5,3.0,0.885,0.6535,9.3109
"D=0.5, white",D05_white,Chow,1027,50,3,1,1.0,0.333333,0.5,3.0,0.9354,0.8685,9.3109
"D=0.5, white",D05_white,Chow,1027,100,3,1,1.0,0.333333,0.5,3.0,0.9652,0.965,9.3109
"D=0.5, white",D05_white,Chow,1028,25,5,1,1.0,0.2,0.333333,2.0,0.7796,0.7406,7.8175
"D=0.5, white",D05_white,Chow,1028,50,5,1,1.0,0.2,0.333333,2.0,0.8093,0.7644,7.8175
"D=0.5, white",D05_white,Chow,1028,100,5,1,1.0,0.2,0.333333,2.0,0.8188,0.766,7.8175
"D=0.5, white",D05_white,Chow,1029,25,3,1,1.0,0.333333,0.5,2.0,0.6542,0.6157,8.0452
"D=0.5, white",D05_white,Chow,1029,50,3,1,1.0,0.333333,0.5,2.0,0.6734,0.5596,8.0452
"D=0.5, white",D05_white,Chow,1029,100,3,1,1.0,0.333333,0.5,2.0,0.6922,0.554,8.0452
"D=0.5, white",D05_white,Chow,1030,25,3,1,1.0,0.333333,0.5,2.0,0.8078,0.5482,8.8566
"D=0.5, white",D05_white,Chow,1030,50,3,1,1.0,0.333333,0.5,2.0,0.8565,0.6499,8.8566
"D=0.5, white",D05_white,Chow,1030,100,3,1,1.0,0.333333,0.5,2.0,0.9041,0.8028,8.8566
"D=0.5, white",D05_white,Chow,1031,25,1,1,0.0,0.0,0.0,9999.0,0.6335,0.1352,7.5725
"D=0.5, white",D05_white,Chow,1031,50,1,1,0.0,0.0,0.0,9999.0,0.771,0.1641,7.5725
"D=0.5, white",D05_white,Chow,1031,100,1,1,1.0,1.0,1.0,55.0,0.7618,0.2548,7.5725
"D=0.5, white",D05_white,Chow,1032,25,1,1,1.0,1.0,1.0,4.0,0.686,0.572,7.7217
"D=0.5, white",D05_white,Chow,1032,50,1,1,1.0,1.0,1.0,4.0,0.8202,0.686,7.7217
"D=0.5, white",D05_white,Chow,1032,100,1,1,1.0,1.0,1.0,4.0,0.8448,0.533,7.7217
"D=0.5, white",D05_white,Chow,1033,25,1,1,0.0,0.0,0.0,9999.0,0.4047,0.0143,7.7376
"D=0.5, white",D05_white,Chow,1033,50,1,1,0.0,0.0,0.0,9999.0,0.3083,0.0193,7.7376
"D=0.5, white",D05_white,Chow,1033,100,1,1,0.0,0.0,0.0,9999.0,0.4844,0.0733,7.7376
"D=0.5, white",D05_white,Chow,1034,25,1,1,1.0,1.0,1.0,3.0,0.6977,0.702,8.0562
"D=0.5, white",D05_white,Chow,1034,50,1,1,1.0,1.0,1.0,3.0,0.8186,0.6627,8.0562
"D=0.5, white",D05_white,Chow,1034,100,1,1,1.0,1.0,1.0,3.0,0.9038,0.8223,8.0562
"D=0.5, white",D05_white,Chow,1035,25,3,1,1.0,0.333333,0.5,16.0,0.764,0.3577,10.1974
"D=0.5, white",D05_white,Chow,1035,50,3,1,1.0,0.333333,0.5,16.0,0.8025,0.3791,10.1974
"D=0.5, white",D05_white,Chow,1035,100,3,1,1.0,0.333333,0.5,16.0,0.8409,0.593,10.1974
"D=0.5, white",D05_white,Chow,1036,25,3,1,1.0,0.333333,0.5,0.0,0.6557,0.6414,12.2047
"D=0.5, white",D05_white,Chow,1036,50,3,1,1.0,0.333333,0.5,0.0,0.6442,0.5881,12.2047
"D=0.5, white",D05_white,Chow,1036,100,3,1,1.0,0.333333,0.5,0.0,0.6098,0.5547,12.2047
"D=0.5, white",D05_white,Chow,1037,25,3,1,1.0,0.333333,0.5,0.0,0.6555,0.6468,12.0683
"D=0.5, white",D05_white,Chow,1037,50,3,1,1.0,0.333333,0.5,0.0,0.6397,0.5701,12.0683
"D=0.5, white",D05_white,Chow,1037,100,3,1,1.0,0.333333,0.5,0.0,0.6075,0.5434,12.0683
"D=0.5, white",D05_white,Chow,1038,25,1,1,1.0,1.0,1.0,11.0,0.667,0.6431,12.2697
"D=0.5, white",D05_white,Chow,1038,50,1,1,1.0,1.0,1.0,11.0,0.7513,0.407,12.2697
"D=0.5, white",D05_white,Chow,1038,100,1,1,1.0,1.0,1.0,11.0,0.7612,0.2894,12.2697
"D=0.5, white",D05_white,Chow,1039,25,1,1,1.0,1.0,1.0,11.0,0.6228,0.4933,9.0087
"D=0.5, white",D05_white,Chow,1039,50,1,1,1.0,1.0,1.0,11.0,0.464,0.2859,9.0087
"D=0.5, white",D05_white,Chow,1039,100,1,1,1.0,1.0,1.0,11.0,0.3984,0.1771,9.0087
"D=0.5, white",D05_white,Chow,1040,25,1,1,1.0,1.0,1.0,4.0,0.6875,0.6442,8.692
"D=0.5, white",D05_white,Chow,1040,50,1,1,1.0,1.0,1.0,4.0,0.8218,0.6918,8.692
"D=0.5, white",D05_white,Chow,1040,100,1,1,1.0,1.0,1.0,4.0,0.8506,0.5366,8.692
"D=0.5, white",D05_white,Chow,1041,25,1,1,1.0,1.0,1.0,1.0,0.7375,0.7383,7.2005
"D=0.5, white",D05_white,Chow,1041,50,1,1,1.0,1.0,1.0,1.0,0.8415,0.8403,7.2005
"D=0.5, white",D05_white,Chow,1041,100,1,1,1.0,1.0,1.0,1.0,0.9113,0.9091,7.2005
"D=0.5, white",D05_white,Chow,1042,25,1,1,1.0,1.0,1.0,5.0,0.6762,0.6253,8.9167
"D=0.5, white",D05_white,Chow,1042,50,1,1,1.0,1.0,1.0,5.0,0.7675,0.422,8.9167
"D=0.5, white",D05_white,Chow,1042,100,1,1,1.0,1.0,1.0,5.0,0.8049,0.3387,8.9167
"D=0.5, white",D05_white,Chow,1043,25,3,1,1.0,0.333333,0.5,4.0,0.6432,0.421,10.8736
"D=0.5, white",D05_white,Chow,1043,50,3,1,1.0,0.333333,0.5,4.0,0.5891,0.4554,10.8736
"D=0.5, white",D05_white,Chow,1043,100,3,1,1.0,0.333333,0.5,4.0,0.5721,0.534,10.8736
"D=0.5, white",D05_white,Chow,1044,25,3,1,1.0,0.333333,0.5,0.0,0.6417,0.6454,10.1904
"D=0.5, white",D05_white,Chow,1044,50,3,1,1.0,0.333333,0.5,0.0,0.6609,0.6707,10.1904
"D=0.5, white",D05_white,Chow,1044,100,3,1,1.0,0.333333,0.5,0.0,0.6792,0.703,10.1904
"D=0.5, white",D05_white,Chow,1045,25,1,1,1.0,1.0,1.0,11.0,0.6555,0.5974,7.2493
"D=0.5, white",D05_white,Chow,1045,50,1,1,1.0,1.0,1.0,11.0,0.8153,0.8198,7.2493
"D=0.5, white",D05_white,Chow,1045,100,1,1,1.0,1.0,1.0,11.0,0.891,0.7127,7.2493
"D=0.5, white",D05_white,Chow,1046,25,1,1,1.0,1.0,1.0,6.0,0.7065,0.7038,7.4773
"D=0.5, white",D05_white,Chow,1046,50,1,1,1.0,1.0,1.0,6.0,0.71,0.4932,7.4773
"D=0.5, white",D05_white,Chow,1046,100,1,1,1.0,1.0,1.0,6.0,0.5365,0.295,7.4773
"D=0.5, white",D05_white,Chow,1047,25,3,1,1.0,0.333333,0.5,0.0,0.8354,0.5836,8.0309
"D=0.5, white",D05_white,Chow,1047,50,3,1,1.0,0.333333,0.5,0.0,0.8807,0.7446,8.0309
"D=0.5, white",D05_white,Chow,1047,100,3,1,1.0,0.333333,0.5,0.0,0.9251,0.8827,8.0309
"D=0.5, white",D05_white,Chow,1048,25,7,1,1.0,0.142857,0.25,2.0,0.6776,0.3444,6.9064
"D=0.5, white",D05_white,Chow,1048,50,7,1,1.0,0.142857,0.25,2.0,0.7072,0.4235,6.9064
"D=0.5, white",D05_white,Chow,1048,100,7,1,1.0,0.142857,0.25,2.0,0.7634,0.5546,6.9064
"D=0.5, white",D05_white,Chow,1049,25,3,1,1.0,0.333333,0.5,1.0,0.684,0.4338,6.7186
"D=0.5, white",D05_white,Chow,1049,50,3,1,1.0,0.333333,0.5,1.0,0.7985,0.5655,6.7186
"D=0.5, white",D05_white,Chow,1049,100,3,1,1.0,0.333333,0.5,1.0,0.7188,0.6185,6.7186
"D=1, white",D10_white,Chow,1000,25,39,1,1.0,0.025641,0.05,1.0,0.5265,0.5881,7.1047
"D=1, white",D10_white,Chow,1000,50,39,1,1.0,0.025641,0.05,1.0,0.3961,0.7726,7.1047
"D=1, white",D10_white,Chow,1000,100,39,1,1.0,0.025641,0.05,1.0,0.1545,0.9664,7.1047
"D=1, white",D10_white,Chow,1001,25,35,1,1.0,0.028571,0.055556,1.0,0.5363,0.5209,7.3556
"D=1, white",D10_white,Chow,1001,50,35,1,1.0,0.028571,0.055556,1.0,0.489,0.7535,7.3556
"D=1, white",D10_white,Chow,1001,100,35,1,1.0,0.028571,0.055556,1.0,0.3949,0.9345,7.3556
"D=1, white",D10_white,Chow,1002,25,43,1,1.0,0.023256,0.045455,0.0,0.5906,0.6433,6.8463
"D=1, white",D10_white,Chow,1002,50,43,1,1.0,0.023256,0.045455,0.0,0.6175,0.8454,6.8463
"D=1, white",D10_white,Chow,1002,100,43,1,1.0,0.023256,0.045455,0.0,0.7246,0.985,6.8463
"D=1, white",D10_white,Chow,1003,25,43,1,1.0,0.023256,0.045455,0.0,0.3114,0.3702,7.0675
"D=1, white",D10_white,Chow,1003,50,43,1,1.0,0.023256,0.045455,0.0,0.2257,0.5533,7.0675
"D=1, white",D10_white,Chow,1003,100,43,1,1.0,0.023256,0.045455,0.0,0.1581,0.7695,7.0675
"D=1, white",D10_white,Chow,1004,25,45,1,1.0,0.022222,0.043478,0.0,0.5477,0.5642,7.0238
"D=1, white",D10_white,Chow,1004,50,45,1,1.0,0.022222,0.043478,0.0,0.5575,0.7714,7.0238
"D=1, white",D10_white,Chow,1004,100,45,1,1.0,0.022222,0.043478,0.0,0.5492,0.9226,7.0238
"D=1, white",D10_white,Chow,1005,25,37,1,1.0,0.027027,0.052632,0.0,0.5088,0.5328,6.6827
"D=1, white",D10_white,Chow,1005,50,37,1,1.0,0.027027,0.052632,0.0,0.5421,0.7822,6.6827
"D=1, white",D10_white,Chow,1005,100,37,1,1.0,0.027027,0.052632,0.0,0.5562,0.9371,6.6827
"D=1, white",D10_white,Chow,1006,25,39,1,1.0,0.025641,0.05,3.0,0.6135,0.6342,6.8542
"D=1, white",D10_white,Chow,1006,50,39,1,1.0,0.025641,0.05,3.0,0.6779,0.8221,6.8542
"D=1, white",D10_white,Chow,1006,100,39,1,1.0,0.025641,0.05,3.0,0.8599,0.9889,6.8542
"D=1, white",D10_white,Chow,1007,25,21,1,1.0,0.047619,0.090909,1.0,0.7309,0.5453,6.6868
"D=1, white",D10_white,Chow,1007,50,21,1,1.0,0.047619,0.090909,1.0,0.7842,0.7735,6.6868
"D=1, white",D10_white,Chow,1007,100,21,1,1.0,0.047619,0.090909,1.0,0.8292,0.9354,6.6868
"D=1, white",D10_white,Chow,1008,25,57,1,1.0,0.017544,0.034483,0.0,0.4897,0.5876,6.8637
"D=1, white",D10_white,Chow,1008,50,57,1,1.0,0.017544,0.034483,0.0,0.55,0.8692,6.8637
"D=1, white",D10_white,Chow,1008,100,57,1,1.0,0.017544,0.034483,0.0,0.3664,0.9782,6.8637
"D=1, white",D10_white,Chow,1009,25,45,1,1.0,0.022222,0.043478,0.0,0.5712,0.6223,7.2022
"D=1, white",D10_white,Chow,1009,50,45,1,1.0,0.022222,0.043478,0.0,0.5993,0.8165,7.2022
"D=1, white",D10_white,Chow,1009,100,45,1,1.0,0.022222,0.043478,0.0,0.707,0.9879,7.2022
"D=1, white",D10_white,Chow,1010,25,37,1,1.0,0.027027,0.052632,0.0,0.6142,0.5422,6.8138
"D=1, white",D10_white,Chow,1010,50,37,1,1.0,0.027027,0.052632,0.0,0.5495,0.7184,6.8138
"D=1, white",D10_white,Chow,1010,100,37,1,1.0,0.027027,0.052632,0.0,0.4972,0.8579,6.8138
"D=1, white",D10_white,Chow,1011,25,43,1,1.0,0.023256,0.045455,1.0,0.53,0.5956,6.6723
"D=1, white",D10_white,Chow,1011,50,43,1,1.0,0.023256,0.045455,1.0,0.5626,0.7965,6.6723
"D=1, white",D10_white,Chow,1011,100,43,1,1.0,0.023256,0.045455,1.0,0.6171,0.9375,6.6723
"D=1, white",D10_white,Chow,1012,25,41,1,1.0,0.02439,0.047619,0.0,0.5755,0.538,6.4399
"D=1, white",D10_white,Chow,1012,50,41,1,1.0,0.02439,0.047619,0.0,0.607,0.7566,6.4399
"D=1, white",D10_white,Chow,1012,100,41,1,1.0,0.02439,0.047619,0.0,0.6689,0.9245,6.4399
"D=1, white",D10_white,Chow,1013,25,49,1,1.0,0.020408,0.04,1.0,0.557,0.5453,7.9443
"D=1, white",D10_white,Chow,1013,50,49,1,1.0,0.020408,0.04,1.0,0.63,0.7685,7.9443
"D=1, white",D10_white,Chow,1013,100,49,1,1.0,0.020408,0.04,1.0,0.8006,0.9636,7.9443
"D=1, white",D10_white,Chow,1014,25,35,1,1.0,0.028571,0.055556,2.0,0.4761,0.4395,7.6561
"D=1, white",D10_white,Chow,1014,50,35,1,1.0,0.028571,0.055556,2.0,0.4374,0.661,7.6561
"D=1, white",D10_white,Chow,1014,100,35,1,1.0,0.028571,0.055556,2.0,0.207,0.8556,7.6561
"D=1, white",D10_white,Chow,1015,25,47,1,1.0,0.021277,0.041667,1.0,0.4945,0.5472,7.6495
"D=1, white",D10_white,Chow,1015,50,47,1,1.0,0.021277,0.041667,1.0,0.543,0.8307,7.6495
"D=1, white",D10_white,Chow,1015,100,47,1,1.0,0.021277,0.041667,1.0,0.7102,0.9995,7.6495
"D=1, white",D10_white,Chow,1016,25,33,1,1.0,0.030303,0.058824,0.0,0.4096,0.3781,7.6587
"D=1, white",D10_white,Chow,1016,50,33,1,1.0,0.030303,0.058824,0.0,0.4157,0.5953,7.6587
"D=1, white",D10_white,Chow,1016,100,33,1,1.0,0.030303,0.058824,0.0,0.4601,0.7866,7.6587
"D=1, white",D10_white,Chow,1017,25,43,1,1.0,0.023256,0.045455,1.0,0.529,0.5512,7.5725
"D=1, white",D10_white,Chow,1017,50,43,1,1.0,0.023256,0.045455,1.0,0.5942,0.7665,7.5725
"D=1, white",D10_white,Chow,1017,100,43,1,1.0,0.023256,0.045455,1.0,0.7108,0.9387,7.5725
"D=1, white",D10_white,Chow,1018,25,49,1,1.0,0.020408,0.04,1.0,0.5041,0.5582,7.6107
"D=1, white",D10_white,Chow,1018,50,49,1,1.0,0.020408,0.04,1.0,0.5817,0.8553,7.6107
"D=1, white",D10_white,Chow,1018,100,49,1,1.0,0.020408,0.04,1.0,0.8742,0.9952,7.6107
"D=1, white",D10_white,Chow,1019,25,47,1,1.0,0.021277,0.041667,0.0,0.571,0.6175,7.1535
"D=1, white",D10_white,Chow,1019,50,47,1,1.0,0.021277,0.041667,0.0,0.6275,0.8331,7.1535
"D=1, white",D10_white,Chow,1019,100,47,1,1.0,0.021277,0.041667,0.0,0.7732,0.9857,7.1535
"D=1, white",D10_white,Chow,1020,25,41,1,1.0,0.02439,0.047619,3.0,0.5075,0.4897,7.4134
"D=1, white",D10_white,Chow,1020,50,41,1,1.0,0.02439,0.047619,3.0,0.5098,0.7136,7.4134
"D=1, white",D10_white,Chow,1020,100,41,1,1.0,0.02439,0.047619,3.0,0.491,0.9536,7.4134
"D=1, white",D10_white,Chow,1021,25,37,1,1.0,0.027027,0.052632,0.0,0.5546,0.5099,8.0302
"D=1, white",D10_white,Chow,1021,50,37,1,1.0,0.027027,0.052632,0.0,0.5384,0.7383,8.0302
"D=1, white",D10_white,Chow,1021,100,37,1,1.0,0.027027,0.052632,0.0,0.3879,0.9141,8.0302
"D=1, white",D10_white,Chow,1022,25,40,1,1.0,0.025,0.04878,1.0,0.6053,0.5855,8.4172
"D=1, white",D10_white,Chow,1022,50,40,1,1.0,0.025,0.04878,1.0,0.6629,0.8388,8.4172
"D=1, white",D10_white,Chow,1022,100,40,1,1.0,0.025,0.04878,1.0,0.9678,0.9972,8.4172
"D=1, white",D10_white,Chow,1023,25,37,1,1.0,0.027027,0.052632,0.0,0.4578,0.4517,7.2953
"D=1, white",D10_white,Chow,1023,50,37,1,1.0,0.027027,0.052632,0.0,0.4428,0.6882,7.2953
"D=1, white",D10_white,Chow,1023,100,37,1,1.0,0.027027,0.052632,0.0,0.4511,0.9392,7.2953
"D=1, white",D10_white,Chow,1024,25,45,1,1.0,0.022222,0.043478,2.0,0.529,0.5926,7.1593
"D=1, white",D10_white,Chow,1024,50,45,1,1.0,0.022222,0.043478,2.0,0.5086,0.801,7.1593
"D=1, white",D10_white,Chow,1024,100,45,1,1.0,0.022222,0.043478,2.0,0.9957,0.9999,7.1593
"D=1, white",D10_white,Chow,1025,25,29,1,1.0,0.034483,0.066667,11.0,0.4787,0.3988,7.39
"D=1, white",D10_white,Chow,1025,50,29,1,1.0,0.034483,0.066667,11.0,0.4965,0.6615,7.39
"D=1, white",D10_white,Chow,1025,100,29,1,1.0,0.034483,0.066667,11.0,0.5031,0.8734,7.39
"D=1, white",D10_white,Chow,1026,25,41,1,1.0,0.02439,0.047619,2.0,0.5761,0.5661,7.508
"D=1, white",D10_white,Chow,1026,50,41,1,1.0,0.02439,0.047619,2.0,0.623,0.7997,7.508
"D=1, white",D10_white,Chow,1026,100,41,1,1.0,0.02439,0.047619,2.0,0.6466,0.9489,7.508
"D=1, white",D10_white,Chow,1027,25,27,1,1.0,0.037037,0.071429,0.0,0.5989,0.4876,9.2093
"D=1, white",D10_white,Chow,1027,50,27,1,1.0,0.037037,0.071429,0.0,0.5684,0.6311,9.2093
"D=1, white",D10_white,Chow,1027,100,27,1,1.0,0.037037,0.071429,0.0,0.5898,0.8232,9.2093
"D=1, white",D10_white,Chow,1028,25,45,1,0.0,0.0,0.0,9999.0,0.4451,0.4224,10.534
"D=1, white",D10_white,Chow,1028,50,45,1,0.0,0.0,0.0,9999.0,0.4221,0.6478,10.534
"D=1, white",D10_white,Chow,1028,100,45,1,0.0,0.0,0.0,9999.0,0.3483,0.8649,10.534
"D=1, white",D10_white,Chow,1029,25,29,1,1.0,0.034483,0.066667,0.0,0.5598,0.5331,13.1175
"D=1, white",D10_white,Chow,1029,50,29,1,1.0,0.034483,0.066667,0.0,0.5203,0.6904,13.1175
"D=1, white",D10_white,Chow,1029,100,29,1,1.0,0.034483,0.066667,0.0,0.3294,0.8348,13.1175
"D=1, white",D10_white,Chow,1030,25,47,1,1.0,0.021277,0.041667,2.0,0.5189,0.5716,11.8779
"D=1, white",D10_white,Chow,1030,50,47,1,1.0,0.021277,0.041667,2.0,0.5085,0.7856,11.8779
"D=1, white",D10_white,Chow,1030,100,47,1,1.0,0.021277,0.041667,2.0,0.4864,0.9748,11.8779
"D=1, white",D10_white,Chow,1031,25,45,1,1.0,0.022222,0.043478,0.0,0.4211,0.5081,12.9539
"D=1, white",D10_white,Chow,1031,50,45,1,1.0,0.022222,0.043478,0.0,0.4216,0.7519,12.9539
"D=1, white",D10_white,Chow,1031,100,45,1,1.0,0.022222,0.043478,0.0,0.1403,0.9337,12.9539
"D=1, white",D10_white,Chow,1032,25,39,1,1.0,0.025641,0.05,1.0,0.6281,0.6106,8.8161
"D=1, white",D10_white,Chow,1032,50,39,1,1.0,0.025641,0.05,1.0,0.6728,0.8341,8.8161
"D=1, white",D10_white,Chow,1032,100,39,1,1.0,0.025641,0.05,1.0,0.6086,0.9371,8.8161
"D=1, white",D10_white,Chow,1033,25,39,1,1.0,0.025641,0.05,3.0,0.5499,0.5324,6.978
"D=1, white",D10_white,Chow,1033,50,39,1,1.0,0.025641,0.05,3.0,0.5002,0.7432,6.978
"D=1, white",D10_white,Chow,1033,100,39,1,1.0,0.025641,0.05,3.0,0.0937,0.9469,6.978
"D=1, white",D10_white,Chow,1034,25,47,1,1.0,0.021277,0.041667,1.0,0.4668,0.5566,6.6133
"D=1, white",D10_white,Chow,1034,50,47,1,1.0,0.021277,0.041667,1.0,0.4329,0.7069,6.6133
"D=1, white",D10_white,Chow,1034,100,47,1,1.0,0.021277,0.041667,1.0,0.5,0.8572,6.6133
"D=1, white",D10_white,Chow,1035,25,39,1,1.0,0.025641,0.05,1.0,0.5616,0.5659,6.0665
"D=1, white",D10_white,Chow,1035,50,39,1,1.0,0.025641,0.05,1.0,0.6015,0.7966,6.0665
"D=1, white",D10_white,Chow,1035,100,39,1,1.0,0.025641,0.05,1.0,0.6955,0.9545,6.0665
"D=1, white",D10_white,Chow,1036,25,33,1,1.0,0.030303,0.058824,0.0,0.4723,0.4506,5.9375
"D=1, white",D10_white,Chow,1036,50,33,1,1.0,0.030303,0.058824,0.0,0.4164,0.5944,5.9375
"D=1, white",D10_white,Chow,1036,100,33,1,1.0,0.030303,0.058824,0.0,0.4502,0.7763,5.9375
"D=1, white",D10_white,Chow,1037,25,43,1,1.0,0.023256,0.045455,0.0,0.5643,0.6058,5.5061
"D=1, white",D10_white,Chow,1037,50,43,1,1.0,0.023256,0.045455,0.0,0.512,0.8015,5.5061
"D=1, white",D10_white,Chow,1037,100,43,1,1.0,0.023256,0.045455,0.0,0.3093,0.9387,5.5061
"D=1, white",D10_white,Chow,1038,25,49,1,1.0,0.020408,0.04,3.0,0.5563,0.6477,5.7898
"D=1, white",D10_white,Chow,1038,50,49,1,1.0,0.020408,0.04,3.0,0.6822,0.9078,5.7898
"D=1, white",D10_white,Chow,1038,100,49,1,1.0,0.020408,0.04,3.0,0.8338,0.9975,5.7898
"D=1, white",D10_white,Chow,1039,25,41,1,1.0,0.02439,0.047619,1.0,0.5735,0.4922,6.5917
"D=1, white",D10_white,Chow,1039,50,41,1,1.0,0.02439,0.047619,1.0,0.614,0.7242,6.5917
"D=1, white",D10_white,Chow,1039,100,41,1,1.0,0.02439,0.047619,1.0,0.6174,0.886,6.5917
"D=1, white",D10_white,Chow,1040,25,39,1,1.0,0.025641,0.05,2.0,0.5811,0.5206,5.8573
"D=1, white",D10_white,Chow,1040,50,39,1,1.0,0.025641,0.05,2.0,0.6166,0.7503,5.8573
"D=1, white",D10_white,Chow,1040,100,39,1,1.0,0.025641,0.05,2.0,0.5706,0.8979,5.8573
"D=1, white",D10_white,Chow,1041,25,47,1,1.0,0.021277,0.041667,4.0,0.5487,0.6172,5.5962
"D=1, white",D10_white,Chow,1041,50,47,1,1.0,0.021277,0.041667,4.0,0.5623,0.8418,5.5962
"D=1, white",D10_white,Chow,1041,100,47,1,1.0,0.021277,0.041667,4.0,0.8327,0.993,5.5962
"D=1, white",D10_white,Chow,1042,25,43,1,1.0,0.023256,0.045455,1.0,0.6021,0.6138,5.9559
"D=1, white",D10_white,Chow,1042,50,43,1,1.0,0.023256,0.045455,1.0,0.6431,0.8281,5.9559
"D=1, white",D10_white,Chow,1042,100,43,1,1.0,0.023256,0.045455,1.0,0.6334,0.9408,5.9559
"D=1, white",D10_white,Chow,1043,25,39,1,1.0,0.025641,0.05,2.0,0.4665,0.5055,6.1818
"D=1, white",D10_white,Chow,1043,50,39,1,1.0,0.025641,0.05,2.0,0.4731,0.7246,6.1818
"D=1, white",D10_white,Chow,1043,100,39,1,1.0,0.025641,0.05,2.0,0.5225,0.9331,6.1818
"D=1, white",D10_white,Chow,1044,25,36,1,1.0,0.027778,0.054054,0.0,0.5229,0.571,5.6286
"D=1, white",D10_white,Chow,1044,50,36,1,1.0,0.027778,0.054054,0.0,0.504,0.7679,5.6286
"D=1, white",D10_white,Chow,1044,100,36,1,1.0,0.027778,0.054054,0.0,0.3617,0.942,5.6286
"D=1, white",D10_white,Chow,1045,25,51,1,1.0,0.019608,0.038462,0.0,0.632,0.658,6.0725
"D=1, white",D10_white,Chow,1045,50,51,1,1.0,0.019608,0.038462,0.0,0.7104,0.8657,6.0725
"D=1, white",D10_white,Chow,1045,100,51,1,1.0,0.019608,0.038462,0.0,0.9947,0.9996,6.0725
"D=1, white",D10_white,Chow,1046,25,55,1,1.0,0.018182,0.035714,0.0,0.5714,0.6823,4.8218
"D=1, white",D10_white,Chow,1046,50,55,1,1.0,0.018182,0.035714,0.0,0.6347,0.9043,4.8218
"D=1, white",D10_white,Chow,1046,100,55,1,1.0,0.018182,0.035714,0.0,0.8459,0.9881,4.8218
"D=1, white",D10_white,Chow,1047,25,43,1,0.0,0.0,0.0,9999.0,0.5372,0.4602,4.5132
"D=1, white",D10_white,Chow,1047,50,43,1,1.0,0.023256,0.045455,35.0,0.6106,0.7775,4.5132
"D=1, white",D10_white,Chow,1047,100,43,1,1.0,0.023256,0.045455,35.0,0.8429,0.9844,4.5132
"D=1, white",D10_white,Chow,1048,25,51,1,1.0,0.019608,0.038462,3.0,0.5391,0.5554,4.7422
"D=1, white",D10_white,Chow,1048,50,51,1,1.0,0.019608,0.038462,3.0,0.5663,0.7595,4.7422
"D=1, white",D10_white,Chow,1048,100,51,1,1.0,0.019608,0.038462,3.0,0.5303,0.8816,4.7422
"D=1, white",D10_white,Chow,1049,25,33,1,1.0,0.030303,0.058824,0.0,0.6028,0.46,4.4902
"D=1, white",D10_white,Chow,1049,50,33,1,1.0,0.030303,0.058824,0.0,0.682,0.7486,4.4902
"D=1, white",D10_white,Chow,1049,100,33,1,1.0,0.030303,0.058824,0.0,0.7748,0.957,4.4902
"D=1, pink",D10_pink,Chow,1000,25,192,1,1.0,0.005208,0.010363,0.0,0.5634,0.8286,4.9202
"D=1, pink",D10_pink,Chow,1000,50,192,1,1.0,0.005208,0.010363,0.0,0.4716,0.9714,4.9202
"D=1, pink",D10_pink,Chow,1000,100,192,1,1.0,0.005208,0.010363,0.0,,,4.9202
"D=1, pink",D10_pink,Chow,1001,25,199,1,1.0,0.005025,0.01,1.0,0.5632,0.7467,4.8704
"D=1, pink",D10_pink,Chow,1001,50,199,1,1.0,0.005025,0.01,1.0,0.5147,0.8849,4.8704
"D=1, pink",D10_pink,Chow,1001,100,199,1,1.0,0.005025,0.01,1.0,,,4.8704
"D=1, pink",D10_pink,Chow,1002,25,205,1,1.0,0.004878,0.009709,0.0,0.5194,0.8687,4.9893
"D=1, pink",D10_pink,Chow,1002,50,205,1,1.0,0.004878,0.009709,0.0,0.576,0.968,4.9893
"D=1, pink",D10_pink,Chow,1002,100,205,1,1.0,0.004878,0.009709,0.0,,,4.9893
"D=1, pink",D10_pink,Chow,1003,25,186,1,1.0,0.005376,0.010695,2.0,0.4867,0.8457,4.7056
"D=1, pink",D10_pink,Chow,1003,50,186,1,1.0,0.005376,0.010695,2.0,0.1315,0.989,4.7056
"D=1, pink",D10_pink,Chow,1003,100,186,1,1.0,0.005376,0.010695,2.0,,,4.7056
"D=1, pink",D10_pink,Chow,1004,25,198,1,1.0,0.005051,0.01005,16.0,0.429,0.7109,4.7151
"D=1, pink",D10_pink,Chow,1004,50,198,1,1.0,0.005051,0.01005,16.0,0.3942,0.9283,4.7151
"D=1, pink",D10_pink,Chow,1004,100,198,1,1.0,0.005051,0.01005,16.0,,,4.7151
"D=1, pink",D10_pink,Chow,1005,25,179,1,1.0,0.005587,0.011111,0.0,0.5763,0.8835,4.5031
"D=1, pink",D10_pink,Chow,1005,50,179,1,1.0,0.005587,0.011111,0.0,0.6742,0.9867,4.5031
"D=1, pink",D10_pink,Chow,1005,100,179,1,1.0,0.005587,0.011111,0.0,,,4.5031
"D=1, pink",D10_pink,Chow,1006,25,193,1,1.0,0.005181,0.010309,0.0,0.4448,0.8123,4.4113
"D=1, pink",D10_pink,Chow,1006,50,193,1,1.0,0.005181,0.010309,0.0,0.3204,0.9473,4.4113
"D=1, pink",D10_pink,Chow,1006,100,193,1,1.0,0.005181,0.010309,0.0,,,4.4113
"D=1, pink",D10_pink,Chow,1007,25,167,1,1.0,0.005988,0.011905,2.0,0.7017,0.9371,4.5491
"D=1, pink",D10_pink,Chow,1007,50,167,1,1.0,0.005988,0.011905,2.0,0.6452,0.9796,4.5491
"D=1, pink",D10_pink,Chow,1007,100,167,1,1.0,0.005988,0.011905,2.0,,,4.5491
"D=1, pink",D10_pink,Chow,1008,25,211,1,1.0,0.004739,0.009434,0.0,0.5644,0.7351,4.506
"D=1, pink",D10_pink,Chow,1008,50,211,1,1.0,0.004739,0.009434,0.0,0.5034,0.8649,4.506
"D=1, pink",D10_pink,Chow,1008,100,211,1,1.0,0.004739,0.009434,0.0,0.1798,0.9546,4.506
"D=1, pink",D10_pink,Chow,1009,25,178,1,1.0,0.005618,0.011173,1.0,0.647,0.9224,4.6868
"D=1, pink",D10_pink,Chow,1009,50,178,1,1.0,0.005618,0.011173,1.0,0.6753,0.9766,4.6868
"D=1, pink",D10_pink,Chow,1009,100,178,1,1.0,0.005618,0.011173,1.0,,,4.6868
"D=1, pink",D10_pink,Chow,1010,25,182,1,1.0,0.005495,0.010929,0.0,0.5006,0.8113,4.2112
"D=1, pink",D10_pink,Chow,1010,50,182,1,1.0,0.005495,0.010929,0.0,0.5926,0.9777,4.2112
"D=1, pink",D10_pink,Chow,1010,100,182,1,1.0,0.005495,0.010929,0.0,,,4.2112
"D=1, pink",D10_pink,Chow,1011,25,176,1,1.0,0.005682,0.011299,0.0,0.3986,0.8031,4.0308
"D=1, pink",D10_pink,Chow,1011,50,176,1,1.0,0.005682,0.011299,0.0,0.3091,0.955,4.0308
"D=1, pink",D10_pink,Chow,1011,100,176,1,1.0,0.005682,0.011299,0.0,,,4.0308
"D=1, pink",D10_pink,Chow,1012,25,207,1,1.0,0.004831,0.009615,0.0,0.4756,0.8086,4.2242
"D=1, pink",D10_pink,Chow,1012,50,207,1,1.0,0.004831,0.009615,0.0,0.5042,0.9655,4.2242
"D=1, pink",D10_pink,Chow,1012,100,207,1,1.0,0.004831,0.009615,0.0,,,4.2242
"D=1, pink",D10_pink,Chow,1013,25,172,1,1.0,0.005814,0.011561,0.0,0.5356,0.867,4.2833
"D=1, pink",D10_pink,Chow,1013,50,172,1,1.0,0.005814,0.011561,0.0,0.3809,0.956,4.2833
"D=1, pink",D10_pink,Chow,1013,100,172,1,1.0,0.005814,0.011561,0.0,,,4.2833
"D=1, pink",D10_pink,Chow,1014,25,184,1,0.0,0.0,0.0,9999.0,0.4751,0.6279,5.4833
"D=1, pink",D10_pink,Chow,1014,50,184,1,0.0,0.0,0.0,9999.0,0.3037,0.8269,5.4833
"D=1, pink",D10_pink,Chow,1014,100,184,1,1.0,0.005435,0.010811,51.0,,,5.4833
"D=1, pink",D10_pink,Chow,1015,25,169,1,1.0,0.005917,0.011765,1.0,0.5397,0.8142,5.6046
"D=1, pink",D10_pink,Chow,1015,50,169,1,1.0,0.005917,0.011765,1.0,0.5727,0.9383,5.6046
"D=1, pink",D10_pink,Chow,1015,100,169,1,1.0,0.005917,0.011765,1.0,,,5.6046
"D=1, pink",D10_pink,Chow,1016,25,181,1,1.0,0.005525,0.010989,0.0,0.6096,0.8967,4.4512
"D=1, pink",D10_pink,Chow,1016,50,181,1,1.0,0.005525,0.010989,0.0,0.5056,0.9659,4.4512
"D=1, pink",D10_pink,Chow,1016,100,181,1,1.0,0.005525,0.010989,0.0,,,4.4512
"D=1, pink",D10_pink,Chow,1017,25,175,1,1.0,0.005714,0.011364,0.0,0.4596,0.8812,4.3344
"D=1, pink",D10_pink,Chow,1017,50,175,1,1.0,0.005714,0.011364,0.0,,,4.3344
"D=1, pink",D10_pink,Chow,1017,100,175,1,1.0,0.005714,0.011364,0.0,,,4.3344
"D=1, pink",D10_pink,Chow,1018,25,197,1,1.0,0.005076,0.010101,1.0,0.7104,0.9248,3.8182
"D=1, pink",D10_pink,Chow,1018,50,197,1,1.0,0.005076,0.010101,1.0,0.9949,0.9997,3.8182
"D=1, pink",D10_pink,Chow,1018,100,197,1,1.0,0.005076,0.010101,1.0,0.9952,0.9998,3.8182
"D=1, pink",D10_pink,Chow,1019,25,188,1,1.0,0.005319,0.010582,1.0,0.7286,0.9346,3.7313
"D=1, pink",D10_pink,Chow,1019,50,188,1,1.0,0.005319,0.010582,1.0,0.8884,0.9942,3.7313
"D=1, pink",D10_pink,Chow,1019,100,188,1,1.0,0.005319,0.010582,1.0,0.996,1.0,3.7313
"D=1, pink",D10_pink,Chow,1020,25,177,1,1.0,0.00565,0.011236,4.0,0.533,0.822,3.5649
"D=1, pink",D10_pink,Chow,1020,50,177,1,1.0,0.00565,0.011236,4.0,0.3381,0.9447,3.5649
"D=1, pink",D10_pink,Chow,1020,100,177,1,1.0,0.00565,0.011236,4.0,,,3.5649
"D=1, pink",D10_pink,Chow,1021,25,208,1,1.0,0.004808,0.009569,0.0,0.6888,0.8518,3.6173
"D=1, pink",D10_pink,Chow,1021,50,208,1,1.0,0.004808,0.009569,0.0,0.8134,0.9792,3.6173
"D=1, pink",D10_pink,Chow,1021,100,208,1,1.0,0.004808,0.009569,0.0,,,3.6173
"D=1, pink",D10_pink,Chow,1022,25,179,1,1.0,0.005587,0.011111,0.0,0.5923,0.8505,3.6494
"D=1, pink",D10_pink,Chow,1022,50,179,1,1.0,0.005587,0.011111,0.0,0.5967,0.9747,3.6494
"D=1, pink",D10_pink,Chow,1022,100,179,1,1.0,0.005587,0.011111,0.0,,,3.6494
"D=1, pink",D10_pink,Chow,1023,25,185,1,1.0,0.005405,0.010753,0.0,0.6341,0.8736,3.6179
"D=1, pink",D10_pink,Chow,1023,50,185,1,1.0,0.005405,0.010753,0.0,0.8297,0.9874,3.6179
"D=1, pink",D10_pink,Chow,1023,100,185,1,1.0,0.005405,0.010753,0.0,,,3.6179
"D=1, pink",D10_pink,Chow,1024,25,192,1,1.0,0.005208,0.010363,1.0,0.5183,0.8526,3.4437
"D=1, pink",D10_pink,Chow,1024,50,192,1,1.0,0.005208,0.010363,1.0,0.4726,0.9492,3.4437
"D=1, pink",D10_pink,Chow,1024,100,192,1,1.0,0.005208,0.010363,1.0,0.4596,0.9896,3.4437
"D=1, pink",D10_pink,Chow,1025,25,186,1,1.0,0.005376,0.010695,1.0,0.6204,0.9085,3.5813
"D=1, pink",D10_pink,Chow,1025,50,186,1,1.0,0.005376,0.010695,1.0,0.6373,0.9776,3.5813
"D=1, pink",D10_pink,Chow,1025,100,186,1,1.0,0.005376,0.010695,1.0,,,3.5813
"D=1, pink",D10_pink,Chow,1026,25,199,1,1.0,0.005025,0.01,1.0,0.5031,0.7979,3.8741
"D=1, pink",D10_pink,Chow,1026,50,199,1,1.0,0.005025,0.01,1.0,0.4513,0.9116,3.8741
"D=1, pink",D10_pink,Chow,1026,100,199,1,1.0,0.005025,0.01,1.0,0.3867,0.992,3.8741
"D=1, pink",D10_pink,Chow,1027,25,207,1,1.0,0.004831,0.009615,0.0,0.5795,0.8987,3.6494
"D=1, pink",D10_pink,Chow,1027,50,207,1,1.0,0.004831,0.009615,0.0,0.6888,0.99,3.6494
"D=1, pink",D10_pink,Chow,1027,100,207,1,1.0,0.004831,0.009615,0.0,,,3.6494
"D=1, pink",D10_pink,Chow,1028,25,225,1,1.0,0.004444,0.00885,1.0,0.5755,0.761,3.4242
"D=1, pink",D10_pink,Chow,1028,50,225,1,1.0,0.004444,0.00885,1.0,0.5874,0.8599,3.4242
"D=1, pink",D10_pink,Chow,1028,100,225,1,1.0,0.004444,0.00885,1.0,0.8902,0.9946,3.4242
"D=1, pink",D10_pink,Chow,1029,25,187,1,1.0,0.005348,0.010638,1.0,0.5913,0.9081,2.9258
"D=1, pink",D10_pink,Chow,1029,50,187,1,1.0,0.005348,0.010638,1.0,0.6665,0.9968,2.9258
"D=1, pink",D10_pink,Chow,1029,100,187,1,1.0,0.005348,0.010638,1.0,,,2.9258
"D=1, pink",D10_pink,Chow,1030,25,194,1,1.0,0.005155,0.010256,0.0,0.574,0.8882,3.0599
"D=1, pink",D10_pink,Chow,1030,50,194,1,1.0,0.005155,0.010256,0.0,0.4078,0.9969,3.0599
"D=1, pink",D10_pink,Chow,1030,100,194,1,1.0,0.005155,0.010256,0.0,,,3.0599
"D=1, pink",D10_pink,Chow,1031,25,223,1,1.0,0.004484,0.008929,0.0,0.6325,0.9464,2.7314
"D=1, pink",D10_pink,Chow,1031,50,223,1,1.0,0.004484,0.008929,0.0,0.5459,0.9892,2.7314
"D=1, pink",D10_pink,Chow,1031,100,223,1,1.0,0.004484,0.008929,0.0,,,2.7314
"D=1, pink",D10_pink,Chow,1032,25,199,1,0.0,0.0,0.0,9999.0,0.5081,0.7114,2.8412
"D=1, pink",D10_pink,Chow,1032,50,199,1,1.0,0.005025,0.01,42.0,0.8288,0.985,2.8412
"D=1, pink",D10_pink,Chow,1032,100,199,1,1.0,0.005025,0.01,42.0,0.9958,0.9999,2.8412
"D=1, pink",D10_pink,Chow,1033,25,173,1,1.0,0.00578,0.011494,0.0,0.656,0.9375,4.7119
"D=1, pink",D10_pink,Chow,1033,50,173,1,1.0,0.00578,0.011494,0.0,0.8307,0.9968,4.7119
"D=1, pink",D10_pink,Chow,1033,100,173,1,1.0,0.00578,0.011494,0.0,,,4.7119
"D=1, pink",D10_pink,Chow,1034,25,187,1,1.0,0.005348,0.010638,2.0,0.6056,0.9104,4.7617
"D=1, pink",D10_pink,Chow,1034,50,187,1,1.0,0.005348,0.010638,2.0,0.6275,0.9855,4.7617
"D=1, pink",D10_pink,Chow,1034,100,187,1,1.0,0.005348,0.010638,2.0,,,4.7617
"D=1, pink",D10_pink,Chow,1035,25,193,1,1.0,0.005181,0.010309,1.0,0.4389,0.809,4.4888
"D=1, pink",D10_pink,Chow,1035,50,193,1,1.0,0.005181,0.010309,1.0,0.731,0.9933,4.4888
"D=1, pink",D10_pink,Chow,1035,100,193,1,1.0,0.005181,0.010309,1.0,,,4.4888
"D=1, pink",D10_pink,Chow,1036,25,208,1,0.0,0.0,0.0,9999.0,0.6929,0.8777,3.7565
"D=1, pink",D10_pink,Chow,1036,50,208,1,1.0,0.004808,0.009569,33.0,0.9541,0.9979,3.7565
"D=1, pink",D10_pink,Chow,1036,100,208,1,1.0,0.004808,0.009569,33.0,0.9826,0.9997,3.7565
"D=1, pink",D10_pink,Chow,1037,25,172,1,1.0,0.005814,0.011561,6.0,0.5358,0.7704,3.9098
"D=1, pink",D10_pink,Chow,1037,50,172,1,1.0,0.005814,0.011561,6.0,0.6199,0.946,3.9098
"D=1, pink",D10_pink,Chow,1037,100,172,1,1.0,0.005814,0.011561,6.0,,,3.9098
"D=1, pink",D10_pink,Chow,1038,25,184,1,1.0,0.005435,0.010811,0.0,0.502,0.8061,4.692
"D=1, pink",D10_pink,Chow,1038,50,184,1,1.0,0.005435,0.010811,0.0,0.4163,0.9618,4.692
"D=1, pink",D10_pink,Chow,1038,100,184,1,1.0,0.005435,0.010811,0.0,,,4.692
"D=1, pink",D10_pink,Chow,1039,25,183,1,1.0,0.005464,0.01087,0.0,0.6976,0.8438,4.2609
"D=1, pink",D10_pink,Chow,1039,50,183,1,1.0,0.005464,0.01087,0.0,0.774,0.9379,4.2609
"D=1, pink",D10_pink,Chow,1039,100,183,1,1.0,0.005464,0.01087,0.0,0.9425,0.9983,4.2609
"D=1, pink",D10_pink,Chow,1040,25,176,1,1.0,0.005682,0.011299,0.0,0.5721,0.747,3.1513
"D=1, pink",D10_pink,Chow,1040,50,176,1,1.0,0.005682,0.011299,0.0,0.6484,0.941,3.1513
"D=1, pink",D10_pink,Chow,1040,100,176,1,1.0,0.005682,0.011299,0.0,0.4862,0.9982,3.1513
"D=1, pink",D10_pink,Chow,1041,25,184,1,1.0,0.005435,0.010811,0.0,0.6152,0.7939,3.23
"D=1, pink",D10_pink,Chow,1041,50,184,1,1.0,0.005435,0.010811,0.0,0.7164,0.9202,3.23
"D=1, pink",D10_pink,Chow,1041,100,184,1,1.0,0.005435,0.010811,0.0,0.9956,0.9999,3.23
"D=1, pink",D10_pink,Chow,1042,25,190,1,1.0,0.005263,0.010471,0.0,0.4554,0.8215,3.2013
"D=1, pink",D10_pink,Chow,1042,50,190,1,1.0,0.005263,0.010471,0.0,0.4624,0.9348,3.2013
"D=1, pink",D10_pink,Chow,1042,100,190,1,1.0,0.005263,0.010471,0.0,0.4112,0.982,3.2013
"D=1, pink",D10_pink,Chow,1043,25,200,1,1.0,0.005,0.00995,1.0,0.5063,0.8213,3.1173
"D=1, pink",D10_pink,Chow,1043,50,200,1,1.0,0.005,0.00995,1.0,0.5579,0.9706,3.1173
"D=1, pink",D10_pink,Chow,1043,100,200,1,1.0,0.005,0.00995,1.0,0.5515,0.9997,3.1173
"D=1, pink",D10_pink,Chow,1044,25,204,1,1.0,0.004902,0.009756,1.0,0.7426,0.8999,3.1936
"D=1, pink",D10_pink,Chow,1044,50,204,1,1.0,0.004902,0.009756,1.0,0.6993,0.9495,3.1936
"D=1, pink",D10_pink,Chow,1044,100,204,1,1.0,0.004902,0.009756,1.0,0.6578,0.983,3.1936
"D=1, pink",D10_pink,Chow,1045,25,180,1,1.0,0.005556,0.01105,0.0,0.7006,0.8904,3.3648
"D=1, pink",D10_pink,Chow,1045,50,180,1,1.0,0.005556,0.01105,0.0,0.9902,0.9994,3.3648
"D=1, pink",D10_pink,Chow,1045,100,180,1,1.0,0.005556,0.01105,0.0,0.9954,0.9999,3.3648
"D=1, pink",D10_pink,Chow,1046,25,215,1,1.0,0.004651,0.009259,1.0,0.4353,0.8078,3.0978
"D=1, pink",D10_pink,Chow,1046,50,215,1,1.0,0.004651,0.009259,1.0,0.2982,0.9325,3.0978
"D=1, pink",D10_pink,Chow,1046,100,215,1,1.0,0.004651,0.009259,1.0,,,3.0978
"D=1, pink",D10_pink,Chow,1047,25,199,1,0.0,0.0,0.0,9999.0,0.5239,0.7234,3.2282
"D=1, pink",D10_pink,Chow,1047,50,199,1,1.0,0.005025,0.01,30.0,0.5393,0.9177,3.2282
"D=1, pink",D10_pink,Chow,1047,100,199,1,1.0,0.005025,0.01,30.0,,,3.2282
"D=1, pink",D10_pink,Chow,1048,25,215,1,1.0,0.004651,0.009259,2.0,0.5173,0.8405,3.4472
"D=1, pink",D10_pink,Chow,1048,50,215,1,1.0,0.004651,0.009259,2.0,0.4642,0.9191,3.4472
"D=1, pink",D10_pink,Chow,1048,100,215,1,1.0,0.004651,0.009259,2.0,,,3.4472
"D=1, pink",D10_pink,Chow,1049,25,203,1,1.0,0.004926,0.009804,0.0,0.6061,0.8692,3.5481
"D=1, pink",D10_pink,Chow,1049,50,203,1,1.0,0.004926,0.009804,0.0,0.6212,0.9732,3.5481
"D=1, pink",D10_pink,Chow,1049,100,203,1,1.0,0.004926,0.009804,0.0,,,3.5481
"D=1.5, white",D15_white,Chow,1000,25,121,1,1.0,0.008264,0.016393,2.0,0.3935,0.8484,3.4221
"D=1.5, white",D15_white,Chow,1000,50,121,1,1.0,0.008264,0.016393,2.0,0.3623,0.9554,3.4221
"D=1.5, white",D15_white,Chow,1000,100,121,1,1.0,0.008264,0.016393,2.0,,,3.4221
"D=1.5, white",D15_white,Chow,1001,25,116,1,1.0,0.008621,0.017094,1.0,0.6166,0.9111,3.3716
"D=1.5, white",D15_white,Chow,1001,50,116,1,1.0,0.008621,0.017094,1.0,0.2886,0.9926,3.3716
"D=1.5, white",D15_white,Chow,1001,100,116,1,1.0,0.008621,0.017094,1.0,,,3.3716
"D=1.5, white",D15_white,Chow,1002,25,106,1,1.0,0.009434,0.018692,1.0,0.6309,0.9082,3.4187
"D=1.5, white",D15_white,Chow,1002,50,106,1,1.0,0.009434,0.018692,1.0,0.7761,0.9932,3.4187
"D=1.5, white",D15_white,Chow,1002,100,106,1,1.0,0.009434,0.018692,1.0,,,3.4187
"D=1.5, white",D15_white,Chow,1003,25,107,1,1.0,0.009346,0.018519,6.0,0.5548,0.8896,3.4993
"D=1.5, white",D15_white,Chow,1003,50,107,1,1.0,0.009346,0.018519,6.0,0.359,0.9868,3.4993
"D=1.5, white",D15_white,Chow,1003,100,107,1,1.0,0.009346,0.018519,6.0,,,3.4993
"D=1.5, white",D15_white,Chow,1004,25,133,1,1.0,0.007519,0.014925,0.0,0.4715,0.9312,3.4176
"D=1.5, white",D15_white,Chow,1004,50,133,1,1.0,0.007519,0.014925,0.0,,,3.4176
"D=1.5, white",D15_white,Chow,1004,100,133,1,1.0,0.007519,0.014925,0.0,,,3.4176
"D=1.5, white",D15_white,Chow,1005,25,93,1,1.0,0.010753,0.021277,2.0,0.3983,0.779,3.4927
"D=1.5, white",D15_white,Chow,1005,50,93,1,1.0,0.010753,0.021277,2.0,0.0904,0.9666,3.4927
"D=1.5, white",D15_white,Chow,1005,100,93,1,1.0,0.010753,0.021277,2.0,,,3.4927
"D=1.5, white",D15_white,Chow,1006,25,121,1,1.0,0.008264,0.016393,0.0,0.5215,0.8836,4.4126
"D=1.5, white",D15_white,Chow,1006,50,121,1,1.0,0.008264,0.016393,0.0,0.7319,0.9967,4.4126
"D=1.5, white",D15_white,Chow,1006,100,121,1,1.0,0.008264,0.016393,0.0,,,4.4126
"D=1.5, white",D15_white,Chow,1007,25,102,1,1.0,0.009804,0.019417,0.0,0.3598,0.7541,4.1229
"D=1.5, white",D15_white,Chow,1007,50,102,1,1.0,0.009804,0.019417,0.0,0.2247,0.97,4.1229
"D=1.5, white",D15_white,Chow,1007,100,102,1,1.0,0.009804,0.019417,0.0,,,4.1229
"D=1.5, white",D15_white,Chow,1008,25,117,1,1.0,0.008547,0.016949,0.0,0.3157,0.7508,3.3603
"D=1.5, white",D15_white,Chow,1008,50,117,1,1.0,0.008547,0.016949,0.0,0.1392,0.8591,3.3603
"D=1.5, white",D15_white,Chow,1008,100,117,1,1.0,0.008547,0.016949,0.0,0.0839,0.9725,3.3603
"D=1.5, white",D15_white,Chow,1009,25,112,1,1.0,0.008929,0.017699,2.0,0.6574,0.931,3.583
"D=1.5, white",D15_white,Chow,1009,50,112,1,1.0,0.008929,0.017699,2.0,0.5767,0.9856,3.583
"D=1.5, white",D15_white,Chow,1009,100,112,1,1.0,0.008929,0.017699,2.0,,,3.583
"D=1.5, white",D15_white,Chow,1010,25,123,1,1.0,0.00813,0.016129,16.0,0.2592,0.7475,3.5165
"D=1.5, white",D15_white,Chow,1010,50,123,1,1.0,0.00813,0.016129,16.0,0.1436,0.9413,3.5165
"D=1.5, white",D15_white,Chow,1010,100,123,1,1.0,0.00813,0.016129,16.0,,,3.5165
"D=1.5, white",D15_white,Chow,1011,25,121,1,1.0,0.008264,0.016393,0.0,0.3789,0.8436,3.6077
"D=1.5, white",D15_white,Chow,1011,50,121,1,1.0,0.008264,0.016393,0.0,0.0932,0.9498,3.6077
"D=1.5, white",D15_white,Chow,1011,100,121,1,1.0,0.008264,0.016393,0.0,,,3.6077
"D=1.5, white",D15_white,Chow,1012,25,107,1,1.0,0.009346,0.018519,5.0,0.5351,0.8364,3.7063
"D=1.5, white",D15_white,Chow,1012,50,107,1,1.0,0.009346,0.018519,5.0,0.601,0.9622,3.7063
"D=1.5, white",D15_white,Chow,1012,100,107,1,1.0,0.009346,0.018519,5.0,,,3.7063
"D=1.5, white",D15_white,Chow,1013,25,106,1,1.0,0.009434,0.018692,0.0,0.4716,0.7873,3.7042
"D=1.5, white",D15_white,Chow,1013,50,106,1,1.0,0.009434,0.018692,0.0,0.5538,0.969,3.7042
"D=1.5, white",D15_white,Chow,1013,100,106,1,1.0,0.009434,0.018692,0.0,,,3.7042
"D=1.5, white",D15_white,Chow,1014,25,101,1,1.0,0.009901,0.019608,0.0,0.4641,0.8407,3.495
"D=1.5, white",D15_white,Chow,1014,50,101,1,1.0,0.009901,0.019608,0.0,0.5456,0.9786,3.495
"D=1.5, white",D15_white,Chow,1014,100,101,1,1.0,0.009901,0.019608,0.0,,,3.495
"D=1.5, white",D15_white,Chow,1015,25,110,1,1.0,0.009091,0.018018,0.0,0.4981,0.8201,3.5925
"D=1.5, white",D15_white,Chow,1015,50,110,1,1.0,0.009091,0.018018,0.0,0.8758,0.9981,3.5925
"D=1.5, white",D15_white,Chow,1015,100,110,1,1.0,0.009091,0.018018,0.0,,,3.5925
"D=1.5, white",D15_white,Chow,1016,25,111,1,1.0,0.009009,0.017857,0.0,0.4439,0.8369,3.6768
"D=1.5, white",D15_white,Chow,1016,50,111,1,1.0,0.009009,0.017857,0.0,0.4236,0.9504,3.6768
"D=1.5, white",D15_white,Chow,1016,100,111,1,1.0,0.009009,0.017857,0.0,,,3.6768
"D=1.5, white",D15_white,Chow,1017,25,110,1,1.0,0.009091,0.018018,2.0,0.527,0.8895,3.692
"D=1.5, white",D15_white,Chow,1017,50,110,1,1.0,0.009091,0.018018,2.0,0.7321,0.9938,3.692
"D=1.5, white",D15_white,Chow,1017,100,110,1,1.0,0.009091,0.018018,2.0,,,3.692
"D=1.5, white",D15_white,Chow,1018,25,117,1,1.0,0.008547,0.016949,1.0,0.4957,0.9187,3.8274
"D=1.5, white",D15_white,Chow,1018,50,117,1,1.0,0.008547,0.016949,1.0,0.3252,0.9978,3.8274
"D=1.5, white",D15_white,Chow,1018,100,117,1,1.0,0.008547,0.016949,1.0,,,3.8274
"D=1.5, white",D15_white,Chow,1019,25,111,1,1.0,0.009009,0.017857,0.0,0.4865,0.7944,3.8688
"D=1.5, white",D15_white,Chow,1019,50,111,1,1.0,0.009009,0.017857,0.0,0.6782,0.9711,3.8688
"D=1.5, white",D15_white,Chow,1019,100,111,1,1.0,0.009009,0.017857,0.0,0.9957,1.0,3.8688
"D=1.5, white",D15_white,Chow,1020,25,119,1,1.0,0.008403,0.016667,1.0,0.4862,0.8374,3.591
"D=1.5, white",D15_white,Chow,1020,50,119,1,1.0,0.008403,0.016667,1.0,0.6054,0.9737,3.591
"D=1.5, white",D15_white,Chow,1020,100,119,1,1.0,0.008403,0.016667,1.0,,,3.591
"D=1.5, white",D15_white,Chow,1021,25,117,1,1.0,0.008547,0.016949,1.0,0.5052,0.8533,3.8821
"D=1.5, white",D15_white,Chow,1021,50,117,1,1.0,0.008547,0.016949,1.0,0.5082,0.9688,3.8821
"D=1.5, white",D15_white,Chow,1021,100,117,1,1.0,0.008547,0.016949,1.0,,,3.8821
"D=1.5, white",D15_white,Chow,1022,25,124,1,1.0,0.008065,0.016,0.0,0.6009,0.8979,3.891
"D=1.5, white",D15_white,Chow,1022,50,124,1,1.0,0.008065,0.016,0.0,0.9205,1.0,3.891
"D=1.5, white",D15_white,Chow,1022,100,124,1,1.0,0.008065,0.016,0.0,,,3.891
"D=1.5, white",D15_white,Chow,1023,25,115,1,1.0,0.008696,0.017241,0.0,0.4911,0.8254,3.8276
"D=1.5, white",D15_white,Chow,1023,50,115,1,1.0,0.008696,0.017241,0.0,0.3892,0.9288,3.8276
"D=1.5, white",D15_white,Chow,1023,100,115,1,1.0,0.008696,0.017241,0.0,0.2991,0.9946,3.8276
"D=1.5, white",D15_white,Chow,1024,25,101,1,1.0,0.009901,0.019608,0.0,0.4784,0.8329,3.8572
"D=1.5, white",D15_white,Chow,1024,50,101,1,1.0,0.009901,0.019608,0.0,0.4398,0.9943,3.8572
"D=1.5, white",D15_white,Chow,1024,100,101,1,1.0,0.009901,0.019608,0.0,,,3.8572
"D=1.5, white",D15_white,Chow,1025,25,103,1,1.0,0.009709,0.019231,0.0,0.518,0.8481,4.5748
"D=1.5, white",D15_white,Chow,1025,50,103,1,1.0,0.009709,0.019231,0.0,0.8666,0.9937,4.5748
"D=1.5, white",D15_white,Chow,1025,100,103,1,1.0,0.009709,0.019231,0.0,0.9479,0.9994,4.5748
"D=1.5, white",D15_white,Chow,1026,25,100,1,1.0,0.01,0.019802,0.0,0.4078,0.8161,4.513
"D=1.5, white",D15_white,Chow,1026,50,100,1,1.0,0.01,0.019802,0.0,0.1572,0.9783,4.513
"D=1.5, white",D15_white,Chow,1026,100,100,1,1.0,0.01,0.019802,0.0,,,4.513
"D=1.5, white",D15_white,Chow,1027,25,106,1,1.0,0.009434,0.018692,1.0,0.6243,0.8692,3.6592
"D=1.5, white",D15_white,Chow,1027,50,106,1,1.0,0.009434,0.018692,1.0,0.7686,0.9816,3.6592
"D=1.5, white",D15_white,Chow,1027,100,106,1,1.0,0.009434,0.018692,1.0,,,3.6592
"D=1.5, white",D15_white,Chow,1028,25,122,1,1.0,0.008197,0.01626,1.0,0.4784,0.822,3.2284
"D=1.5, white",D15_white,Chow,1028,50,122,1,1.0,0.008197,0.01626,1.0,0.4346,0.9559,3.2284
"D=1.5, white",D15_white,Chow,1028,100,122,1,1.0,0.008197,0.01626,1.0,,,3.2284
"D=1.5, white",D15_white,Chow,1029,25,111,1,1.0,0.009009,0.017857,2.0,0.5397,0.8602,3.157
"D=1.5, white",D15_white,Chow,1029,50,111,1,1.0,0.009009,0.017857,2.0,0.8035,0.9964,3.157
"D=1.5, white",D15_white,Chow,1029,100,111,1,1.0,0.009009,0.017857,2.0,,,3.157
"D=1.5, white",D15_white,Chow,1030,25,127,1,1.0,0.007874,0.015625,0.0,0.6156,0.9388,3.2982
"D=1.5, white",D15_white,Chow,1030,50,127,1,1.0,0.007874,0.015625,0.0,,,3.2982
"D=1.5, white",D15_white,Chow,1030,100,127,1,1.0,0.007874,0.015625,0.0,,,3.2982
"D=1.5, white",D15_white,Chow,1031,25,154,1,1.0,0.006494,0.012903,1.0,0.3414,0.9204,3.2896
"D=1.5, white",D15_white,Chow,1031,50,154,1,1.0,0.006494,0.012903,1.0,,,3.2896
"D=1.5, white",D15_white,Chow,1031,100,154,1,1.0,0.006494,0.012903,1.0,,,3.2896
"D=1.5, white",D15_white,Chow,1032,25,112,1,1.0,0.008929,0.017699,1.0,0.4405,0.8833,3.1456
"D=1.5, white",D15_white,Chow,1032,50,112,1,1.0,0.008929,0.017699,1.0,,,3.1456
"D=1.5, white",D15_white,Chow,1032,100,112,1,1.0,0.008929,0.017699,1.0,,,3.1456
"D=1.5, white",D15_white,Chow,1033,25,101,1,1.0,0.009901,0.019608,1.0,0.4906,0.7749,3.1838
"D=1.5, white",D15_white,Chow,1033,50,101,1,1.0,0.009901,0.019608,1.0,0.2691,0.9402,3.1838
"D=1.5, white",D15_white,Chow,1033,100,101,1,1.0,0.009901,0.019608,1.0,,,3.1838
"D=1.5, white",D15_white,Chow,1034,25,125,1,1.0,0.008,0.015873,1.0,0.5031,0.9168,3.1073
"D=1.5, white",D15_white,Chow,1034,50,125,1,1.0,0.008,0.015873,1.0,0.3751,0.9805,3.1073
"D=1.5, white",D15_white,Chow,1034,100,125,1,1.0,0.008,0.015873,1.0,,,3.1073
"D=1.5, white",D15_white,Chow,1035,25,107,1,1.0,0.009346,0.018519,0.0,0.5727,0.9001,3.1219
"D=1.5, white",D15_white,Chow,1035,50,107,1,1.0,0.009346,0.018519,0.0,0.3342,0.994,3.1219
"D=1.5, white",D15_white,Chow,1035,100,107,1,1.0,0.009346,0.018519,0.0,,,3.1219
"D=1.5, white",D15_white,Chow,1036,25,116,1,1.0,0.008621,0.017094,0.0,0.4336,0.8528,3.1723
"D=1.5, white",D15_white,Chow,1036,50,116,1,1.0,0.008621,0.017094,0.0,0.1659,0.9519,3.1723
"D=1.5, white",D15_white,Chow,1036,100,116,1,1.0,0.008621,0.017094,0.0,,,3.1723
"D=1.5, white",D15_white,Chow,1037,25,112,1,1.0,0.008929,0.017699,0.0,0.562,0.8523,3.2533
"D=1.5, white",D15_white,Chow,1037,50,112,1,1.0,0.008929,0.017699,0.0,0.7942,0.9932,3.2533
"D=1.5, white",D15_white,Chow,1037,100,112,1,1.0,0.008929,0.017699,0.0,,,3.2533
"D=1.5, white",D15_white,Chow,1038,25,130,1,1.0,0.007692,0.015267,0.0,0.5065,0.8873,4.5372
"D=1.5, white",D15_white,Chow,1038,50,130,1,1.0,0.007692,0.015267,0.0,0.8046,0.9989,4.5372
"D=1.5, white",D15_white,Chow,1038,100,130,1,1.0,0.007692,0.015267,0.0,,,4.5372
"D=1.5, white",D15_white,Chow,1039,25,105,1,1.0,0.009524,0.018868,0.0,0.696,0.892,3.6127
"D=1.5, white",D15_white,Chow,1039,50,105,1,1.0,0.009524,0.018868,0.0,0.9041,0.996,3.6127
"D=1.5, white",D15_white,Chow,1039,100,105,1,1.0,0.009524,0.018868,0.0,,,3.6127
"D=1.5, white",D15_white,Chow,1040,25,113,1,1.0,0.00885,0.017544,1.0,0.5915,0.855,3.313
"D=1.5, white",D15_white,Chow,1040,50,113,1,1.0,0.00885,0.017544,1.0,0.5711,0.9848,3.313
"D=1.5, white",D15_white,Chow,1040,100,113,1,1.0,0.00885,0.017544,1.0,,,3.313
"D=1.5, white",D15_white,Chow,1041,25,133,1,1.0,0.007519,0.014925,0.0,0.5256,0.9035,3.2061
"D=1.5, white",D15_white,Chow,1041,50,133,1,1.0,0.007519,0.014925,0.0,0.7021,0.9971,3.2061
"D=1.5, white",D15_white,Chow,1041,100,133,1,1.0,0.007519,0.014925,0.0,,,3.2061
"D=1.5, white",D15_white,Chow,1042,25,127,1,1.0,0.007874,0.015625,1.0,0.4094,0.897,3.1885
"D=1.5, white",D15_white,Chow,1042,50,127,1,1.0,0.007874,0.015625,1.0,0.3872,0.9618,3.1885
"D=1.5, white",D15_white,Chow,1042,100,127,1,1.0,0.007874,0.015625,1.0,,,3.1885
"D=1.5, white",D15_white,Chow,1043,25,123,1,1.0,0.00813,0.016129,2.0,0.4946,0.8627,3.1636
"D=1.5, white",D15_white,Chow,1043,50,123,1,1.0,0.00813,0.016129,2.0,0.3894,0.9865,3.1636
"D=1.5, white",D15_white,Chow,1043,100,123,1,1.0,0.00813,0.016129,2.0,,,3.1636
"D=1.5, white",D15_white,Chow,1044,25,101,1,1.0,0.009901,0.019608,0.0,0.6174,0.8902,3.2021
"D=1.5, white",D15_white,Chow,1044,50,101,1,1.0,0.009901,0.019608,0.0,0.7906,0.9987,3.2021
"D=1.5, white",D15_white,Chow,1044,100,101,1,1.0,0.009901,0.019608,0.0,,,3.2021
"D=1.5, white",D15_white,Chow,1045,25,113,1,1.0,0.00885,0.017544,0.0,0.5354,0.8679,3.2534
"D=1.5, white",D15_white,Chow,1045,50,113,1,1.0,0.00885,0.017544,0.0,0.7526,0.9864,3.2534
"D=1.5, white",D15_white,Chow,1045,100,113,1,1.0,0.00885,0.017544,0.0,,,3.2534
"D=1.5, white",D15_white,Chow,1046,25,124,1,1.0,0.008065,0.016,0.0,0.483,0.9313,3.2303
"D=1.5, white",D15_white,Chow,1046,50,124,1,1.0,0.008065,0.016,0.0,,,3.2303
"D=1.5, white",D15_white,Chow,1046,100,124,1,1.0,0.008065,0.016,0.0,,,3.2303
"D=1.5, white",D15_white,Chow,1047,25,111,1,0.0,0.0,0.0,9999.0,0.502,0.8091,3.3446
"D=1.5, white",D15_white,Chow,1047,50,111,1,1.0,0.009009,0.017857,26.0,0.5383,0.9916,3.3446
"D=1.5, white",D15_white,Chow,1047,100,111,1,1.0,0.009009,0.017857,26.0,,,3.3446
"D=1.5, white",D15_white,Chow,1048,25,134,1,1.0,0.007463,0.014815,2.0,0.4594,0.8825,3.1678
"D=1.5, white",D15_white,Chow,1048,50,134,1,1.0,0.007463,0.014815,2.0,0.4415,0.9923,3.1678
"D=1.5, white",D15_white,Chow,1048,100,134,1,1.0,0.007463,0.014815,2.0,,,3.1678
"D=1.5, white",D15_white,Chow,1049,25,123,1,1.0,0.00813,0.016129,1.0,0.4908,0.8793,3.1728
"D=1.5, white",D15_white,Chow,1049,50,123,1,1.0,0.00813,0.016129,1.0,0.2875,0.9686,3.1728
"D=1.5, white",D15_white,Chow,1049,100,123,1,1.0,0.00813,0.016129,1.0,,,3.1728
"D=0.5, white",D05_white,SNHT,1000,25,5,1,1.0,0.2,0.333333,3.0,,,8.0171
"D=0.5, white",D05_white,SNHT,1000,50,5,1,1.0,0.2,0.333333,3.0,,,8.0171
"D=0.5, white",D05_white,SNHT,1000,100,5,1,1.0,0.2,0.333333,3.0,,,8.0171
"D=0.5, white",D05_white,SNHT,1001,25,1,1,1.0,1.0,1.0,1.0,,,8.7153
"D=0.5, white",D05_white,SNHT,1001,50,1,1,1.0,1.0,1.0,1.0,,,8.7153
"D=0.5, white",D05_white,SNHT,1001,100,1,1,1.0,1.0,1.0,1.0,,,8.7153
"D=0.5, white",D05_white,SNHT,1002,25,1,1,1.0,1.0,1.0,2.0,,,8.214
"D=0.5, white",D05_white,SNHT,1002,50,1,1,1.0,1.0,1.0,2.0,,,8.214
"D=0.5, white",D05_white,SNHT,1002,100,1,1,1.0,1.0,1.0,2.0,,,8.214
"D=0.5, white",D05_white,SNHT,1003,25,3,1,1.0,0.333333,0.5,2.0,,,8.8178
"D=0.5, white",D05_white,SNHT,1003,50,3,1,1.0,0.333333,0.5,2.0,,,8.8178
"D=0.5, white",D05_white,SNHT,1003,100,3,1,1.0,0.333333,0.5,2.0,,,8.8178
"D=0.5, white",D05_white,SNHT,1004,25,3,1,1.0,0.333333,0.5,3.0,,,12.6166
"D=0.5, white",D05_white,SNHT,1004,50,3,1,1.0,0.333333,0.5,3.0,,,12.6166
"D=0.5, white",D05_white,SNHT,1004,100,3,1,1.0,0.333333,0.5,3.0,,,12.6166
"D=0.5, white",D05_white,SNHT,1005,25,3,1,1.0,0.333333,0.5,0.0,,,8.2242
"D=0.5, white",D05_white,SNHT,1005,50,3,1,1.0,0.333333,0.5,0.0,,,8.2242
"D=0.5, white",D05_white,SNHT,1005,100,3,1,1.0,0.333333,0.5,0.0,,,8.2242
"D=0.5, white",D05_white,SNHT,1006,25,1,1,1.0,1.0,1.0,0.0,,,8.3962
"D=0.5, white",D05_white,SNHT,1006,50,1,1,1.0,1.0,1.0,0.0,,,8.3962
"D=0.5, white",D05_white,SNHT,1006,100,1,1,1.0,1.0,1.0,0.0,,,8.3962
"D=0.5, white",D05_white,SNHT,1007,25,1,1,1.0,1.0,1.0,1.0,,,8.8976
"D=0.5, white",D05_white,SNHT,1007,50,1,1,1.0,1.0,1.0,1.0,,,8.8976
"D=0.5, white",D05_white,SNHT,1007,100,1,1,1.0,1.0,1.0,1.0,,,8.8976
"D=0.5, white",D05_white,SNHT,1008,25,3,1,1.0,0.333333,0.5,0.0,,,8.9122
"D=0.5, white",D05_white,SNHT,1008,50,3,1,1.0,0.333333,0.5,0.0,,,8.9122
"D=0.5, white",D05_white,SNHT,1008,100,3,1,1.0,0.333333,0.5,0.0,,,8.9122
"D=0.5, white",D05_white,SNHT,1009,25,3,1,1.0,0.333333,0.5,0.0,,,7.8543
"D=0.5, white",D05_white,SNHT,1009,50,3,1,1.0,0.333333,0.5,0.0,,,7.8543
"D=0.5, white",D05_white,SNHT,1009,100,3,1,1.0,0.333333,0.5,0.0,,,7.8543
"D=0.5, white",D05_white,SNHT,1010,25,3,1,1.0,0.333333,0.5,0.0,,,7.6989
"D=0.5, white",D05_white,SNHT,1010,50,3,1,1.0,0.333333,0.5,0.0,,,7.6989
"D=0.5, white",D05_white,SNHT,1010,100,3,1,1.0,0.333333,0.5,0.0,,,7.6989
"D=0.5, white",D05_white,SNHT,1011,25,3,1,1.0,0.333333,0.5,0.0,,,16.395
"D=0.5, white",D05_white,SNHT,1011,50,3,1,1.0,0.333333,0.5,0.0,,,16.395
"D=0.5, white",D05_white,SNHT,1011,100,3,1,1.0,0.333333,0.5,0.0,,,16.395
"D=0.5, white",D05_white,SNHT,1012,25,1,1,1.0,1.0,1.0,1.0,,,19.0971
"D=0.5, white",D05_white,SNHT,1012,50,1,1,1.0,1.0,1.0,1.0,,,19.0971
"D=0.5, white",D05_white,SNHT,1012,100,1,1,1.0,1.0,1.0,1.0,,,19.0971
"D=0.5, white",D05_white,SNHT,1013,25,3,1,1.0,0.333333,0.5,1.0,,,13.6644
"D=0.5, white",D05_white,SNHT,1013,50,3,1,1.0,0.333333,0.5,1.0,,,13.6644
"D=0.5, white",D05_white,SNHT,1013,100,3,1,1.0,0.333333,0.5,1.0,,,13.6644
"D=0.5, white",D05_white,SNHT,1014,25,3,1,1.0,0.333333,0.5,0.0,,,7.9619
"D=0.5, white",D05_white,SNHT,1014,50,3,1,1.0,0.333333,0.5,0.0,,,7.9619
"D=0.5, white",D05_white,SNHT,1014,100,3,1,1.0,0.333333,0.5,0.0,,,7.9619
"D=0.5, white",D05_white,SNHT,1015,25,1,1,1.0,1.0,1.0,1.0,,,9.7306
"D=0.5, white",D05_white,SNHT,1015,50,1,1,1.0,1.0,1.0,1.0,,,9.7306
"D=0.5, white",D05_white,SNHT,1015,100,1,1,1.0,1.0,1.0,1.0,,,9.7306
"D=0.5, white",D05_white,SNHT,1016,25,3,1,1.0,0.333333,0.5,2.0,,,8.394
"D=0.5, white",D05_white,SNHT,1016,50,3,1,1.0,0.333333,0.5,2.0,,,8.394
"D=0.5, white",D05_white,SNHT,1016,100,3,1,1.0,0.333333,0.5,2.0,,,8.394
"D=0.5, white",D05_white,SNHT,1017,25,1,1,1.0,1.0,1.0,2.0,,,7.7691
"D=0.5, white",D05_white,SNHT,1017,50,1,1,1.0,1.0,1.0,2.0,,,7.7691
"D=0.5, white",D05_white,SNHT,1017,100,1,1,1.0,1.0,1.0,2.0,,,7.7691
"D=0.5, white",D05_white,SNHT,1018,25,1,1,1.0,1.0,1.0,2.0,,,7.7122
"D=0.5, white",D05_white,SNHT,1018,50,1,1,1.0,1.0,1.0,2.0,,,7.7122
"D=0.5, white",D05_white,SNHT,1018,100,1,1,1.0,1.0,1.0,2.0,,,7.7122
"D=0.5, white",D05_white,SNHT,1019,25,1,1,1.0,1.0,1.0,2.0,,,7.5335
"D=0.5, white",D05_white,SNHT,1019,50,1,1,1.0,1.0,1.0,2.0,,,7.5335
"D=0.5, white",D05_white,SNHT,1019,100,1,1,1.0,1.0,1.0,2.0,,,7.5335
"D=0.5, white",D05_white,SNHT,1020,25,1,1,1.0,1.0,1.0,3.0,,,7.8957
"D=0.5, white",D05_white,SNHT,1020,50,1,1,1.0,1.0,1.0,3.0,,,7.8957
"D=0.5, white",D05_white,SNHT,1020,100,1,1,1.0,1.0,1.0,3.0,,,7.8957
"D=0.5, white",D05_white,SNHT,1021,25,1,1,1.0,1.0,1.0,0.0,,,8.2305
"D=0.5, white",D05_white,SNHT,1021,50,1,1,1.0,1.0,1.0,0.0,,,8.2305
"D=0.5, white",D05_white,SNHT,1021,100,1,1,1.0,1.0,1.0,0.0,,,8.2305
"D=0.5, white",D05_white,SNHT,1022,25,3,1,1.0,0.333333,0.5,0.0,,,7.7421
"D=0.5, white",D05_white,SNHT,1022,50,3,1,1.0,0.333333,0.5,0.0,,,7.7421
"D=0.5, white",D05_white,SNHT,1022,100,3,1,1.0,0.333333,0.5,0.0,,,7.7421
"D=0.5, white",D05_white,SNHT,1023,25,3,1,1.0,0.333333,0.5,0.0,,,8.3847
"D=0.5, white",D05_white,SNHT,1023,50,3,1,1.0,0.333333,0.5,0.0,,,8.3847
"D=0.5, white",D05_white,SNHT,1023,100,3,1,1.0,0.333333,0.5,0.0,,,8.3847
"D=0.5, white",D05_white,SNHT,1024,25,5,1,1.0,0.2,0.333333,2.0,,,8.5979
"D=0.5, white",D05_white,SNHT,1024,50,5,1,1.0,0.2,0.333333,2.0,,,8.5979
"D=0.5, white",D05_white,SNHT,1024,100,5,1,1.0,0.2,0.333333,2.0,,,8.5979
"D=0.5, white",D05_white,SNHT,1025,25,1,1,1.0,1.0,1.0,3.0,,,8.3051
"D=0.5, white",D05_white,SNHT,1025,50,1,1,1.0,1.0,1.0,3.0,,,8.3051
"D=0.5, white",D05_white,SNHT,1025,100,1,1,1.0,1.0,1.0,3.0,,,8.3051
"D=0.5, white",D05_white,SNHT,1026,25,1,1,1.0,1.0,1.0,3.0,,,8.1492
"D=0.5, white",D05_white,SNHT,1026,50,1,1,1.0,1.0,1.0,3.0,,,8.1492
"D=0.5, white",D05_white,SNHT,1026,100,1,1,1.0,1.0,1.0,3.0,,,8.1492
"D=0.5, white",D05_white,SNHT,1027,25,3,1,1.0,0.333333,0.5,5.0,,,9.1762
"D=0.5, white",D05_white,SNHT,1027,50,3,1,1.0,0.333333,0.5,5.0,,,9.1762
"D=0.5, white",D05_white,SNHT,1027,100,3,1,1.0,0.333333,0.5,5.0,,,9.1762
"D=0.5, white",D05_white,SNHT,1028,25,5,1,1.0,0.2,0.333333,2.0,,,8.2589
"D=0.5, white",D05_white,SNHT,1028,50,5,1,1.0,0.2,0.333333,2.0,,,8.2589
"D=0.5, white",D05_white,SNHT,1028,100,5,1,1.0,0.2,0.333333,2.0,,,8.2589
"D=0.5, white",D05_white,SNHT,1029,25,3,1,1.0,0.333333,0.5,0.0,,,8.2172
"D=0.5, white",D05_white,SNHT,1029,50,3,1,1.0,0.333333,0.5,0.0,,,8.2172
"D=0.5, white",D05_white,SNHT,1029,100,3,1,1.0,0.333333,0.5,0.0,,,8.2172
"D=0.5, white",D05_white,SNHT,1030,25,3,1,1.0,0.333333,0.5,2.0,,,8.4347
"D=0.5, white",D05_white,SNHT,1030,50,3,1,1.0,0.333333,0.5,2.0,,,8.4347
"D=0.5, white",D05_white,SNHT,1030,100,3,1,1.0,0.333333,0.5,2.0,,,8.4347
"D=0.5, white",D05_white,SNHT,1031,25,1,1,1.0,1.0,1.0,2.0,,,7.8084
"D=0.5, white",D05_white,SNHT,1031,50,1,1,1.0,1.0,1.0,2.0,,,7.8084
"D=0.5, white",D05_white,SNHT,1031,100,1,1,1.0,1.0,1.0,2.0,,,7.8084
"D=0.5, white",D05_white,SNHT,1032,25,1,1,1.0,1.0,1.0,0.0,,,7.8011
"D=0.5, white",D05_white,SNHT,1032,50,1,1,1.0,1.0,1.0,0.0,,,7.8011
"D=0.5, white",D05_white,SNHT,1032,100,1,1,1.0,1.0,1.0,0.0,,,7.8011
"D=0.5, white",D05_white,SNHT,1033,25,1,1,1.0,1.0,1.0,1.0,,,7.7174
"D=0.5, white",D05_white,SNHT,1033,50,1,1,1.0,1.0,1.0,1.0,,,7.7174
"D=0.5, white",D05_white,SNHT,1033,100,1,1,1.0,1.0,1.0,1.0,,,7.7174
"D=0.5, white",D05_white,SNHT,1034,25,1,1,1.0,1.0,1.0,2.0,,,8.0946
"D=0.5, white",D05_white,SNHT,1034,50,1,1,1.0,1.0,1.0,2.0,,,8.0946
"D=0.5, white",D05_white,SNHT,1034,100,1,1,1.0,1.0,1.0,2.0,,,8.0946
"D=0.5, white",D05_white,SNHT,1035,25,3,1,1.0,0.333333,0.5,3.0,,,10.4544
"D=0.5, white",D05_white,SNHT,1035,50,3,1,1.0,0.333333,0.5,3.0,,,10.4544
"D=0.5, white",D05_white,SNHT,1035,100,3,1,1.0,0.333333,0.5,3.0,,,10.4544
"D=0.5, white",D05_white,SNHT,1036,25,3,1,1.0,0.333333,0.5,0.0,,,12.6745
"D=0.5, white",D05_white,SNHT,1036,50,3,1,1.0,0.333333,0.5,0.0,,,12.6745
"D=0.5, white",D05_white,SNHT,1036,100,3,1,1.0,0.333333,0.5,0.0,,,12.6745
"D=0.5, white",D05_white,SNHT,1037,25,3,1,1.0,0.333333,0.5,0.0,,,12.2098
"D=0.5, white",D05_white,SNHT,1037,50,3,1,1.0,0.333333,0.5,0.0,,,12.2098
"D=0.5, white",D05_white,SNHT,1037,100,3,1,1.0,0.333333,0.5,0.0,,,12.2098
"D=0.5, white",D05_white,SNHT,1038,25,1,1,1.0,1.0,1.0,2.0,,,12.6785
"D=0.5, white",D05_white,SNHT,1038,50,1,1,1.0,1.0,1.0,2.0,,,12.6785
"D=0.5, white",D05_white,SNHT,1038,100,1,1,1.0,1.0,1.0,2.0,,,12.6785
"D=0.5, white",D05_white,SNHT,1039,25,1,1,1.0,1.0,1.0,2.0,,,8.9856
"D=0.5, white",D05_white,SNHT,1039,50,1,1,1.0,1.0,1.0,2.0,,,8.9856
"D=0.5, white",D05_white,SNHT,1039,100,1,1,1.0,1.0,1.0,2.0,,,8.9856
"D=0.5, white",D05_white,SNHT,1040,25,1,1,1.0,1.0,1.0,2.0,,,8.7103
"D=0.5, white",D05_white,SNHT,1040,50,1,1,1.0,1.0,1.0,2.0,,,8.7103
"D=0.5, white",D05_white,SNHT,1040,100,1,1,1.0,1.0,1.0,2.0,,,8.7103
"D=0.5, white",D05_white,SNHT,1041,25,1,1,1.0,1.0,1.0,1.0,,,8.0188
"D=0.5, white",D05_white,SNHT,1041,50,1,1,1.0,1.0,1.0,1.0,,,8.0188
"D=0.5, white",D05_white,SNHT,1041,100,1,1,1.0,1.0,1.0,1.0,,,8.0188
"D=0.5, white",D05_white,SNHT,1042,25,1,1,1.0,1.0,1.0,2.0,,,9.0232
"D=0.5, white",D05_white,SNHT,1042,50,1,1,1.0,1.0,1.0,2.0,,,9.0232
"D=0.5, white",D05_white,SNHT,1042,100,1,1,1.0,1.0,1.0,2.0,,,9.0232
"D=0.5, white",D05_white,SNHT,1043,25,3,1,1.0,0.333333,0.5,3.0,,,11.8471
"D=0.5, white",D05_white,SNHT,1043,50,3,1,1.0,0.333333,0.5,3.0,,,11.8471
"D=0.5, white",D05_white,SNHT,1043,100,3,1,1.0,0.333333,0.5,3.0,,,11.8471
"D=0.5, white",D05_white,SNHT,1044,25,3,1,1.0,0.333333,0.5,0.0,,,8.4903
"D=0.5, white",D05_white,SNHT,1044,50,3,1,1.0,0.333333,0.5,0.0,,,8.4903
"D=0.5, white",D05_white,SNHT,1044,100,3,1,1.0,0.333333,0.5,0.0,,,8.4903
"D=0.5, white",D05_white,SNHT,1045,25,1,1,1.0,1.0,1.0,0.0,,,6.8447
"D=0.5, white",D05_white,SNHT,1045,50,1,1,1.0,1.0,1.0,0.0,,,6.8447
"D=0.5, white",D05_white,SNHT,1045,100,1,1,1.0,1.0,1.0,0.0,,,6.8447
"D=0.5, white",D05_white,SNHT,1046,25,1,1,1.0,1.0,1.0,4.0,,,7.1035
"D=0.5, white",D05_white,SNHT,1046,50,1,1,1.0,1.0,1.0,4.0,,,7.1035
"D=0.5, white",D05_white,SNHT,1046,100,1,1,1.0,1.0,1.0,4.0,,,7.1035
"D=0.5, white",D05_white,SNHT,1047,25,3,1,1.0,0.333333,0.5,0.0,,,7.8077
"D=0.5, white",D05_white,SNHT,1047,50,3,1,1.0,0.333333,0.5,0.0,,,7.8077
"D=0.5, white",D05_white,SNHT,1047,100,3,1,1.0,0.333333,0.5,0.0,,,7.8077
"D=0.5, white",D05_white,SNHT,1048,25,7,1,1.0,0.142857,0.25,1.0,,,7.1338
"D=0.5, white",D05_white,SNHT,1048,50,7,1,1.0,0.142857,0.25,1.0,,,7.1338
"D=0.5, white",D05_white,SNHT,1048,100,7,1,1.0,0.142857,0.25,1.0,,,7.1338
"D=0.5, white",D05_white,SNHT,1049,25,3,1,1.0,0.333333,0.5,0.0,,,6.7724
"D=0.5, white",D05_white,SNHT,1049,50,3,1,1.0,0.333333,0.5,0.0,,,6.7724
"D=0.5, white",D05_white,SNHT,1049,100,3,1,1.0,0.333333,0.5,0.0,,,6.7724
"D=1, white",D10_white,SNHT,1000,25,39,1,1.0,0.025641,0.05,1.0,,,6.9173
"D=1, white",D10_white,SNHT,1000,50,39,1,1.0,0.025641,0.05,1.0,,,6.9173
"D=1, white",D10_white,SNHT,1000,100,39,1,1.0,0.025641,0.05,1.0,,,6.9173
"D=1, white",D10_white,SNHT,1001,25,35,1,1.0,0.028571,0.055556,1.0,,,7.2887
"D=1, white",D10_white,SNHT,1001,50,35,1,1.0,0.028571,0.055556,1.0,,,7.2887
"D=1, white",D10_white,SNHT,1001,100,35,1,1.0,0.028571,0.055556,1.0,,,7.2887
"D=1, white",D10_white,SNHT,1002,25,43,1,1.0,0.023256,0.045455,0.0,,,6.905
"D=1, white",D10_white,SNHT,1002,50,43,1,1.0,0.023256,0.045455,0.0,,,6.905
"D=1, white",D10_white,SNHT,1002,100,43,1,1.0,0.023256,0.045455,0.0,,,6.905
"D=1, white",D10_white,SNHT,1003,25,43,1,1.0,0.023256,0.045455,0.0,,,6.9025
"D=1, white",D10_white,SNHT,1003,50,43,1,1.0,0.023256,0.045455,0.0,,,6.9025
"D=1, white",D10_white,SNHT,1003,100,43,1,1.0,0.023256,0.045455,0.0,,,6.9025
"D=1, white",D10_white,SNHT,1004,25,45,1,1.0,0.022222,0.043478,1.0,,,7.0329
"D=1, white",D10_white,SNHT,1004,50,45,1,1.0,0.022222,0.043478,1.0,,,7.0329
"D=1, white",D10_white,SNHT,1004,100,45,1,1.0,0.022222,0.043478,1.0,,,7.0329
"D=1, white",D10_white,SNHT,1005,25,37,1,1.0,0.027027,0.052632,1.0,,,6.8446
"D=1, white",D10_white,SNHT,1005,50,37,1,1.0,0.027027,0.052632,1.0,,,6.8446
"D=1, white",D10_white,SNHT,1005,100,37,1,1.0,0.027027,0.052632,1.0,,,6.8446
"D=1, white",D10_white,SNHT,1006,25,39,1,1.0,0.025641,0.05,0.0,,,7.0469
"D=1, white",D10_white,SNHT,1006,50,39,1,1.0,0.025641,0.05,0.0,,,7.0469
"D=1, white",D10_white,SNHT,1006,100,39,1,1.0,0.025641,0.05,0.0,,,7.0469
"D=1, white",D10_white,SNHT,1007,25,21,1,1.0,0.047619,0.090909,2.0,,,6.7813
"D=1, white",D10_white,SNHT,1007,50,21,1,1.0,0.047619,0.090909,2.0,,,6.7813
"D=1, white",D10_white,SNHT,1007,100,21,1,1.0,0.047619,0.090909,2.0,,,6.7813
"D=1, white",D10_white,SNHT,1008,25,57,1,1.0,0.017544,0.034483,6.0,,,7.0443
"D=1, white",D10_white,SNHT,1008,50,57,1,1.0,0.017544,0.034483,6.0,,,7.0443
"D=1, white",D10_white,SNHT,1008,100,57,1,1.0,0.017544,0.034483,6.0,,,7.0443
"D=1, white",D10_white,SNHT,1009,25,45,1,1.0,0.022222,0.043478,0.0,,,7.1737
"D=1, white",D10_white,SNHT,1009,50,45,1,1.0,0.022222,0.043478,0.0,,,7.1737
"D=1, white",D10_white,SNHT,1009,100,45,1,1.0,0.022222,0.043478,0.0,,,7.1737
"D=1, white",D10_white,SNHT,1010,25,37,1,1.0,0.027027,0.052632,0.0,,,6.8731
"D=1, white",D10_white,SNHT,1010,50,37,1,1.0,0.027027,0.052632,0.0,,,6.8731
"D=1, white",D10_white,SNHT,1010,100,37,1,1.0,0.027027,0.052632,0.0,,,6.8731
"D=1, white",D10_white,SNHT,1011,25,43,1,1.0,0.023256,0.045455,0.0,,,6.9406
"D=1, white",D10_white,SNHT,1011,50,43,1,1.0,0.023256,0.045455,0.0,,,6.9406
"D=1, white",D10_white,SNHT,1011,100,43,1,1.0,0.023256,0.045455,0.0,,,6.9406
"D=1, white",D10_white,SNHT,1012,25,41,1,1.0,0.02439,0.047619,0.0,,,6.2956
"D=1, white",D10_white,SNHT,1012,50,41,1,1.0,0.02439,0.047619,0.0,,,6.2956
"D=1, white",D10_white,SNHT,1012,100,41,1,1.0,0.02439,0.047619,0.0,,,6.2956
"D=1, white",D10_white,SNHT,1013,25,49,1,1.0,0.020408,0.04,0.0,,,7.9155
"D=1, white",D10_white,SNHT,1013,50,49,1,1.0,0.020408,0.04,0.0,,,7.9155
"D=1, white",D10_white,SNHT,1013,100,49,1,1.0,0.020408,0.04,0.0,,,7.9155
"D=1, white",D10_white,SNHT,1014,25,35,1,1.0,0.028571,0.055556,0.0,,,7.7189
"D=1, white",D10_white,SNHT,1014,50,35,1,1.0,0.028571,0.055556,0.0,,,7.7189
"D=1, white",D10_white,SNHT,1014,100,35,1,1.0,0.028571,0.055556,0.0,,,7.7189
"D=1, white",D10_white,SNHT,1015,25,47,1,1.0,0.021277,0.041667,5.0,,,7.9864
"D=1, white",D10_white,SNHT,1015,50,47,1,1.0,0.021277,0.041667,5.0,,,7.9864
"D=1, white",D10_white,SNHT,1015,100,47,1,1.0,0.021277,0.041667,5.0,,,7.9864
"D=1, white",D10_white,SNHT,1016,25,33,1,1.0,0.030303,0.058824,2.0,,,7.8269
"D=1, white",D10_white,SNHT,1016,50,33,1,1.0,0.030303,0.058824,2.0,,,7.8269
"D=1, white",D10_white,SNHT,1016,100,33,1,1.0,0.030303,0.058824,2.0,,,7.8269
"D=1, white",D10_white,SNHT,1017,25,43,1,1.0,0.023256,0.045455,1.0,,,7.6491
"D=1, white",D10_white,SNHT,1017,50,43,1,1.0,0.023256,0.045455,1.0,,,7.6491
"D=1, white",D10_white,SNHT,1017,100,43,1,1.0,0.023256,0.045455,1.0,,,7.6491
"D=1, white",D10_white,SNHT,1018,25,49,1,1.0,0.020408,0.04,1.0,,,7.656
"D=1, white",D10_white,SNHT,1018,50,49,1,1.0,0.020408,0.04,1.0,,,7.656
"D=1, white",D10_white,SNHT,1018,100,49,1,1.0,0.020408,0.04,1.0,,,7.656
"D=1, white",D10_white,SNHT,1019,25,47,1,1.0,0.021277,0.041667,3.0,,,7.4899
"D=1, white",D10_white,SNHT,1019,50,47,1,1.0,0.021277,0.041667,3.0,,,7.4899
"D=1, white",D10_white,SNHT,1019,100,47,1,1.0,0.021277,0.041667,3.0,,,7.4899
"D=1, white",D10_white,SNHT,1020,25,41,1,1.0,0.02439,0.047619,0.0,,,7.625
"D=1, white",D10_white,SNHT,1020,50,41,1,1.0,0.02439,0.047619,0.0,,,7.625
"D=1, white",D10_white,SNHT,1020,100,41,1,1.0,0.02439,0.047619,0.0,,,7.625
"D=1, white",D10_white,SNHT,1021,25,37,1,1.0,0.027027,0.052632,1.0,,,8.7643
"D=1, white",D10_white,SNHT,1021,50,37,1,1.0,0.027027,0.052632,1.0,,,8.7643
"D=1, white",D10_white,SNHT,1021,100,37,1,1.0,0.027027,0.052632,1.0,,,8.7643
"D=1, white",D10_white,SNHT,1022,25,40,1,1.0,0.025,0.04878,2.0,,,8.1477
"D=1, white",D10_white,SNHT,1022,50,40,1,1.0,0.025,0.04878,2.0,,,8.1477
"D=1, white",D10_white,SNHT,1022,100,40,1,1.0,0.025,0.04878,2.0,,,8.1477
"D=1, white",D10_white,SNHT,1023,25,37,1,1.0,0.027027,0.052632,0.0,,,7.7828
"D=1, white",D10_white,SNHT,1023,50,37,1,1.0,0.027027,0.052632,0.0,,,7.7828
"D=1, white",D10_white,SNHT,1023,100,37,1,1.0,0.027027,0.052632,0.0,,,7.7828
"D=1, white",D10_white,SNHT,1024,25,45,1,1.0,0.022222,0.043478,2.0,,,7.7645
"D=1, white",D10_white,SNHT,1024,50,45,1,1.0,0.022222,0.043478,2.0,,,7.7645
"D=1, white",D10_white,SNHT,1024,100,45,1,1.0,0.022222,0.043478,2.0,,,7.7645
"D=1, white",D10_white,SNHT,1025,25,29,1,1.0,0.034483,0.066667,0.0,,,7.5592
"D=1, white",D10_white,SNHT,1025,50,29,1,1.0,0.034483,0.066667,0.0,,,7.5592
"D=1, white",D10_white,SNHT,1025,100,29,1,1.0,0.034483,0.066667,0.0,,,7.5592
"D=1, white",D10_white,SNHT,1026,25,41,1,1.0,0.02439,0.047619,1.0,,,7.5417
"D=1, white",D10_white,SNHT,1026,50,41,1,1.0,0.02439,0.047619,1.0,,,7.5417
"D=1, white",D10_white,SNHT,1026,100,41,1,1.0,0.02439,0.047619,1.0,,,7.5417
"D=1, white",D10_white,SNHT,1027,25,27,1,1.0,0.037037,0.071429,1.0,,,11.0227
"D=1, white",D10_white,SNHT,1027,50,27,1,1.0,0.037037,0.071429,1.0,,,11.0227
"D=1, white",D10_white,SNHT,1027,100,27,1,1.0,0.037037,0.071429,1.0,,,11.0227
"D=1, white",D10_white,SNHT,1028,25,45,1,1.0,0.022222,0.043478,5.0,,,12.393
"D=1, white",D10_white,SNHT,1028,50,45,1,1.0,0.022222,0.043478,5.0,,,12.393
"D=1, white",D10_white,SNHT,1028,100,45,1,1.0,0.022222,0.043478,5.0,,,12.393
"D=1, white",D10_white,SNHT,1029,25,29,1,1.0,0.034483,0.066667,1.0,,,12.5835
"D=1, white",D10_white,SNHT,1029,50,29,1,1.0,0.034483,0.066667,1.0,,,12.5835
"D=1, white",D10_white,SNHT,1029,100,29,1,1.0,0.034483,0.066667,1.0,,,12.5835
"D=1, white",D10_white,SNHT,1030,25,47,1,1.0,0.021277,0.041667,1.0,,,12.4167
"D=1, white",D10_white,SNHT,1030,50,47,1,1.0,0.021277,0.041667,1.0,,,12.4167
"D=1, white",D10_white,SNHT,1030,100,47,1,1.0,0.021277,0.041667,1.0,,,12.4167
"D=1, white",D10_white,SNHT,1031,25,45,1,1.0,0.022222,0.043478,0.0,,,11.1405
"D=1, white",D10_white,SNHT,1031,50,45,1,1.0,0.022222,0.043478,0.0,,,11.1405
"D=1, white",D10_white,SNHT,1031,100,45,1,1.0,0.022222,0.043478,0.0,,,11.1405
"D=1, white",D10_white,SNHT,1032,25,39,1,1.0,0.025641,0.05,1.0,,,7.9069
"D=1, white",D10_white,SNHT,1032,50,39,1,1.0,0.025641,0.05,1.0,,,7.9069
"D=1, white",D10_white,SNHT,1032,100,39,1,1.0,0.025641,0.05,1.0,,,7.9069
"D=1, white",D10_white,SNHT,1033,25,39,1,1.0,0.025641,0.05,0.0,,,7.3208
"D=1, white",D10_white,SNHT,1033,50,39,1,1.0,0.025641,0.05,0.0,,,7.3208
"D=1, white",D10_white,SNHT,1033,100,39,1,1.0,0.025641,0.05,0.0,,,7.3208
"D=1, white",D10_white,SNHT,1034,25,47,1,1.0,0.021277,0.041667,0.0,,,6.7683
"D=1, white",D10_white,SNHT,1034,50,47,1,1.0,0.021277,0.041667,0.0,,,6.7683
"D=1, white",D10_white,SNHT,1034,100,47,1,1.0,0.021277,0.041667,0.0,,,6.7683
"D=1, white",D10_white,SNHT,1035,25,39,1,1.0,0.025641,0.05,3.0,,,6.5373
"D=1, white",D10_white,SNHT,1035,50,39,1,1.0,0.025641,0.05,3.0,,,6.5373
"D=1, white",D10_white,SNHT,1035,100,39,1,1.0,0.025641,0.05,3.0,,,6.5373
"D=1, white",D10_white,SNHT,1036,25,33,1,1.0,0.030303,0.058824,1.0,,,6.0374
"D=1, white",D10_white,SNHT,1036,50,33,1,1.0,0.030303,0.058824,1.0,,,6.0374
"D=1, white",D10_white,SNHT,1036,100,33,1,1.0,0.030303,0.058824,1.0,,,6.0374
"D=1, white",D10_white,SNHT,1037,25,43,1,1.0,0.023256,0.045455,0.0,,,6.4338
"D=1, white",D10_white,SNHT,1037,50,43,1,1.0,0.023256,0.045455,0.0,,,6.4338
"D=1, white",D10_white,SNHT,1037,100,43,1,1.0,0.023256,0.045455,0.0,,,6.4338
"D=1, white",D10_white,SNHT,1038,25,49,1,1.0,0.020408,0.04,1.0,,,7.076
"D=1, white",D10_white,SNHT,1038,50,49,1,1.0,0.020408,0.04,1.0,,,7.076
"D=1, white",D10_white,SNHT,1038,100,49,1,1.0,0.020408,0.04,1.0,,,7.076
"D=1, white",D10_white,SNHT,1039,25,41,1,1.0,0.02439,0.047619,0.0,,,6.4276
"D=1, white",D10_white,SNHT,1039,50,41,1,1.0,0.02439,0.047619,0.0,,,6.4276
"D=1, white",D10_white,SNHT,1039,100,41,1,1.0,0.02439,0.047619,0.0,,,6.4276
"D=1, white",D10_white,SNHT,1040,25,39,1,1.0,0.025641,0.05,3.0,,,6.2192
"D=1, white",D10_white,SNHT,1040,50,39,1,1.0,0.025641,0.05,3.0,,,6.2192
"D=1, white",D10_white,SNHT,1040,100,39,1,1.0,0.025641,0.05,3.0,,,6.2192
"D=1, white",D10_white,SNHT,1041,25,47,1,1.0,0.021277,0.041667,1.0,,,7.0263
"D=1, white",D10_white,SNHT,1041,50,47,1,1.0,0.021277,0.041667,1.0,,,7.0263
"D=1, white",D10_white,SNHT,1041,100,47,1,1.0,0.021277,0.041667,1.0,,,7.0263
"D=1, white",D10_white,SNHT,1042,25,43,1,1.0,0.023256,0.045455,0.0,,,6.5398
"D=1, white",D10_white,SNHT,1042,50,43,1,1.0,0.023256,0.045455,0.0,,,6.5398
"D=1, white",D10_white,SNHT,1042,100,43,1,1.0,0.023256,0.045455,0.0,,,6.5398
"D=1, white",D10_white,SNHT,1043,25,39,1,1.0,0.025641,0.05,4.0,,,6.3984
"D=1, white",D10_white,SNHT,1043,50,39,1,1.0,0.025641,0.05,4.0,,,6.3984
"D=1, white",D10_white,SNHT,1043,100,39,1,1.0,0.025641,0.05,4.0,,,6.3984
"D=1, white",D10_white,SNHT,1044,25,36,1,1.0,0.027778,0.054054,1.0,,,5.7622
"D=1, white",D10_white,SNHT,1044,50,36,1,1.0,0.027778,0.054054,1.0,,,5.7622
"D=1, white",D10_white,SNHT,1044,100,36,1,1.0,0.027778,0.054054,1.0,,,5.7622
"D=1, white",D10_white,SNHT,1045,25,51,1,1.0,0.019608,0.038462,1.0,,,5.135
"D=1, white",D10_white,SNHT,1045,50,51,1,1.0,0.019608,0.038462,1.0,,,5.135
"D=1, white",D10_white,SNHT,1045,100,51,1,1.0,0.019608,0.038462,1.0,,,5.135
"D=1, white",D10_white,SNHT,1046,25,55,1,1.0,0.018182,0.035714,0.0,,,5.4376
"D=1, white",D10_white,SNHT,1046,50,55,1,1.0,0.018182,0.035714,0.0,,,5.4376
"D=1, white",D10_white,SNHT,1046,100,55,1,1.0,0.018182,0.035714,0.0,,,5.4376
"D=1, white",D10_white,SNHT,1047,25,43,1,1.0,0.023256,0.045455,2.0,,,5.1399
"D=1, white",D10_white,SNHT,1047,50,43,1,1.0,0.023256,0.045455,2.0,,,5.1399
"D=1, white",D10_white,SNHT,1047,100,43,1,1.0,0.023256,0.045455,2.0,,,5.1399
"D=1, white",D10_white,SNHT,1048,25,51,1,1.0,0.019608,0.038462,0.0,,,5.4884
"D=1, white",D10_white,SNHT,1048,50,51,1,1.0,0.019608,0.038462,0.0,,,5.4884
"D=1, white",D10_white,SNHT,1048,100,51,1,1.0,0.019608,0.038462,0.0,,,5.4884
"D=1, white",D10_white,SNHT,1049,25,33,1,1.0,0.030303,0.058824,0.0,,,5.5093
"D=1, white",D10_white,SNHT,1049,50,33,1,1.0,0.030303,0.058824,0.0,,,5.5093
"D=1, white",D10_white,SNHT,1049,100,33,1,1.0,0.030303,0.058824,0.0,,,5.5093
"D=1, pink",D10_pink,SNHT,1000,25,192,1,1.0,0.005208,0.010363,1.0,,,5.4859
"D=1, pink",D10_pink,SNHT,1000,50,192,1,1.0,0.005208,0.010363,1.0,,,5.4859
"D=1, pink",D10_pink,SNHT,1000,100,192,1,1.0,0.005208,0.010363,1.0,,,5.4859
"D=1, pink",D10_pink,SNHT,1001,25,199,1,1.0,0.005025,0.01,1.0,,,5.3641
"D=1, pink",D10_pink,SNHT,1001,50,199,1,1.0,0.005025,0.01,1.0,,,5.3641
"D=1, pink",D10_pink,SNHT,1001,100,199,1,1.0,0.005025,0.01,1.0,,,5.3641
"D=1, pink",D10_pink,SNHT,1002,25,205,1,1.0,0.004878,0.009709,2.0,,,5.015
"D=1, pink",D10_pink,SNHT,1002,50,205,1,1.0,0.004878,0.009709,2.0,,,5.015
"D=1, pink",D10_pink,SNHT,1002,100,205,1,1.0,0.004878,0.009709,2.0,,,5.015
"D=1, pink",D10_pink,SNHT,1003,25,186,1,1.0,0.005376,0.010695,0.0,,,5.2929
"D=1, pink",D10_pink,SNHT,1003,50,186,1,1.0,0.005376,0.010695,0.0,,,5.2929
"D=1, pink",D10_pink,SNHT,1003,100,186,1,1.0,0.005376,0.010695,0.0,,,5.2929
"D=1, pink",D10_pink,SNHT,1004,25,198,1,1.0,0.005051,0.01005,0.0,,,5.1229
"D=1, pink",D10_pink,SNHT,1004,50,198,1,1.0,0.005051,0.01005,0.0,,,5.1229
"D=1, pink",D10_pink,SNHT,1004,100,198,1,1.0,0.005051,0.01005,0.0,,,5.1229
"D=1, pink",D10_pink,SNHT,1005,25,179,1,1.0,0.005587,0.011111,1.0,,,5.2435
"D=1, pink",D10_pink,SNHT,1005,50,179,1,1.0,0.005587,0.011111,1.0,,,5.2435
"D=1, pink",D10_pink,SNHT,1005,100,179,1,1.0,0.005587,0.011111,1.0,,,5.2435
"D=1, pink",D10_pink,SNHT,1006,25,193,1,1.0,0.005181,0.010309,1.0,,,5.1084
"D=1, pink",D10_pink,SNHT,1006,50,193,1,1.0,0.005181,0.010309,1.0,,,5.1084
"D=1, pink",D10_pink,SNHT,1006,100,193,1,1.0,0.005181,0.010309,1.0,,,5.1084
"D=1, pink",D10_pink,SNHT,1007,25,167,1,1.0,0.005988,0.011905,4.0,,,4.8817
"D=1, pink",D10_pink,SNHT,1007,50,167,1,1.0,0.005988,0.011905,4.0,,,4.8817
"D=1, pink",D10_pink,SNHT,1007,100,167,1,1.0,0.005988,0.011905,4.0,,,4.8817
"D=1, pink",D10_pink,SNHT,1008,25,211,1,1.0,0.004739,0.009434,0.0,,,4.7818
"D=1, pink",D10_pink,SNHT,1008,50,211,1,1.0,0.004739,0.009434,0.0,,,4.7818
"D=1, pink",D10_pink,SNHT,1008,100,211,1,1.0,0.004739,0.009434,0.0,,,4.7818
"D=1, pink",D10_pink,SNHT,1009,25,178,1,1.0,0.005618,0.011173,1.0,,,4.5694
"D=1, pink",D10_pink,SNHT,1009,50,178,1,1.0,0.005618,0.011173,1.0,,,4.5694
"D=1, pink",D10_pink,SNHT,1009,100,178,1,1.0,0.005618,0.011173,1.0,,,4.5694
"D=1, pink",D10_pink,SNHT,1010,25,182,1,1.0,0.005495,0.010929,0.0,,,6.0824
"D=1, pink",D10_pink,SNHT,1010,50,182,1,1.0,0.005495,0.010929,0.0,,,6.0824
"D=1, pink",D10_pink,SNHT,1010,100,182,1,1.0,0.005495,0.010929,0.0,,,6.0824
"D=1, pink",D10_pink,SNHT,1011,25,176,1,1.0,0.005682,0.011299,1.0,,,6.2443
"D=1, pink",D10_pink,SNHT,1011,50,176,1,1.0,0.005682,0.011299,1.0,,,6.2443
"D=1, pink",D10_pink,SNHT,1011,100,176,1,1.0,0.005682,0.011299,1.0,,,6.2443
"D=1, pink",D10_pink,SNHT,1012,25,207,1,1.0,0.004831,0.009615,0.0,,,5.2111
"D=1, pink",D10_pink,SNHT,1012,50,207,1,1.0,0.004831,0.009615,0.0,,,5.2111
"D=1, pink",D10_pink,SNHT,1012,100,207,1,1.0,0.004831,0.009615,0.0,,,5.2111
"D=1, pink",D10_pink,SNHT,1013,25,172,1,1.0,0.005814,0.011561,0.0,,,4.5858
"D=1, pink",D10_pink,SNHT,1013,50,172,1,1.0,0.005814,0.011561,0.0,,,4.5858
"D=1, pink",D10_pink,SNHT,1013,100,172,1,1.0,0.005814,0.011561,0.0,,,4.5858
"D=1, pink",D10_pink,SNHT,1014,25,184,1,1.0,0.005435,0.010811,0.0,,,3.6896
"D=1, pink",D10_pink,SNHT,1014,50,184,1,1.0,0.005435,0.010811,0.0,,,3.6896
"D=1, pink",D10_pink,SNHT,1014,100,184,1,1.0,0.005435,0.010811,0.0,,,3.6896
"D=1, pink",D10_pink,SNHT,1015,25,169,1,1.0,0.005917,0.011765,0.0,,,3.7272
"D=1, pink",D10_pink,SNHT,1015,50,169,1,1.0,0.005917,0.011765,0.0,,,3.7272
"D=1, pink",D10_pink,SNHT,1015,100,169,1,1.0,0.005917,0.011765,0.0,,,3.7272
"D=1, pink",D10_pink,SNHT,1016,25,181,1,1.0,0.005525,0.010989,1.0,,,3.7099
"D=1, pink",D10_pink,SNHT,1016,50,181,1,1.0,0.005525,0.010989,1.0,,,3.7099
"D=1, pink",D10_pink,SNHT,1016,100,181,1,1.0,0.005525,0.010989,1.0,,,3.7099
"D=1, pink",D10_pink,SNHT,1017,25,175,1,1.0,0.005714,0.011364,0.0,,,3.6471
"D=1, pink",D10_pink,SNHT,1017,50,175,1,1.0,0.005714,0.011364,0.0,,,3.6471
"D=1, pink",D10_pink,SNHT,1017,100,175,1,1.0,0.005714,0.011364,0.0,,,3.6471
"D=1, pink",D10_pink,SNHT,1018,25,197,1,1.0,0.005076,0.010101,0.0,,,3.6618
"D=1, pink",D10_pink,SNHT,1018,50,197,1,1.0,0.005076,0.010101,0.0,,,3.6618
"D=1, pink",D10_pink,SNHT,1018,100,197,1,1.0,0.005076,0.010101,0.0,,,3.6618
"D=1, pink",D10_pink,SNHT,1019,25,188,1,1.0,0.005319,0.010582,1.0,,,3.7937
"D=1, pink",D10_pink,SNHT,1019,50,188,1,1.0,0.005319,0.010582,1.0,,,3.7937
"D=1, pink",D10_pink,SNHT,1019,100,188,1,1.0,0.005319,0.010582,1.0,,,3.7937
"D=1, pink",D10_pink,SNHT,1020,25,177,1,1.0,0.00565,0.011236,0.0,,,3.4866
"D=1, pink",D10_pink,SNHT,1020,50,177,1,1.0,0.00565,0.011236,0.0,,,3.4866
"D=1, pink",D10_pink,SNHT,1020,100,177,1,1.0,0.00565,0.011236,0.0,,,3.4866
"D=1, pink",D10_pink,SNHT,1021,25,208,1,1.0,0.004808,0.009569,0.0,,,3.933
"D=1, pink",D10_pink,SNHT,1021,50,208,1,1.0,0.004808,0.009569,0.0,,,3.933
"D=1, pink",D10_pink,SNHT,1021,100,208,1,1.0,0.004808,0.009569,0.0,,,3.933
"D=1, pink",D10_pink,SNHT,1022,25,179,1,1.0,0.005587,0.011111,0.0,,,3.7398
"D=1, pink",D10_pink,SNHT,1022,50,179,1,1.0,0.005587,0.011111,0.0,,,3.7398
"D=1, pink",D10_pink,SNHT,1022,100,179,1,1.0,0.005587,0.011111,0.0,,,3.7398
"D=1, pink",D10_pink,SNHT,1023,25,185,1,1.0,0.005405,0.010753,1.0,,,3.7021
"D=1, pink",D10_pink,SNHT,1023,50,185,1,1.0,0.005405,0.010753,1.0,,,3.7021
"D=1, pink",D10_pink,SNHT,1023,100,185,1,1.0,0.005405,0.010753,1.0,,,3.7021
"D=1, pink",D10_pink,SNHT,1024,25,192,1,1.0,0.005208,0.010363,0.0,,,3.3921
"D=1, pink",D10_pink,SNHT,1024,50,192,1,1.0,0.005208,0.010363,0.0,,,3.3921
"D=1, pink",D10_pink,SNHT,1024,100,192,1,1.0,0.005208,0.010363,0.0,,,3.3921
"D=1, pink",D10_pink,SNHT,1025,25,186,1,1.0,0.005376,0.010695,1.0,,,2.8377
"D=1, pink",D10_pink,SNHT,1025,50,186,1,1.0,0.005376,0.010695,1.0,,,2.8377
"D=1, pink",D10_pink,SNHT,1025,100,186,1,1.0,0.005376,0.010695,1.0,,,2.8377
"D=1, pink",D10_pink,SNHT,1026,25,199,1,1.0,0.005025,0.01,1.0,,,2.9898
"D=1, pink",D10_pink,SNHT,1026,50,199,1,1.0,0.005025,0.01,1.0,,,2.9898
"D=1, pink",D10_pink,SNHT,1026,100,199,1,1.0,0.005025,0.01,1.0,,,2.9898
"D=1, pink",D10_pink,SNHT,1027,25,207,1,1.0,0.004831,0.009615,3.0,,,2.5633
"D=1, pink",D10_pink,SNHT,1027,50,207,1,1.0,0.004831,0.009615,3.0,,,2.5633
"D=1, pink",D10_pink,SNHT,1027,100,207,1,1.0,0.004831,0.009615,3.0,,,2.5633
"D=1, pink",D10_pink,SNHT,1028,25,225,1,1.0,0.004444,0.00885,0.0,,,3.561
"D=1, pink",D10_pink,SNHT,1028,50,225,1,1.0,0.004444,0.00885,0.0,,,3.561
"D=1, pink",D10_pink,SNHT,1028,100,225,1,1.0,0.004444,0.00885,0.0,,,3.561
"D=1, pink",D10_pink,SNHT,1029,25,187,1,1.0,0.005348,0.010638,0.0,,,5.1491
"D=1, pink",D10_pink,SNHT,1029,50,187,1,1.0,0.005348,0.010638,0.0,,,5.1491
"D=1, pink",D10_pink,SNHT,1029,100,187,1,1.0,0.005348,0.010638,0.0,,,5.1491
"D=1, pink",D10_pink,SNHT,1030,25,194,1,1.0,0.005155,0.010256,1.0,,,4.3333
"D=1, pink",D10_pink,SNHT,1030,50,194,1,1.0,0.005155,0.010256,1.0,,,4.3333
"D=1, pink",D10_pink,SNHT,1030,100,194,1,1.0,0.005155,0.010256,1.0,,,4.3333
"D=1, pink",D10_pink,SNHT,1031,25,223,1,1.0,0.004484,0.008929,1.0,,,4.6922
"D=1, pink",D10_pink,SNHT,1031,50,223,1,1.0,0.004484,0.008929,1.0,,,4.6922
"D=1, pink",D10_pink,SNHT,1031,100,223,1,1.0,0.004484,0.008929,1.0,,,4.6922
"D=1, pink",D10_pink,SNHT,1032,25,199,1,1.0,0.005025,0.01,1.0,,,3.6369
"D=1, pink",D10_pink,SNHT,1032,50,199,1,1.0,0.005025,0.01,1.0,,,3.6369
"D=1, pink",D10_pink,SNHT,1032,100,199,1,1.0,0.005025,0.01,1.0,,,3.6369
"D=1, pink",D10_pink,SNHT,1033,25,173,1,1.0,0.00578,0.011494,1.0,,,4.4607
"D=1, pink",D10_pink,SNHT,1033,50,173,1,1.0,0.00578,0.011494,1.0,,,4.4607
"D=1, pink",D10_pink,SNHT,1033,100,173,1,1.0,0.00578,0.011494,1.0,,,4.4607
"D=1, pink",D10_pink,SNHT,1034,25,187,1,1.0,0.005348,0.010638,0.0,,,5.3432
"D=1, pink",D10_pink,SNHT,1034,50,187,1,1.0,0.005348,0.010638,0.0,,,5.3432
"D=1, pink",D10_pink,SNHT,1034,100,187,1,1.0,0.005348,0.010638,0.0,,,5.3432
"D=1, pink",D10_pink,SNHT,1035,25,193,1,1.0,0.005181,0.010309,0.0,,,3.3338
"D=1, pink",D10_pink,SNHT,1035,50,193,1,1.0,0.005181,0.010309,0.0,,,3.3338
"D=1, pink",D10_pink,SNHT,1035,100,193,1,1.0,0.005181,0.010309,0.0,,,3.3338
"D=1, pink",D10_pink,SNHT,1036,25,208,1,1.0,0.004808,0.009569,1.0,,,3.195
"D=1, pink",D10_pink,SNHT,1036,50,208,1,1.0,0.004808,0.009569,1.0,,,3.195
"D=1, pink",D10_pink,SNHT,1036,100,208,1,1.0,0.004808,0.009569,1.0,,,3.195
"D=1, pink",D10_pink,SNHT,1037,25,172,1,1.0,0.005814,0.011561,1.0,,,3.1467
"D=1, pink",D10_pink,SNHT,1037,50,172,1,1.0,0.005814,0.011561,1.0,,,3.1467
"D=1, pink",D10_pink,SNHT,1037,100,172,1,1.0,0.005814,0.011561,1.0,,,3.1467
"D=1, pink",D10_pink,SNHT,1038,25,184,1,1.0,0.005435,0.010811,0.0,,,3.1439
"D=1, pink",D10_pink,SNHT,1038,50,184,1,1.0,0.005435,0.010811,0.0,,,3.1439
"D=1, pink",D10_pink,SNHT,1038,100,184,1,1.0,0.005435,0.010811,0.0,,,3.1439
"D=1, pink",D10_pink,SNHT,1039,25,183,1,1.0,0.005464,0.01087,1.0,,,3.2915
"D=1, pink",D10_pink,SNHT,1039,50,183,1,1.0,0.005464,0.01087,1.0,,,3.2915
"D=1, pink",D10_pink,SNHT,1039,100,183,1,1.0,0.005464,0.01087,1.0,,,3.2915
"D=1, pink",D10_pink,SNHT,1040,25,176,1,1.0,0.005682,0.011299,0.0,,,3.3016
"D=1, pink",D10_pink,SNHT,1040,50,176,1,1.0,0.005682,0.011299,0.0,,,3.3016
"D=1, pink",D10_pink,SNHT,1040,100,176,1,1.0,0.005682,0.011299,0.0,,,3.3016
"D=1, pink",D10_pink,SNHT,1041,25,184,1,1.0,0.005435,0.010811,0.0,,,3.2626
"D=1, pink",D10_pink,SNHT,1041,50,184,1,1.0,0.005435,0.010811,0.0,,,3.2626
"D=1, pink",D10_pink,SNHT,1041,100,184,1,1.0,0.005435,0.010811,0.0,,,3.2626
"D=1, pink",D10_pink,SNHT,1042,25,190,1,1.0,0.005263,0.010471,0.0,,,3.1368
"D=1, pink",D10_pink,SNHT,1042,50,190,1,1.0,0.005263,0.010471,0.0,,,3.1368
"D=1, pink",D10_pink,SNHT,1042,100,190,1,1.0,0.005263,0.010471,0.0,,,3.1368
"D=1, pink",D10_pink,SNHT,1043,25,200,1,1.0,0.005,0.00995,0.0,,,3.3202
"D=1, pink",D10_pink,SNHT,1043,50,200,1,1.0,0.005,0.00995,0.0,,,3.3202
"D=1, pink",D10_pink,SNHT,1043,100,200,1,1.0,0.005,0.00995,0.0,,,3.3202
"D=1, pink",D10_pink,SNHT,1044,25,204,1,1.0,0.004902,0.009756,0.0,,,3.3747
"D=1, pink",D10_pink,SNHT,1044,50,204,1,1.0,0.004902,0.009756,0.0,,,3.3747
"D=1, pink",D10_pink,SNHT,1044,100,204,1,1.0,0.004902,0.009756,0.0,,,3.3747
"D=1, pink",D10_pink,SNHT,1045,25,180,1,1.0,0.005556,0.01105,2.0,,,3.4478
"D=1, pink",D10_pink,SNHT,1045,50,180,1,1.0,0.005556,0.01105,2.0,,,3.4478
"D=1, pink",D10_pink,SNHT,1045,100,180,1,1.0,0.005556,0.01105,2.0,,,3.4478
"D=1, pink",D10_pink,SNHT,1046,25,215,1,1.0,0.004651,0.009259,1.0,,,3.4209
"D=1, pink",D10_pink,SNHT,1046,50,215,1,1.0,0.004651,0.009259,1.0,,,3.4209
"D=1, pink",D10_pink,SNHT,1046,100,215,1,1.0,0.004651,0.009259,1.0,,,3.4209
"D=1, pink",D10_pink,SNHT,1047,25,199,1,1.0,0.005025,0.01,0.0,,,3.3445
"D=1, pink",D10_pink,SNHT,1047,50,199,1,1.0,0.005025,0.01,0.0,,,3.3445
"D=1, pink",D10_pink,SNHT,1047,100,199,1,1.0,0.005025,0.01,0.0,,,3.3445
"D=1, pink",D10_pink,SNHT,1048,25,215,1,1.0,0.004651,0.009259,1.0,,,3.3494
"D=1, pink",D10_pink,SNHT,1048,50,215,1,1.0,0.004651,0.009259,1.0,,,3.3494
"D=1, pink",D10_pink,SNHT,1048,100,215,1,1.0,0.004651,0.009259,1.0,,,3.3494
"D=1, pink",D10_pink,SNHT,1049,25,203,1,1.0,0.004926,0.009804,1.0,,,3.5908
"D=1, pink",D10_pink,SNHT,1049,50,203,1,1.0,0.004926,0.009804,1.0,,,3.5908
"D=1, pink",D10_pink,SNHT,1049,100,203,1,1.0,0.004926,0.009804,1.0,,,3.5908
"D=1.5, white",D15_white,SNHT,1000,25,121,1,1.0,0.008264,0.016393,0.0,,,3.5108
"D=1.5, white",D15_white,SNHT,1000,50,121,1,1.0,0.008264,0.016393,0.0,,,3.5108
"D=1.5, white",D15_white,SNHT,1000,100,121,1,1.0,0.008264,0.016393,0.0,,,3.5108
"D=1.5, white",D15_white,SNHT,1001,25,116,1,1.0,0.008621,0.017094,0.0,,,3.8485
"D=1.5, white",D15_white,SNHT,1001,50,116,1,1.0,0.008621,0.017094,0.0,,,3.8485
"D=1.5, white",D15_white,SNHT,1001,100,116,1,1.0,0.008621,0.017094,0.0,,,3.8485
"D=1.5, white",D15_white,SNHT,1002,25,106,1,1.0,0.009434,0.018692,4.0,,,4.7077
"D=1.5, white",D15_white,SNHT,1002,50,106,1,1.0,0.009434,0.018692,4.0,,,4.7077
"D=1.5, white",D15_white,SNHT,1002,100,106,1,1.0,0.009434,0.018692,4.0,,,4.7077
"D=1.5, white",D15_white,SNHT,1003,25,107,1,1.0,0.009346,0.018519,0.0,,,3.3565
"D=1.5, white",D15_white,SNHT,1003,50,107,1,1.0,0.009346,0.018519,0.0,,,3.3565
"D=1.5, white",D15_white,SNHT,1003,100,107,1,1.0,0.009346,0.018519,0.0,,,3.3565
"D=1.5, white",D15_white,SNHT,1004,25,133,1,1.0,0.007519,0.014925,4.0,,,3.4829
"D=1.5, white",D15_white,SNHT,1004,50,133,1,1.0,0.007519,0.014925,4.0,,,3.4829
"D=1.5, white",D15_white,SNHT,1004,100,133,1,1.0,0.007519,0.014925,4.0,,,3.4829
"D=1.5, white",D15_white,SNHT,1005,25,93,1,1.0,0.010753,0.021277,1.0,,,3.4974
"D=1.5, white",D15_white,SNHT,1005,50,93,1,1.0,0.010753,0.021277,1.0,,,3.4974
"D=1.5, white",D15_white,SNHT,1005,100,93,1,1.0,0.010753,0.021277,1.0,,,3.4974
"D=1.5, white",D15_white,SNHT,1006,25,121,1,1.0,0.008264,0.016393,1.0,,,3.5438
"D=1.5, white",D15_white,SNHT,1006,50,121,1,1.0,0.008264,0.016393,1.0,,,3.5438
"D=1.5, white",D15_white,SNHT,1006,100,121,1,1.0,0.008264,0.016393,1.0,,,3.5438
"D=1.5, white",D15_white,SNHT,1007,25,102,1,1.0,0.009804,0.019417,0.0,,,3.551
"D=1.5, white",D15_white,SNHT,1007,50,102,1,1.0,0.009804,0.019417,0.0,,,3.551
"D=1.5, white",D15_white,SNHT,1007,100,102,1,1.0,0.009804,0.019417,0.0,,,3.551
"D=1.5, white",D15_white,SNHT,1008,25,117,1,1.0,0.008547,0.016949,0.0,,,3.5846
"D=1.5, white",D15_white,SNHT,1008,50,117,1,1.0,0.008547,0.016949,0.0,,,3.5846
"D=1.5, white",D15_white,SNHT,1008,100,117,1,1.0,0.008547,0.016949,0.0,,,3.5846
"D=1.5, white",D15_white,SNHT,1009,25,112,1,1.0,0.008929,0.017699,0.0,,,3.7603
"D=1.5, white",D15_white,SNHT,1009,50,112,1,1.0,0.008929,0.017699,0.0,,,3.7603
"D=1.5, white",D15_white,SNHT,1009,100,112,1,1.0,0.008929,0.017699,0.0,,,3.7603
"D=1.5, white",D15_white,SNHT,1010,25,123,1,1.0,0.00813,0.016129,2.0,,,3.4324
"D=1.5, white",D15_white,SNHT,1010,50,123,1,1.0,0.00813,0.016129,2.0,,,3.4324
"D=1.5, white",D15_white,SNHT,1010,100,123,1,1.0,0.00813,0.016129,2.0,,,3.4324
"D=1.5, white",D15_white,SNHT,1011,25,121,1,1.0,0.008264,0.016393,2.0,,,3.662
"D=1.5, white",D15_white,SNHT,1011,50,121,1,1.0,0.008264,0.016393,2.0,,,3.662
"D=1.5, white",D15_white,SNHT,1011,100,121,1,1.0,0.008264,0.016393,2.0,,,3.662
"D=1.5, white",D15_white,SNHT,1012,25,107,1,1.0,0.009346,0.018519,0.0,,,3.7521
"D=1.5, white",D15_white,SNHT,1012,50,107,1,1.0,0.009346,0.018519,0.0,,,3.7521
"D=1.5, white",D15_white,SNHT,1012,100,107,1,1.0,0.009346,0.018519,0.0,,,3.7521
"D=1.5, white",D15_white,SNHT,1013,25,106,1,1.0,0.009434,0.018692,2.0,,,3.7785
"D=1.5, white",D15_white,SNHT,1013,50,106,1,1.0,0.009434,0.018692,2.0,,,3.7785
"D=1.5, white",D15_white,SNHT,1013,100,106,1,1.0,0.009434,0.018692,2.0,,,3.7785
"D=1.5, white",D15_white,SNHT,1014,25,101,1,1.0,0.009901,0.019608,0.0,,,3.7907
"D=1.5, white",D15_white,SNHT,1014,50,101,1,1.0,0.009901,0.019608,0.0,,,3.7907
"D=1.5, white",D15_white,SNHT,1014,100,101,1,1.0,0.009901,0.019608,0.0,,,3.7907
"D=1.5, white",D15_white,SNHT,1015,25,110,1,1.0,0.009091,0.018018,0.0,,,3.6373
"D=1.5, white",D15_white,SNHT,1015,50,110,1,1.0,0.009091,0.018018,0.0,,,3.6373
"D=1.5, white",D15_white,SNHT,1015,100,110,1,1.0,0.009091,0.018018,0.0,,,3.6373
"D=1.5, white",D15_white,SNHT,1016,25,111,1,1.0,0.009009,0.017857,0.0,,,3.5881
"D=1.5, white",D15_white,SNHT,1016,50,111,1,1.0,0.009009,0.017857,0.0,,,3.5881
"D=1.5, white",D15_white,SNHT,1016,100,111,1,1.0,0.009009,0.017857,0.0,,,3.5881
"D=1.5, white",D15_white,SNHT,1017,25,110,1,1.0,0.009091,0.018018,0.0,,,3.7567
"D=1.5, white",D15_white,SNHT,1017,50,110,1,1.0,0.009091,0.018018,0.0,,,3.7567
"D=1.5, white",D15_white,SNHT,1017,100,110,1,1.0,0.009091,0.018018,0.0,,,3.7567
"D=1.5, white",D15_white,SNHT,1018,25,117,1,1.0,0.008547,0.016949,0.0,,,3.8056
"D=1.5, white",D15_white,SNHT,1018,50,117,1,1.0,0.008547,0.016949,0.0,,,3.8056
"D=1.5, white",D15_white,SNHT,1018,100,117,1,1.0,0.008547,0.016949,0.0,,,3.8056
"D=1.5, white",D15_white,SNHT,1019,25,111,1,1.0,0.009009,0.017857,2.0,,,3.7766
"D=1.5, white",D15_white,SNHT,1019,50,111,1,1.0,0.009009,0.017857,2.0,,,3.7766
"D=1.5, white",D15_white,SNHT,1019,100,111,1,1.0,0.009009,0.017857,2.0,,,3.7766
"D=1.5, white",D15_white,SNHT,1020,25,119,1,1.0,0.008403,0.016667,2.0,,,3.9296
"D=1.5, white",D15_white,SNHT,1020,50,119,1,1.0,0.008403,0.016667,2.0,,,3.9296
"D=1.5, white",D15_white,SNHT,1020,100,119,1,1.0,0.008403,0.016667,2.0,,,3.9296
"D=1.5, white",D15_white,SNHT,1021,25,117,1,1.0,0.008547,0.016949,1.0,,,4.8083
"D=1.5, white",D15_white,SNHT,1021,50,117,1,1.0,0.008547,0.016949,1.0,,,4.8083
"D=1.5, white",D15_white,SNHT,1021,100,117,1,1.0,0.008547,0.016949,1.0,,,4.8083
"D=1.5, white",D15_white,SNHT,1022,25,124,1,1.0,0.008065,0.016,5.0,,,4.2178
"D=1.5, white",D15_white,SNHT,1022,50,124,1,1.0,0.008065,0.016,5.0,,,4.2178
"D=1.5, white",D15_white,SNHT,1022,100,124,1,1.0,0.008065,0.016,5.0,,,4.2178
"D=1.5, white",D15_white,SNHT,1023,25,115,1,1.0,0.008696,0.017241,0.0,,,3.3473
"D=1.5, white",D15_white,SNHT,1023,50,115,1,1.0,0.008696,0.017241,0.0,,,3.3473
"D=1.5, white",D15_white,SNHT,1023,100,115,1,1.0,0.008696,0.017241,0.0,,,3.3473
"D=1.5, white",D15_white,SNHT,1024,25,101,1,1.0,0.009901,0.019608,0.0,,,3.2743
"D=1.5, white",D15_white,SNHT,1024,50,101,1,1.0,0.009901,0.019608,0.0,,,3.2743
"D=1.5, white",D15_white,SNHT,1024,100,101,1,1.0,0.009901,0.019608,0.0,,,3.2743
"D=1.5, white",D15_white,SNHT,1025,25,103,1,1.0,0.009709,0.019231,0.0,,,3.2534
"D=1.5, white",D15_white,SNHT,1025,50,103,1,1.0,0.009709,0.019231,0.0,,,3.2534
"D=1.5, white",D15_white,SNHT,1025,100,103,1,1.0,0.009709,0.019231,0.0,,,3.2534
"D=1.5, white",D15_white,SNHT,1026,25,100,1,1.0,0.01,0.019802,1.0,,,3.2408
"D=1.5, white",D15_white,SNHT,1026,50,100,1,1.0,0.01,0.019802,1.0,,,3.2408
"D=1.5, white",D15_white,SNHT,1026,100,100,1,1.0,0.01,0.019802,1.0,,,3.2408
"D=1.5, white",D15_white,SNHT,1027,25,106,1,1.0,0.009434,0.018692,1.0,,,3.2621
"D=1.5, white",D15_white,SNHT,1027,50,106,1,1.0,0.009434,0.018692,1.0,,,3.2621
"D=1.5, white",D15_white,SNHT,1027,100,106,1,1.0,0.009434,0.018692,1.0,,,3.2621
"D=1.5, white",D15_white,SNHT,1028,25,122,1,1.0,0.008197,0.01626,2.0,,,3.2804
"D=1.5, white",D15_white,SNHT,1028,50,122,1,1.0,0.008197,0.01626,2.0,,,3.2804
"D=1.5, white",D15_white,SNHT,1028,100,122,1,1.0,0.008197,0.01626,2.0,,,3.2804
"D=1.5, white",D15_white,SNHT,1029,25,111,1,1.0,0.009009,0.017857,0.0,,,3.1981
"D=1.5, white",D15_white,SNHT,1029,50,111,1,1.0,0.009009,0.017857,0.0,,,3.1981
"D=1.5, white",D15_white,SNHT,1029,100,111,1,1.0,0.009009,0.017857,0.0,,,3.1981
"D=1.5, white",D15_white,SNHT,1030,25,127,1,1.0,0.007874,0.015625,3.0,,,3.1062
"D=1.5, white",D15_white,SNHT,1030,50,127,1,1.0,0.007874,0.015625,3.0,,,3.1062
"D=1.5, white",D15_white,SNHT,1030,100,127,1,1.0,0.007874,0.015625,3.0,,,3.1062
"D=1.5, white",D15_white,SNHT,1031,25,154,1,1.0,0.006494,0.012903,1.0,,,3.1664
"D=1.5, white",D15_white,SNHT,1031,50,154,1,1.0,0.006494,0.012903,1.0,,,3.1664
"D=1.5, white",D15_white,SNHT,1031,100,154,1,1.0,0.006494,0.012903,1.0,,,3.1664
"D=1.5, white",D15_white,SNHT,1032,25,112,1,1.0,0.008929,0.017699,1.0,,,3.227
"D=1.5, white",D15_white,SNHT,1032,50,112,1,1.0,0.008929,0.017699,1.0,,,3.227
"D=1.5, white",D15_white,SNHT,1032,100,112,1,1.0,0.008929,0.017699,1.0,,,3.227
"D=1.5, white",D15_white,SNHT,1033,25,101,1,1.0,0.009901,0.019608,1.0,,,3.6383
"D=1.5, white",D15_white,SNHT,1033,50,101,1,1.0,0.009901,0.019608,1.0,,,3.6383
"D=1.5, white",D15_white,SNHT,1033,100,101,1,1.0,0.009901,0.019608,1.0,,,3.6383
"D=1.5, white",D15_white,SNHT,1034,25,125,1,1.0,0.008,0.015873,0.0,,,4.3726
"D=1.5, white",D15_white,SNHT,1034,50,125,1,1.0,0.008,0.015873,0.0,,,4.3726
"D=1.5, white",D15_white,SNHT,1034,100,125,1,1.0,0.008,0.015873,0.0,,,4.3726
"D=1.5, white",D15_white,SNHT,1035,25,107,1,1.0,0.009346,0.018519,0.0,,,3.3245
"D=1.5, white",D15_white,SNHT,1035,50,107,1,1.0,0.009346,0.018519,0.0,,,3.3245
"D=1.5, white",D15_white,SNHT,1035,100,107,1,1.0,0.009346,0.018519,0.0,,,3.3245
"D=1.5, white",D15_white,SNHT,1036,25,116,1,1.0,0.008621,0.017094,0.0,,,3.2124
"D=1.5, white",D15_white,SNHT,1036,50,116,1,1.0,0.008621,0.017094,0.0,,,3.2124
"D=1.5, white",D15_white,SNHT,1036,100,116,1,1.0,0.008621,0.017094,0.0,,,3.2124
"D=1.5, white",D15_white,SNHT,1037,25,112,1,1.0,0.008929,0.017699,0.0,,,3.0983
"D=1.5, white",D15_white,SNHT,1037,50,112,1,1.0,0.008929,0.017699,0.0,,,3.0983
"D=1.5, white",D15_white,SNHT,1037,100,112,1,1.0,0.008929,0.017699,0.0,,,3.0983
"D=1.5, white",D15_white,SNHT,1038,25,130,1,1.0,0.007692,0.015267,0.0,,,3.3022
"D=1.5, white",D15_white,SNHT,1038,50,130,1,1.0,0.007692,0.015267,0.0,,,3.3022
"D=1.5, white",D15_white,SNHT,1038,100,130,1,1.0,0.007692,0.015267,0.0,,,3.3022
"D=1.5, white",D15_white,SNHT,1039,25,105,1,1.0,0.009524,0.018868,5.0,,,3.2101
"D=1.5, white",D15_white,SNHT,1039,50,105,1,1.0,0.009524,0.018868,5.0,,,3.2101
"D=1.5, white",D15_white,SNHT,1039,100,105,1,1.0,0.009524,0.018868,5.0,,,3.2101
"D=1.5, white",D15_white,SNHT,1040,25,113,1,1.0,0.00885,0.017544,0.0,,,3.1228
"D=1.5, white",D15_white,SNHT,1040,50,113,1,1.0,0.00885,0.017544,0.0,,,3.1228
"D=1.5, white",D15_white,SNHT,1040,100,113,1,1.0,0.00885,0.017544,0.0,,,3.1228
"D=1.5, white",D15_white,SNHT,1041,25,133,1,1.0,0.007519,0.014925,0.0,,,3.0938
"D=1.5, white",D15_white,SNHT,1041,50,133,1,1.0,0.007519,0.014925,0.0,,,3.0938
"D=1.5, white",D15_white,SNHT,1041,100,133,1,1.0,0.007519,0.014925,0.0,,,3.0938
"D=1.5, white",D15_white,SNHT,1042,25,127,1,1.0,0.007874,0.015625,1.0,,,3.4295
"D=1.5, white",D15_white,SNHT,1042,50,127,1,1.0,0.007874,0.015625,1.0,,,3.4295
"D=1.5, white",D15_white,SNHT,1042,100,127,1,1.0,0.007874,0.015625,1.0,,,3.4295
"D=1.5, white",D15_white,SNHT,1043,25,123,1,1.0,0.00813,0.016129,2.0,,,3.2146
"D=1.5, white",D15_white,SNHT,1043,50,123,1,1.0,0.00813,0.016129,2.0,,,3.2146
"D=1.5, white",D15_white,SNHT,1043,100,123,1,1.0,0.00813,0.016129,2.0,,,3.2146
"D=1.5, white",D15_white,SNHT,1044,25,101,1,1.0,0.009901,0.019608,2.0,,,3.1881
"D=1.5, white",D15_white,SNHT,1044,50,101,1,1.0,0.009901,0.019608,2.0,,,3.1881
"D=1.5, white",D15_white,SNHT,1044,100,101,1,1.0,0.009901,0.019608,2.0,,,3.1881
"D=1.5, white",D15_white,SNHT,1045,25,113,1,1.0,0.00885,0.017544,0.0,,,3.0516
"D=1.5, white",D15_white,SNHT,1045,50,113,1,1.0,0.00885,0.017544,0.0,,,3.0516
"D=1.5, white",D15_white,SNHT,1045,100,113,1,1.0,0.00885,0.017544,0.0,,,3.0516
"D=1.5, white",D15_white,SNHT,1046,25,124,1,1.0,0.008065,0.016,4.0,,,2.7186
"D=1.5, white",D15_white,SNHT,1046,50,124,1,1.0,0.008065,0.016,4.0,,,2.7186
"D=1.5, white",D15_white,SNHT,1046,100,124,1,1.0,0.008065,0.016,4.0,,,2.7186
"D=1.5, white",D15_white,SNHT,1047,25,111,1,1.0,0.009009,0.017857,0.0,,,2.6768
"D=1.5, white",D15_white,SNHT,1047,50,111,1,1.0,0.009009,0.017857,0.0,,,2.6768
"D=1.5, white",D15_white,SNHT,1047,100,111,1,1.0,0.009009,0.017857,0.0,,,2.6768
"D=1.5, white",D15_white,SNHT,1048,25,134,1,1.0,0.007463,0.014815,0.0,,,2.6633
"D=1.5, white",D15_white,SNHT,1048,50,134,1,1.0,0.007463,0.014815,0.0,,,2.6633
"D=1.5, white",D15_white,SNHT,1048,100,134,1,1.0,0.007463,0.014815,0.0,,,2.6633
"D=1.5, white",D15_white,SNHT,1049,25,123,1,1.0,0.00813,0.016129,0.0,,,2.5876
"D=1.5, white",D15_white,SNHT,1049,50,123,1,1.0,0.00813,0.016129,0.0,,,2.5876
"D=1.5, white",D15_white,SNHT,1049,100,123,1,1.0,0.00813,0.016129,0.0,,,2.5876
"D=0.5, white",D05_white,Pettitt,1000,25,5,1,1.0,0.2,0.333333,4.0,,,11.9668
"D=0.5, white",D05_white,Pettitt,1000,50,5,1,1.0,0.2,0.333333,4.0,,,11.9668
"D=0.5, white",D05_white,Pettitt,1000,100,5,1,1.0,0.2,0.333333,4.0,,,11.9668
"D=0.5, white",D05_white,Pettitt,1001,25,1,0,0.0,0.0,0.0,9999.0,,,11.2006
"D=0.5, white",D05_white,Pettitt,1001,50,1,0,0.0,0.0,0.0,9999.0,,,11.2006
"D=0.5, white",D05_white,Pettitt,1001,100,1,0,0.0,0.0,0.0,9999.0,,,11.2006
"D=0.5, white",D05_white,Pettitt,1002,25,1,0,0.0,0.0,0.0,9999.0,,,15.3599
"D=0.5, white",D05_white,Pettitt,1002,50,1,0,0.0,0.0,0.0,9999.0,,,15.3599
"D=0.5, white",D05_white,Pettitt,1002,100,1,0,0.0,0.0,0.0,9999.0,,,15.3599
"D=0.5, white",D05_white,Pettitt,1003,25,3,0,0.0,0.0,0.0,9999.0,,,13.8824
"D=0.5, white",D05_white,Pettitt,1003,50,3,0,0.0,0.0,0.0,9999.0,,,13.8824
"D=0.5, white",D05_white,Pettitt,1003,100,3,0,0.0,0.0,0.0,9999.0,,,13.8824
"D=0.5, white",D05_white,Pettitt,1004,25,3,1,1.0,0.333333,0.5,0.0,,,12.0676
"D=0.5, white",D05_white,Pettitt,1004,50,3,1,1.0,0.333333,0.5,0.0,,,12.0676
"D=0.5, white",D05_white,Pettitt,1004,100,3,1,1.0,0.333333,0.5,0.0,,,12.0676
"D=0.5, white",D05_white,Pettitt,1005,25,3,1,1.0,0.333333,0.5,1.0,,,11.5662
"D=0.5, white",D05_white,Pettitt,1005,50,3,1,1.0,0.333333,0.5,1.0,,,11.5662
"D=0.5, white",D05_white,Pettitt,1005,100,3,1,1.0,0.333333,0.5,1.0,,,11.5662
"D=0.5, white",D05_white,Pettitt,1006,25,1,0,0.0,0.0,0.0,9999.0,,,10.5555
"D=0.5, white",D05_white,Pettitt,1006,50,1,0,0.0,0.0,0.0,9999.0,,,10.5555
"D=0.5, white",D05_white,Pettitt,1006,100,1,0,0.0,0.0,0.0,9999.0,,,10.5555
"D=0.5, white",D05_white,Pettitt,1007,25,1,0,0.0,0.0,0.0,9999.0,,,10.0388
"D=0.5, white",D05_white,Pettitt,1007,50,1,0,0.0,0.0,0.0,9999.0,,,10.0388
"D=0.5, white",D05_white,Pettitt,1007,100,1,0,0.0,0.0,0.0,9999.0,,,10.0388
"D=0.5, white",D05_white,Pettitt,1008,25,3,1,1.0,0.333333,0.5,1.0,,,27.4809
"D=0.5, white",D05_white,Pettitt,1008,50,3,1,1.0,0.333333,0.5,1.0,,,27.4809
"D=0.5, white",D05_white,Pettitt,1008,100,3,1,1.0,0.333333,0.5,1.0,,,27.4809
"D=0.5, white",D05_white,Pettitt,1009,25,3,1,0.0,0.0,0.0,9999.0,,,21.5298
"D=0.5, white",D05_white,Pettitt,1009,50,3,1,0.0,0.0,0.0,9999.0,,,21.5298
"D=0.5, white",D05_white,Pettitt,1009,100,3,1,1.0,0.333333,0.5,59.0,,,21.5298
"D=0.5, white",D05_white,Pettitt,1010,25,3,1,1.0,0.333333,0.5,3.0,,,11.2017
"D=0.5, white",D05_white,Pettitt,1010,50,3,1,1.0,0.333333,0.5,3.0,,,11.2017
"D=0.5, white",D05_white,Pettitt,1010,100,3,1,1.0,0.333333,0.5,3.0,,,11.2017
"D=0.5, white",D05_white,Pettitt,1011,25,3,1,1.0,0.333333,0.5,2.0,,,12.7582
"D=0.5, white",D05_white,Pettitt,1011,50,3,1,1.0,0.333333,0.5,2.0,,,12.7582
"D=0.5, white",D05_white,Pettitt,1011,100,3,1,1.0,0.333333,0.5,2.0,,,12.7582
"D=0.5, white",D05_white,Pettitt,1012,25,1,0,0.0,0.0,0.0,9999.0,,,10.9273
"D=0.5, white",D05_white,Pettitt,1012,50,1,0,0.0,0.0,0.0,9999.0,,,10.9273
"D=0.5, white",D05_white,Pettitt,1012,100,1,0,0.0,0.0,0.0,9999.0,,,10.9273
"D=0.5, white",D05_white,Pettitt,1013,25,3,0,0.0,0.0,0.0,9999.0,,,10.682
"D=0.5, white",D05_white,Pettitt,1013,50,3,0,0.0,0.0,0.0,9999.0,,,10.682
"D=0.5, white",D05_white,Pettitt,1013,100,3,0,0.0,0.0,0.0,9999.0,,,10.682
"D=0.5, white",D05_white,Pettitt,1014,25,3,1,1.0,0.333333,0.5,0.0,,,10.2665
"D=0.5, white",D05_white,Pettitt,1014,50,3,1,1.0,0.333333,0.5,0.0,,,10.2665
"D=0.5, white",D05_white,Pettitt,1014,100,3,1,1.0,0.333333,0.5,0.0,,,10.2665
"D=0.5, white",D05_white,Pettitt,1015,25,1,0,0.0,0.0,0.0,9999.0,,,11.0847
"D=0.5, white",D05_white,Pettitt,1015,50,1,0,0.0,0.0,0.0,9999.0,,,11.0847
"D=0.5, white",D05_white,Pettitt,1015,100,1,0,0.0,0.0,0.0,9999.0,,,11.0847
"D=0.5, white",D05_white,Pettitt,1016,25,3,1,0.0,0.0,0.0,9999.0,,,11.3256
"D=0.5, white",D05_white,Pettitt,1016,50,3,1,1.0,0.333333,0.5,42.0,,,11.3256
"D=0.5, white",D05_white,Pettitt,1016,100,3,1,1.0,0.333333,0.5,42.0,,,11.3256
"D=0.5, white",D05_white,Pettitt,1017,25,1,0,0.0,0.0,0.0,9999.0,,,11.8151
"D=0.5, white",D05_white,Pettitt,1017,50,1,0,0.0,0.0,0.0,9999.0,,,11.8151
"D=0.5, white",D05_white,Pettitt,1017,100,1,0,0.0,0.0,0.0,9999.0,,,11.8151
"D=0.5, white",D05_white,Pettitt,1018,25,1,0,0.0,0.0,0.0,9999.0,,,11.0084
"D=0.5, white",D05_white,Pettitt,1018,50,1,0,0.0,0.0,0.0,9999.0,,,11.0084
"D=0.5, white",D05_white,Pettitt,1018,100,1,0,0.0,0.0,0.0,9999.0,,,11.0084
"D=0.5, white",D05_white,Pettitt,1019,25,1,1,0.0,0.0,0.0,9999.0,,,12.253
"D=0.5, white",D05_white,Pettitt,1019,50,1,1,0.0,0.0,0.0,9999.0,,,12.253
"D=0.5, white",D05_white,Pettitt,1019,100,1,1,0.0,0.0,0.0,9999.0,,,12.253
"D=0.5, white",D05_white,Pettitt,1020,25,1,0,0.0,0.0,0.0,9999.0,,,11.3555
"D=0.5, white",D05_white,Pettitt,1020,50,1,0,0.0,0.0,0.0,9999.0,,,11.3555
"D=0.5, white",D05_white,Pettitt,1020,100,1,0,0.0,0.0,0.0,9999.0,,,11.3555
"D=0.5, white",D05_white,Pettitt,1021,25,1,1,0.0,0.0,0.0,9999.0,,,11.6585
"D=0.5, white",D05_white,Pettitt,1021,50,1,1,0.0,0.0,0.0,9999.0,,,11.6585
"D=0.5, white",D05_white,Pettitt,1021,100,1,1,0.0,0.0,0.0,9999.0,,,11.6585
"D=0.5, white",D05_white,Pettitt,1022,25,3,1,1.0,0.333333,0.5,3.0,,,11.084
"D=0.5, white",D05_white,Pettitt,1022,50,3,1,1.0,0.333333,0.5,3.0,,,11.084
"D=0.5, white",D05_white,Pettitt,1022,100,3,1,1.0,0.333333,0.5,3.0,,,11.084
"D=0.5, white",D05_white,Pettitt,1023,25,3,1,1.0,0.333333,0.5,1.0,,,10.4402
"D=0.5, white",D05_white,Pettitt,1023,50,3,1,1.0,0.333333,0.5,1.0,,,10.4402
"D=0.5, white",D05_white,Pettitt,1023,100,3,1,1.0,0.333333,0.5,1.0,,,10.4402
"D=0.5, white",D05_white,Pettitt,1024,25,5,1,1.0,0.2,0.333333,6.0,,,10.8152
"D=0.5, white",D05_white,Pettitt,1024,50,5,1,1.0,0.2,0.333333,6.0,,,10.8152
"D=0.5, white",D05_white,Pettitt,1024,100,5,1,1.0,0.2,0.333333,6.0,,,10.8152
"D=0.5, white",D05_white,Pettitt,1025,25,1,0,0.0,0.0,0.0,9999.0,,,14.4341
"D=0.5, white",D05_white,Pettitt,1025,50,1,0,0.0,0.0,0.0,9999.0,,,14.4341
"D=0.5, white",D05_white,Pettitt,1025,100,1,0,0.0,0.0,0.0,9999.0,,,14.4341
"D=0.5, white",D05_white,Pettitt,1026,25,1,0,0.0,0.0,0.0,9999.0,,,18.595
"D=0.5, white",D05_white,Pettitt,1026,50,1,0,0.0,0.0,0.0,9999.0,,,18.595
"D=0.5, white",D05_white,Pettitt,1026,100,1,0,0.0,0.0,0.0,9999.0,,,18.595
"D=0.5, white",D05_white,Pettitt,1027,25,3,0,0.0,0.0,0.0,9999.0,,,18.3458
"D=0.5, white",D05_white,Pettitt,1027,50,3,0,0.0,0.0,0.0,9999.0,,,18.3458
"D=0.5, white",D05_white,Pettitt,1027,100,3,0,0.0,0.0,0.0,9999.0,,,18.3458
"D=0.5, white",D05_white,Pettitt,1028,25,5,1,1.0,0.2,0.333333,0.0,,,12.4232
"D=0.5, white",D05_white,Pettitt,1028,50,5,1,1.0,0.2,0.333333,0.0,,,12.4232
"D=0.5, white",D05_white,Pettitt,1028,100,5,1,1.0,0.2,0.333333,0.0,,,12.4232
"D=0.5, white",D05_white,Pettitt,1029,25,3,1,1.0,0.333333,0.5,1.0,,,10.8306
"D=0.5, white",D05_white,Pettitt,1029,50,3,1,1.0,0.333333,0.5,1.0,,,10.8306
"D=0.5, white",D05_white,Pettitt,1029,100,3,1,1.0,0.333333,0.5,1.0,,,10.8306
"D=0.5, white",D05_white,Pettitt,1030,25,3,1,1.0,0.333333,0.5,0.0,,,12.93
"D=0.5, white",D05_white,Pettitt,1030,50,3,1,1.0,0.333333,0.5,0.0,,,12.93
"D=0.5, white",D05_white,Pettitt,1030,100,3,1,1.0,0.333333,0.5,0.0,,,12.93
"D=0.5, white",D05_white,Pettitt,1031,25,1,0,0.0,0.0,0.0,9999.0,,,16.0238
"D=0.5, white",D05_white,Pettitt,1031,50,1,0,0.0,0.0,0.0,9999.0,,,16.0238
"D=0.5, white",D05_white,Pettitt,1031,100,1,0,0.0,0.0,0.0,9999.0,,,16.0238
"D=0.5, white",D05_white,Pettitt,1032,25,1,0,0.0,0.0,0.0,9999.0,,,10.0246
"D=0.5, white",D05_white,Pettitt,1032,50,1,0,0.0,0.0,0.0,9999.0,,,10.0246
"D=0.5, white",D05_white,Pettitt,1032,100,1,0,0.0,0.0,0.0,9999.0,,,10.0246
"D=0.5, white",D05_white,Pettitt,1033,25,1,0,0.0,0.0,0.0,9999.0,,,11.1427
"D=0.5, white",D05_white,Pettitt,1033,50,1,0,0.0,0.0,0.0,9999.0,,,11.1427
"D=0.5, white",D05_white,Pettitt,1033,100,1,0,0.0,0.0,0.0,9999.0,,,11.1427
"D=0.5, white",D05_white,Pettitt,1034,25,1,0,0.0,0.0,0.0,9999.0,,,9.6266
"D=0.5, white",D05_white,Pettitt,1034,50,1,0,0.0,0.0,0.0,9999.0,,,9.6266
"D=0.5, white",D05_white,Pettitt,1034,100,1,0,0.0,0.0,0.0,9999.0,,,9.6266
"D=0.5, white",D05_white,Pettitt,1035,25,3,0,0.0,0.0,0.0,9999.0,,,9.1285
"D=0.5, white",D05_white,Pettitt,1035,50,3,0,0.0,0.0,0.0,9999.0,,,9.1285
"D=0.5, white",D05_white,Pettitt,1035,100,3,0,0.0,0.0,0.0,9999.0,,,9.1285
"D=0.5, white",D05_white,Pettitt,1036,25,3,1,1.0,0.333333,0.5,7.0,,,9.6666
"D=0.5, white",D05_white,Pettitt,1036,50,3,1,1.0,0.333333,0.5,7.0,,,9.6666
"D=0.5, white",D05_white,Pettitt,1036,100,3,1,1.0,0.333333,0.5,7.0,,,9.6666
"D=0.5, white",D05_white,Pettitt,1037,25,3,1,1.0,0.333333,0.5,2.0,,,9.6239
"D=0.5, white",D05_white,Pettitt,1037,50,3,1,1.0,0.333333,0.5,2.0,,,9.6239
"D=0.5, white",D05_white,Pettitt,1037,100,3,1,1.0,0.333333,0.5,2.0,,,9.6239
"D=0.5, white",D05_white,Pettitt,1038,25,1,0,0.0,0.0,0.0,9999.0,,,10.0354
"D=0.5, white",D05_white,Pettitt,1038,50,1,0,0.0,0.0,0.0,9999.0,,,10.0354
"D=0.5, white",D05_white,Pettitt,1038,100,1,0,0.0,0.0,0.0,9999.0,,,10.0354
"D=0.5, white",D05_white,Pettitt,1039,25,1,0,0.0,0.0,0.0,9999.0,,,9.4121
"D=0.5, white",D05_white,Pettitt,1039,50,1,0,0.0,0.0,0.0,9999.0,,,9.4121
"D=0.5, white",D05_white,Pettitt,1039,100,1,0,0.0,0.0,0.0,9999.0,,,9.4121
"D=0.5, white",D05_white,Pettitt,1040,25,1,0,0.0,0.0,0.0,9999.0,,,9.5502
"D=0.5, white",D05_white,Pettitt,1040,50,1,0,0.0,0.0,0.0,9999.0,,,9.5502
"D=0.5, white",D05_white,Pettitt,1040,100,1,0,0.0,0.0,0.0,9999.0,,,9.5502
"D=0.5, white",D05_white,Pettitt,1041,25,1,0,0.0,0.0,0.0,9999.0,,,9.6906
"D=0.5, white",D05_white,Pettitt,1041,50,1,0,0.0,0.0,0.0,9999.0,,,9.6906
"D=0.5, white",D05_white,Pettitt,1041,100,1,0,0.0,0.0,0.0,9999.0,,,9.6906
"D=0.5, white",D05_white,Pettitt,1042,25,1,0,0.0,0.0,0.0,9999.0,,,10.0271
"D=0.5, white",D05_white,Pettitt,1042,50,1,0,0.0,0.0,0.0,9999.0,,,10.0271
"D=0.5, white",D05_white,Pettitt,1042,100,1,0,0.0,0.0,0.0,9999.0,,,10.0271
"D=0.5, white",D05_white,Pettitt,1043,25,3,1,0.0,0.0,0.0,9999.0,,,9.3534
"D=0.5, white",D05_white,Pettitt,1043,50,3,1,0.0,0.0,0.0,9999.0,,,9.3534
"D=0.5, white",D05_white,Pettitt,1043,100,3,1,0.0,0.0,0.0,9999.0,,,9.3534
"D=0.5, white",D05_white,Pettitt,1044,25,3,1,1.0,0.333333,0.5,1.0,,,9.0679
"D=0.5, white",D05_white,Pettitt,1044,50,3,1,1.0,0.333333,0.5,1.0,,,9.0679
"D=0.5, white",D05_white,Pettitt,1044,100,3,1,1.0,0.333333,0.5,1.0,,,9.0679
"D=0.5, white",D05_white,Pettitt,1045,25,1,0,0.0,0.0,0.0,9999.0,,,10.5863
"D=0.5, white",D05_white,Pettitt,1045,50,1,0,0.0,0.0,0.0,9999.0,,,10.5863
"D=0.5, white",D05_white,Pettitt,1045,100,1,0,0.0,0.0,0.0,9999.0,,,10.5863
"D=0.5, white",D05_white,Pettitt,1046,25,1,1,0.0,0.0,0.0,9999.0,,,10.9079
"D=0.5, white",D05_white,Pettitt,1046,50,1,1,0.0,0.0,0.0,9999.0,,,10.9079
"D=0.5, white",D05_white,Pettitt,1046,100,1,1,0.0,0.0,0.0,9999.0,,,10.9079
"D=0.5, white",D05_white,Pettitt,1047,25,3,1,0.0,0.0,0.0,9999.0,,,10.9365
"D=0.5, white",D05_white,Pettitt,1047,50,3,1,0.0,0.0,0.0,9999.0,,,10.9365
"D=0.5, white",D05_white,Pettitt,1047,100,3,1,0.0,0.0,0.0,9999.0,,,10.9365
"D=0.5, white",D05_white,Pettitt,1048,25,7,1,1.0,0.142857,0.25,0.0,,,10.7975
"D=0.5, white",D05_white,Pettitt,1048,50,7,1,1.0,0.142857,0.25,0.0,,,10.7975
"D=0.5, white",D05_white,Pettitt,1048,100,7,1,1.0,0.142857,0.25,0.0,,,10.7975
"D=0.5, white",D05_white,Pettitt,1049,25,3,1,0.0,0.0,0.0,9999.0,,,10.5781
"D=0.5, white",D05_white,Pettitt,1049,50,3,1,0.0,0.0,0.0,9999.0,,,10.5781
"D=0.5, white",D05_white,Pettitt,1049,100,3,1,0.0,0.0,0.0,9999.0,,,10.5781
"D=1, white",D10_white,Pettitt,1000,25,39,1,1.0,0.025641,0.05,1.0,,,10.7134
"D=1, white",D10_white,Pettitt,1000,50,39,1,1.0,0.025641,0.05,1.0,,,10.7134
"D=1, white",D10_white,Pettitt,1000,100,39,1,1.0,0.025641,0.05,1.0,,,10.7134
"D=1, white",D10_white,Pettitt,1001,25,35,1,1.0,0.028571,0.055556,1.0,,,12.2736
"D=1, white",D10_white,Pettitt,1001,50,35,1,1.0,0.028571,0.055556,1.0,,,12.2736
"D=1, white",D10_white,Pettitt,1001,100,35,1,1.0,0.028571,0.055556,1.0,,,12.2736
"D=1, white",D10_white,Pettitt,1002,25,43,1,1.0,0.023256,0.045455,1.0,,,10.8301
"D=1, white",D10_white,Pettitt,1002,50,43,1,1.0,0.023256,0.045455,1.0,,,10.8301
"D=1, white",D10_white,Pettitt,1002,100,43,1,1.0,0.023256,0.045455,1.0,,,10.8301
"D=1, white",D10_white,Pettitt,1003,25,43,1,1.0,0.023256,0.045455,0.0,,,10.6231
"D=1, white",D10_white,Pettitt,1003,50,43,1,1.0,0.023256,0.045455,0.0,,,10.6231
"D=1, white",D10_white,Pettitt,1003,100,43,1,1.0,0.023256,0.045455,0.0,,,10.6231
"D=1, white",D10_white,Pettitt,1004,25,45,1,1.0,0.022222,0.043478,1.0,,,10.775
"D=1, white",D10_white,Pettitt,1004,50,45,1,1.0,0.022222,0.043478,1.0,,,10.775
"D=1, white",D10_white,Pettitt,1004,100,45,1,1.0,0.022222,0.043478,1.0,,,10.775
"D=1, white",D10_white,Pettitt,1005,25,37,1,1.0,0.027027,0.052632,17.0,,,15.1329
"D=1, white",D10_white,Pettitt,1005,50,37,1,1.0,0.027027,0.052632,17.0,,,15.1329
"D=1, white",D10_white,Pettitt,1005,100,37,1,1.0,0.027027,0.052632,17.0,,,15.1329
"D=1, white",D10_white,Pettitt,1006,25,39,1,1.0,0.025641,0.05,1.0,,,19.3909
"D=1, white",D10_white,Pettitt,1006,50,39,1,1.0,0.025641,0.05,1.0,,,19.3909
"D=1, white",D10_white,Pettitt,1006,100,39,1,1.0,0.025641,0.05,1.0,,,19.3909
"D=1, white",D10_white,Pettitt,1007,25,21,1,1.0,0.047619,0.090909,2.0,,,19.0283
"D=1, white",D10_white,Pettitt,1007,50,21,1,1.0,0.047619,0.090909,2.0,,,19.0283
"D=1, white",D10_white,Pettitt,1007,100,21,1,1.0,0.047619,0.090909,2.0,,,19.0283
"D=1, white",D10_white,Pettitt,1008,25,57,1,1.0,0.017544,0.034483,3.0,,,14.3034
"D=1, white",D10_white,Pettitt,1008,50,57,1,1.0,0.017544,0.034483,3.0,,,14.3034
"D=1, white",D10_white,Pettitt,1008,100,57,1,1.0,0.017544,0.034483,3.0,,,14.3034
"D=1, white",D10_white,Pettitt,1009,25,45,1,1.0,0.022222,0.043478,0.0,,,10.4626
"D=1, white",D10_white,Pettitt,1009,50,45,1,1.0,0.022222,0.043478,0.0,,,10.4626
"D=1, white",D10_white,Pettitt,1009,100,45,1,1.0,0.022222,0.043478,0.0,,,10.4626
"D=1, white",D10_white,Pettitt,1010,25,37,1,1.0,0.027027,0.052632,2.0,,,9.5144
"D=1, white",D10_white,Pettitt,1010,50,37,1,1.0,0.027027,0.052632,2.0,,,9.5144
"D=1, white",D10_white,Pettitt,1010,100,37,1,1.0,0.027027,0.052632,2.0,,,9.5144
"D=1, white",D10_white,Pettitt,1011,25,43,1,1.0,0.023256,0.045455,0.0,,,8.89
"D=1, white",D10_white,Pettitt,1011,50,43,1,1.0,0.023256,0.045455,0.0,,,8.89
"D=1, white",D10_white,Pettitt,1011,100,43,1,1.0,0.023256,0.045455,0.0,,,8.89
"D=1, white",D10_white,Pettitt,1012,25,41,1,1.0,0.02439,0.047619,1.0,,,9.7461
"D=1, white",D10_white,Pettitt,1012,50,41,1,1.0,0.02439,0.047619,1.0,,,9.7461
"D=1, white",D10_white,Pettitt,1012,100,41,1,1.0,0.02439,0.047619,1.0,,,9.7461
"D=1, white",D10_white,Pettitt,1013,25,49,1,1.0,0.020408,0.04,0.0,,,9.4908
"D=1, white",D10_white,Pettitt,1013,50,49,1,1.0,0.020408,0.04,0.0,,,9.4908
"D=1, white",D10_white,Pettitt,1013,100,49,1,1.0,0.020408,0.04,0.0,,,9.4908
"D=1, white",D10_white,Pettitt,1014,25,35,1,1.0,0.028571,0.055556,0.0,,,8.8817
"D=1, white",D10_white,Pettitt,1014,50,35,1,1.0,0.028571,0.055556,0.0,,,8.8817
"D=1, white",D10_white,Pettitt,1014,100,35,1,1.0,0.028571,0.055556,0.0,,,8.8817
"D=1, white",D10_white,Pettitt,1015,25,47,1,1.0,0.021277,0.041667,5.0,,,9.9501
"D=1, white",D10_white,Pettitt,1015,50,47,1,1.0,0.021277,0.041667,5.0,,,9.9501
"D=1, white",D10_white,Pettitt,1015,100,47,1,1.0,0.021277,0.041667,5.0,,,9.9501
"D=1, white",D10_white,Pettitt,1016,25,33,1,1.0,0.030303,0.058824,1.0,,,9.2756
"D=1, white",D10_white,Pettitt,1016,50,33,1,1.0,0.030303,0.058824,1.0,,,9.2756
"D=1, white",D10_white,Pettitt,1016,100,33,1,1.0,0.030303,0.058824,1.0,,,9.2756
"D=1, white",D10_white,Pettitt,1017,25,43,1,1.0,0.023256,0.045455,0.0,,,8.1059
"D=1, white",D10_white,Pettitt,1017,50,43,1,1.0,0.023256,0.045455,0.0,,,8.1059
"D=1, white",D10_white,Pettitt,1017,100,43,1,1.0,0.023256,0.045455,0.0,,,8.1059
"D=1, white",D10_white,Pettitt,1018,25,49,1,1.0,0.020408,0.04,1.0,,,7.3754
"D=1, white",D10_white,Pettitt,1018,50,49,1,1.0,0.020408,0.04,1.0,,,7.3754
"D=1, white",D10_white,Pettitt,1018,100,49,1,1.0,0.020408,0.04,1.0,,,7.3754
"D=1, white",D10_white,Pettitt,1019,25,47,1,1.0,0.021277,0.041667,0.0,,,7.8309
"D=1, white",D10_white,Pettitt,1019,50,47,1,1.0,0.021277,0.041667,0.0,,,7.8309
"D=1, white",D10_white,Pettitt,1019,100,47,1,1.0,0.021277,0.041667,0.0,,,7.8309
"D=1, white",D10_white,Pettitt,1020,25,41,1,1.0,0.02439,0.047619,0.0,,,7.6055
"D=1, white",D10_white,Pettitt,1020,50,41,1,1.0,0.02439,0.047619,0.0,,,7.6055
"D=1, white",D10_white,Pettitt,1020,100,41,1,1.0,0.02439,0.047619,0.0,,,7.6055
"D=1, white",D10_white,Pettitt,1021,25,37,1,1.0,0.027027,0.052632,19.0,,,7.7198
"D=1, white",D10_white,Pettitt,1021,50,37,1,1.0,0.027027,0.052632,19.0,,,7.7198
"D=1, white",D10_white,Pettitt,1021,100,37,1,1.0,0.027027,0.052632,19.0,,,7.7198
"D=1, white",D10_white,Pettitt,1022,25,40,1,1.0,0.025,0.04878,0.0,,,7.2543
"D=1, white",D10_white,Pettitt,1022,50,40,1,1.0,0.025,0.04878,0.0,,,7.2543
"D=1, white",D10_white,Pettitt,1022,100,40,1,1.0,0.025,0.04878,0.0,,,7.2543
"D=1, white",D10_white,Pettitt,1023,25,37,1,0.0,0.0,0.0,9999.0,,,7.4847
"D=1, white",D10_white,Pettitt,1023,50,37,1,1.0,0.027027,0.052632,39.0,,,7.4847
"D=1, white",D10_white,Pettitt,1023,100,37,1,1.0,0.027027,0.052632,39.0,,,7.4847
"D=1, white",D10_white,Pettitt,1024,25,45,1,1.0,0.022222,0.043478,3.0,,,7.034
"D=1, white",D10_white,Pettitt,1024,50,45,1,1.0,0.022222,0.043478,3.0,,,7.034
"D=1, white",D10_white,Pettitt,1024,100,45,1,1.0,0.022222,0.043478,3.0,,,7.034
"D=1, white",D10_white,Pettitt,1025,25,29,1,1.0,0.034483,0.066667,0.0,,,7.3176
"D=1, white",D10_white,Pettitt,1025,50,29,1,1.0,0.034483,0.066667,0.0,,,7.3176
"D=1, white",D10_white,Pettitt,1025,100,29,1,1.0,0.034483,0.066667,0.0,,,7.3176
"D=1, white",D10_white,Pettitt,1026,25,41,1,1.0,0.02439,0.047619,0.0,,,6.6288
"D=1, white",D10_white,Pettitt,1026,50,41,1,1.0,0.02439,0.047619,0.0,,,6.6288
"D=1, white",D10_white,Pettitt,1026,100,41,1,1.0,0.02439,0.047619,0.0,,,6.6288
"D=1, white",D10_white,Pettitt,1027,25,27,1,1.0,0.037037,0.071429,2.0,,,7.4243
"D=1, white",D10_white,Pettitt,1027,50,27,1,1.0,0.037037,0.071429,2.0,,,7.4243
"D=1, white",D10_white,Pettitt,1027,100,27,1,1.0,0.037037,0.071429,2.0,,,7.4243
"D=1, white",D10_white,Pettitt,1028,25,45,1,1.0,0.022222,0.043478,0.0,,,8.9182
"D=1, white",D10_white,Pettitt,1028,50,45,1,1.0,0.022222,0.043478,0.0,,,8.9182
"D=1, white",D10_white,Pettitt,1028,100,45,1,1.0,0.022222,0.043478,0.0,,,8.9182
"D=1, white",D10_white,Pettitt,1029,25,29,1,1.0,0.034483,0.066667,3.0,,,8.073
"D=1, white",D10_white,Pettitt,1029,50,29,1,1.0,0.034483,0.066667,3.0,,,8.073
"D=1, white",D10_white,Pettitt,1029,100,29,1,1.0,0.034483,0.066667,3.0,,,8.073
"D=1, white",D10_white,Pettitt,1030,25,47,1,1.0,0.021277,0.041667,2.0,,,6.4199
"D=1, white",D10_white,Pettitt,1030,50,47,1,1.0,0.021277,0.041667,2.0,,,6.4199
"D=1, white",D10_white,Pettitt,1030,100,47,1,1.0,0.021277,0.041667,2.0,,,6.4199
"D=1, white",D10_white,Pettitt,1031,25,45,1,1.0,0.022222,0.043478,0.0,,,4.836
"D=1, white",D10_white,Pettitt,1031,50,45,1,1.0,0.022222,0.043478,0.0,,,4.836
"D=1, white",D10_white,Pettitt,1031,100,45,1,1.0,0.022222,0.043478,0.0,,,4.836
"D=1, white",D10_white,Pettitt,1032,25,39,1,1.0,0.025641,0.05,10.0,,,4.8287
"D=1, white",D10_white,Pettitt,1032,50,39,1,1.0,0.025641,0.05,10.0,,,4.8287
"D=1, white",D10_white,Pettitt,1032,100,39,1,1.0,0.025641,0.05,10.0,,,4.8287
"D=1, white",D10_white,Pettitt,1033,25,39,1,1.0,0.025641,0.05,0.0,,,4.9747
"D=1, white",D10_white,Pettitt,1033,50,39,1,1.0,0.025641,0.05,0.0,,,4.9747
"D=1, white",D10_white,Pettitt,1033,100,39,1,1.0,0.025641,0.05,0.0,,,4.9747
"D=1, white",D10_white,Pettitt,1034,25,47,1,1.0,0.021277,0.041667,17.0,,,4.5933
"D=1, white",D10_white,Pettitt,1034,50,47,1,1.0,0.021277,0.041667,17.0,,,4.5933
"D=1, white",D10_white,Pettitt,1034,100,47,1,1.0,0.021277,0.041667,17.0,,,4.5933
"D=1, white",D10_white,Pettitt,1035,25,39,1,1.0,0.025641,0.05,2.0,,,4.6812
"D=1, white",D10_white,Pettitt,1035,50,39,1,1.0,0.025641,0.05,2.0,,,4.6812
"D=1, white",D10_white,Pettitt,1035,100,39,1,1.0,0.025641,0.05,2.0,,,4.6812
"D=1, white",D10_white,Pettitt,1036,25,33,1,1.0,0.030303,0.058824,2.0,,,5.1113
"D=1, white",D10_white,Pettitt,1036,50,33,1,1.0,0.030303,0.058824,2.0,,,5.1113
"D=1, white",D10_white,Pettitt,1036,100,33,1,1.0,0.030303,0.058824,2.0,,,5.1113
"D=1, white",D10_white,Pettitt,1037,25,43,1,1.0,0.023256,0.045455,2.0,,,5.1454
"D=1, white",D10_white,Pettitt,1037,50,43,1,1.0,0.023256,0.045455,2.0,,,5.1454
"D=1, white",D10_white,Pettitt,1037,100,43,1,1.0,0.023256,0.045455,2.0,,,5.1454
"D=1, white",D10_white,Pettitt,1038,25,49,1,1.0,0.020408,0.04,2.0,,,4.8237
"D=1, white",D10_white,Pettitt,1038,50,49,1,1.0,0.020408,0.04,2.0,,,4.8237
"D=1, white",D10_white,Pettitt,1038,100,49,1,1.0,0.020408,0.04,2.0,,,4.8237
"D=1, white",D10_white,Pettitt,1039,25,41,1,1.0,0.02439,0.047619,0.0,,,3.7688
"D=1, white",D10_white,Pettitt,1039,50,41,1,1.0,0.02439,0.047619,0.0,,,3.7688
"D=1, white",D10_white,Pettitt,1039,100,41,1,1.0,0.02439,0.047619,0.0,,,3.7688
"D=1, white",D10_white,Pettitt,1040,25,39,1,1.0,0.025641,0.05,1.0,,,3.8274
"D=1, white",D10_white,Pettitt,1040,50,39,1,1.0,0.025641,0.05,1.0,,,3.8274
"D=1, white",D10_white,Pettitt,1040,100,39,1,1.0,0.025641,0.05,1.0,,,3.8274
"D=1, white",D10_white,Pettitt,1041,25,47,1,1.0,0.021277,0.041667,1.0,,,3.7382
"D=1, white",D10_white,Pettitt,1041,50,47,1,1.0,0.021277,0.041667,1.0,,,3.7382
"D=1, white",D10_white,Pettitt,1041,100,47,1,1.0,0.021277,0.041667,1.0,,,3.7382
"D=1, white",D10_white,Pettitt,1042,25,43,1,1.0,0.023256,0.045455,1.0,,,6.9795
"D=1, white",D10_white,Pettitt,1042,50,43,1,1.0,0.023256,0.045455,1.0,,,6.9795
"D=1, white",D10_white,Pettitt,1042,100,43,1,1.0,0.023256,0.045455,1.0,,,6.9795
"D=1, white",D10_white,Pettitt,1043,25,39,1,1.0,0.025641,0.05,2.0,,,5.6665
"D=1, white",D10_white,Pettitt,1043,50,39,1,1.0,0.025641,0.05,2.0,,,5.6665
"D=1, white",D10_white,Pettitt,1043,100,39,1,1.0,0.025641,0.05,2.0,,,5.6665
"D=1, white",D10_white,Pettitt,1044,25,36,1,1.0,0.027778,0.054054,3.0,,,5.4426
"D=1, white",D10_white,Pettitt,1044,50,36,1,1.0,0.027778,0.054054,3.0,,,5.4426
"D=1, white",D10_white,Pettitt,1044,100,36,1,1.0,0.027778,0.054054,3.0,,,5.4426
"D=1, white",D10_white,Pettitt,1045,25,51,1,1.0,0.019608,0.038462,4.0,,,6.1471
"D=1, white",D10_white,Pettitt,1045,50,51,1,1.0,0.019608,0.038462,4.0,,,6.1471
"D=1, white",D10_white,Pettitt,1045,100,51,1,1.0,0.019608,0.038462,4.0,,,6.1471
"D=1, white",D10_white,Pettitt,1046,25,55,1,1.0,0.018182,0.035714,2.0,,,6.2382
"D=1, white",D10_white,Pettitt,1046,50,55,1,1.0,0.018182,0.035714,2.0,,,6.2382
"D=1, white",D10_white,Pettitt,1046,100,55,1,1.0,0.018182,0.035714,2.0,,,6.2382
"D=1, white",D10_white,Pettitt,1047,25,43,1,1.0,0.023256,0.045455,0.0,,,4.1379
"D=1, white",D10_white,Pettitt,1047,50,43,1,1.0,0.023256,0.045455,0.0,,,4.1379
"D=1, white",D10_white,Pettitt,1047,100,43,1,1.0,0.023256,0.045455,0.0,,,4.1379
"D=1, white",D10_white,Pettitt,1048,25,51,1,1.0,0.019608,0.038462,2.0,,,4.1648
"D=1, white",D10_white,Pettitt,1048,50,51,1,1.0,0.019608,0.038462,2.0,,,4.1648
"D=1, white",D10_white,Pettitt,1048,100,51,1,1.0,0.019608,0.038462,2.0,,,4.1648
"D=1, white",D10_white,Pettitt,1049,25,33,1,0.0,0.0,0.0,9999.0,,,4.2836
"D=1, white",D10_white,Pettitt,1049,50,33,1,1.0,0.030303,0.058824,33.0,,,4.2836
"D=1, white",D10_white,Pettitt,1049,100,33,1,1.0,0.030303,0.058824,33.0,,,4.2836
"D=1, pink",D10_pink,Pettitt,1000,25,192,1,1.0,0.005208,0.010363,0.0,,,4.2542
"D=1, pink",D10_pink,Pettitt,1000,50,192,1,1.0,0.005208,0.010363,0.0,,,4.2542
"D=1, pink",D10_pink,Pettitt,1000,100,192,1,1.0,0.005208,0.010363,0.0,,,4.2542
"D=1, pink",D10_pink,Pettitt,1001,25,199,1,1.0,0.005025,0.01,0.0,,,4.2546
"D=1, pink",D10_pink,Pettitt,1001,50,199,1,1.0,0.005025,0.01,0.0,,,4.2546
"D=1, pink",D10_pink,Pettitt,1001,100,199,1,1.0,0.005025,0.01,0.0,,,4.2546
"D=1, pink",D10_pink,Pettitt,1002,25,205,1,1.0,0.004878,0.009709,0.0,,,4.2802
"D=1, pink",D10_pink,Pettitt,1002,50,205,1,1.0,0.004878,0.009709,0.0,,,4.2802
"D=1, pink",D10_pink,Pettitt,1002,100,205,1,1.0,0.004878,0.009709,0.0,,,4.2802
"D=1, pink",D10_pink,Pettitt,1003,25,186,1,1.0,0.005376,0.010695,0.0,,,4.3423
"D=1, pink",D10_pink,Pettitt,1003,50,186,1,1.0,0.005376,0.010695,0.0,,,4.3423
"D=1, pink",D10_pink,Pettitt,1003,100,186,1,1.0,0.005376,0.010695,0.0,,,4.3423
"D=1, pink",D10_pink,Pettitt,1004,25,198,1,1.0,0.005051,0.01005,1.0,,,4.5386
"D=1, pink",D10_pink,Pettitt,1004,50,198,1,1.0,0.005051,0.01005,1.0,,,4.5386
"D=1, pink",D10_pink,Pettitt,1004,100,198,1,1.0,0.005051,0.01005,1.0,,,4.5386
"D=1, pink",D10_pink,Pettitt,1005,25,179,1,1.0,0.005587,0.011111,0.0,,,4.4629
"D=1, pink",D10_pink,Pettitt,1005,50,179,1,1.0,0.005587,0.011111,0.0,,,4.4629
"D=1, pink",D10_pink,Pettitt,1005,100,179,1,1.0,0.005587,0.011111,0.0,,,4.4629
"D=1, pink",D10_pink,Pettitt,1006,25,193,1,1.0,0.005181,0.010309,1.0,,,4.5243
"D=1, pink",D10_pink,Pettitt,1006,50,193,1,1.0,0.005181,0.010309,1.0,,,4.5243
"D=1, pink",D10_pink,Pettitt,1006,100,193,1,1.0,0.005181,0.010309,1.0,,,4.5243
"D=1, pink",D10_pink,Pettitt,1007,25,167,1,1.0,0.005988,0.011905,0.0,,,4.7222
"D=1, pink",D10_pink,Pettitt,1007,50,167,1,1.0,0.005988,0.011905,0.0,,,4.7222
"D=1, pink",D10_pink,Pettitt,1007,100,167,1,1.0,0.005988,0.011905,0.0,,,4.7222
"D=1, pink",D10_pink,Pettitt,1008,25,211,1,1.0,0.004739,0.009434,2.0,,,4.4548
"D=1, pink",D10_pink,Pettitt,1008,50,211,1,1.0,0.004739,0.009434,2.0,,,4.4548
"D=1, pink",D10_pink,Pettitt,1008,100,211,1,1.0,0.004739,0.009434,2.0,,,4.4548
"D=1, pink",D10_pink,Pettitt,1009,25,178,1,1.0,0.005618,0.011173,0.0,,,5.8514
"D=1, pink",D10_pink,Pettitt,1009,50,178,1,1.0,0.005618,0.011173,0.0,,,5.8514
"D=1, pink",D10_pink,Pettitt,1009,100,178,1,1.0,0.005618,0.011173,0.0,,,5.8514
"D=1, pink",D10_pink,Pettitt,1010,25,182,1,1.0,0.005495,0.010929,0.0,,,4.8559
"D=1, pink",D10_pink,Pettitt,1010,50,182,1,1.0,0.005495,0.010929,0.0,,,4.8559
"D=1, pink",D10_pink,Pettitt,1010,100,182,1,1.0,0.005495,0.010929,0.0,,,4.8559
"D=1, pink",D10_pink,Pettitt,1011,25,176,1,1.0,0.005682,0.011299,0.0,,,4.5001
"D=1, pink",D10_pink,Pettitt,1011,50,176,1,1.0,0.005682,0.011299,0.0,,,4.5001
"D=1, pink",D10_pink,Pettitt,1011,100,176,1,1.0,0.005682,0.011299,0.0,,,4.5001
"D=1, pink",D10_pink,Pettitt,1012,25,207,1,1.0,0.004831,0.009615,1.0,,,4.615
"D=1, pink",D10_pink,Pettitt,1012,50,207,1,1.0,0.004831,0.009615,1.0,,,4.615
"D=1, pink",D10_pink,Pettitt,1012,100,207,1,1.0,0.004831,0.009615,1.0,,,4.615
"D=1, pink",D10_pink,Pettitt,1013,25,172,1,1.0,0.005814,0.011561,1.0,,,4.8122
"D=1, pink",D10_pink,Pettitt,1013,50,172,1,1.0,0.005814,0.011561,1.0,,,4.8122
"D=1, pink",D10_pink,Pettitt,1013,100,172,1,1.0,0.005814,0.011561,1.0,,,4.8122
"D=1, pink",D10_pink,Pettitt,1014,25,184,1,1.0,0.005435,0.010811,0.0,,,4.7533
"D=1, pink",D10_pink,Pettitt,1014,50,184,1,1.0,0.005435,0.010811,0.0,,,4.7533
"D=1, pink",D10_pink,Pettitt,1014,100,184,1,1.0,0.005435,0.010811,0.0,,,4.7533
"D=1, pink",D10_pink,Pettitt,1015,25,169,1,1.0,0.005917,0.011765,0.0,,,4.7516
"D=1, pink",D10_pink,Pettitt,1015,50,169,1,1.0,0.005917,0.011765,0.0,,,4.7516
"D=1, pink",D10_pink,Pettitt,1015,100,169,1,1.0,0.005917,0.011765,0.0,,,4.7516
"D=1, pink",D10_pink,Pettitt,1016,25,181,1,1.0,0.005525,0.010989,1.0,,,4.7302
"D=1, pink",D10_pink,Pettitt,1016,50,181,1,1.0,0.005525,0.010989,1.0,,,4.7302
"D=1, pink",D10_pink,Pettitt,1016,100,181,1,1.0,0.005525,0.010989,1.0,,,4.7302
"D=1, pink",D10_pink,Pettitt,1017,25,175,1,1.0,0.005714,0.011364,0.0,,,4.7975
"D=1, pink",D10_pink,Pettitt,1017,50,175,1,1.0,0.005714,0.011364,0.0,,,4.7975
"D=1, pink",D10_pink,Pettitt,1017,100,175,1,1.0,0.005714,0.011364,0.0,,,4.7975
"D=1, pink",D10_pink,Pettitt,1018,25,197,1,1.0,0.005076,0.010101,0.0,,,5.014
"D=1, pink",D10_pink,Pettitt,1018,50,197,1,1.0,0.005076,0.010101,0.0,,,5.014
"D=1, pink",D10_pink,Pettitt,1018,100,197,1,1.0,0.005076,0.010101,0.0,,,5.014
"D=1, pink",D10_pink,Pettitt,1019,25,188,1,1.0,0.005319,0.010582,1.0,,,5.0039
"D=1, pink",D10_pink,Pettitt,1019,50,188,1,1.0,0.005319,0.010582,1.0,,,5.0039
"D=1, pink",D10_pink,Pettitt,1019,100,188,1,1.0,0.005319,0.010582,1.0,,,5.0039
"D=1, pink",D10_pink,Pettitt,1020,25,177,1,1.0,0.00565,0.011236,0.0,,,4.791
"D=1, pink",D10_pink,Pettitt,1020,50,177,1,1.0,0.00565,0.011236,0.0,,,4.791
"D=1, pink",D10_pink,Pettitt,1020,100,177,1,1.0,0.00565,0.011236,0.0,,,4.791
"D=1, pink",D10_pink,Pettitt,1021,25,208,1,1.0,0.004808,0.009569,0.0,,,5.0345
"D=1, pink",D10_pink,Pettitt,1021,50,208,1,1.0,0.004808,0.009569,0.0,,,5.0345
"D=1, pink",D10_pink,Pettitt,1021,100,208,1,1.0,0.004808,0.009569,0.0,,,5.0345
"D=1, pink",D10_pink,Pettitt,1022,25,179,1,1.0,0.005587,0.011111,0.0,,,4.9285
"D=1, pink",D10_pink,Pettitt,1022,50,179,1,1.0,0.005587,0.011111,0.0,,,4.9285
"D=1, pink",D10_pink,Pettitt,1022,100,179,1,1.0,0.005587,0.011111,0.0,,,4.9285
"D=1, pink",D10_pink,Pettitt,1023,25,185,1,1.0,0.005405,0.010753,4.0,,,5.0614
"D=1, pink",D10_pink,Pettitt,1023,50,185,1,1.0,0.005405,0.010753,4.0,,,5.0614
"D=1, pink",D10_pink,Pettitt,1023,100,185,1,1.0,0.005405,0.010753,4.0,,,5.0614
"D=1, pink",D10_pink,Pettitt,1024,25,192,1,1.0,0.005208,0.010363,0.0,,,6.183
"D=1, pink",D10_pink,Pettitt,1024,50,192,1,1.0,0.005208,0.010363,0.0,,,6.183
"D=1, pink",D10_pink,Pettitt,1024,100,192,1,1.0,0.005208,0.010363,0.0,,,6.183
"D=1, pink",D10_pink,Pettitt,1025,25,186,1,1.0,0.005376,0.010695,4.0,,,4.9342
"D=1, pink",D10_pink,Pettitt,1025,50,186,1,1.0,0.005376,0.010695,4.0,,,4.9342
"D=1, pink",D10_pink,Pettitt,1025,100,186,1,1.0,0.005376,0.010695,4.0,,,4.9342
"D=1, pink",D10_pink,Pettitt,1026,25,199,1,1.0,0.005025,0.01,0.0,,,4.2606
"D=1, pink",D10_pink,Pettitt,1026,50,199,1,1.0,0.005025,0.01,0.0,,,4.2606
"D=1, pink",D10_pink,Pettitt,1026,100,199,1,1.0,0.005025,0.01,0.0,,,4.2606
"D=1, pink",D10_pink,Pettitt,1027,25,207,1,1.0,0.004831,0.009615,7.0,,,4.2133
"D=1, pink",D10_pink,Pettitt,1027,50,207,1,1.0,0.004831,0.009615,7.0,,,4.2133
"D=1, pink",D10_pink,Pettitt,1027,100,207,1,1.0,0.004831,0.009615,7.0,,,4.2133
"D=1, pink",D10_pink,Pettitt,1028,25,225,1,1.0,0.004444,0.00885,0.0,,,4.2819
"D=1, pink",D10_pink,Pettitt,1028,50,225,1,1.0,0.004444,0.00885,0.0,,,4.2819
"D=1, pink",D10_pink,Pettitt,1028,100,225,1,1.0,0.004444,0.00885,0.0,,,4.2819
"D=1, pink",D10_pink,Pettitt,1029,25,187,1,1.0,0.005348,0.010638,0.0,,,4.2559
"D=1, pink",D10_pink,Pettitt,1029,50,187,1,1.0,0.005348,0.010638,0.0,,,4.2559
"D=1, pink",D10_pink,Pettitt,1029,100,187,1,1.0,0.005348,0.010638,0.0,,,4.2559
"D=1, pink",D10_pink,Pettitt,1030,25,194,1,1.0,0.005155,0.010256,6.0,,,4.1243
"D=1, pink",D10_pink,Pettitt,1030,50,194,1,1.0,0.005155,0.010256,6.0,,,4.1243
"D=1, pink",D10_pink,Pettitt,1030,100,194,1,1.0,0.005155,0.010256,6.0,,,4.1243
"D=1, pink",D10_pink,Pettitt,1031,25,223,1,1.0,0.004484,0.008929,1.0,,,4.2907
"D=1, pink",D10_pink,Pettitt,1031,50,223,1,1.0,0.004484,0.008929,1.0,,,4.2907
"D=1, pink",D10_pink,Pettitt,1031,100,223,1,1.0,0.004484,0.008929,1.0,,,4.2907
"D=1, pink",D10_pink,Pettitt,1032,25,199,1,1.0,0.005025,0.01,0.0,,,4.2237
"D=1, pink",D10_pink,Pettitt,1032,50,199,1,1.0,0.005025,0.01,0.0,,,4.2237
"D=1, pink",D10_pink,Pettitt,1032,100,199,1,1.0,0.005025,0.01,0.0,,,4.2237
"D=1, pink",D10_pink,Pettitt,1033,25,173,1,1.0,0.00578,0.011494,0.0,,,4.9531
"D=1, pink",D10_pink,Pettitt,1033,50,173,1,1.0,0.00578,0.011494,0.0,,,4.9531
"D=1, pink",D10_pink,Pettitt,1033,100,173,1,1.0,0.00578,0.011494,0.0,,,4.9531
"D=1, pink",D10_pink,Pettitt,1034,25,187,1,1.0,0.005348,0.010638,0.0,,,5.113
"D=1, pink",D10_pink,Pettitt,1034,50,187,1,1.0,0.005348,0.010638,0.0,,,5.113
"D=1, pink",D10_pink,Pettitt,1034,100,187,1,1.0,0.005348,0.010638,0.0,,,5.113
"D=1, pink",D10_pink,Pettitt,1035,25,193,1,1.0,0.005181,0.010309,0.0,,,4.3477
"D=1, pink",D10_pink,Pettitt,1035,50,193,1,1.0,0.005181,0.010309,0.0,,,4.3477
"D=1, pink",D10_pink,Pettitt,1035,100,193,1,1.0,0.005181,0.010309,0.0,,,4.3477
"D=1, pink",D10_pink,Pettitt,1036,25,208,1,1.0,0.004808,0.009569,1.0,,,4.1105
"D=1, pink",D10_pink,Pettitt,1036,50,208,1,1.0,0.004808,0.009569,1.0,,,4.1105
"D=1, pink",D10_pink,Pettitt,1036,100,208,1,1.0,0.004808,0.009569,1.0,,,4.1105
"D=1, pink",D10_pink,Pettitt,1037,25,172,1,1.0,0.005814,0.011561,1.0,,,4.1473
"D=1, pink",D10_pink,Pettitt,1037,50,172,1,1.0,0.005814,0.011561,1.0,,,4.1473
"D=1, pink",D10_pink,Pettitt,1037,100,172,1,1.0,0.005814,0.011561,1.0,,,4.1473
"D=1, pink",D10_pink,Pettitt,1038,25,184,1,1.0,0.005435,0.010811,0.0,,,4.1799
"D=1, pink",D10_pink,Pettitt,1038,50,184,1,1.0,0.005435,0.010811,0.0,,,4.1799
"D=1, pink",D10_pink,Pettitt,1038,100,184,1,1.0,0.005435,0.010811,0.0,,,4.1799
"D=1, pink",D10_pink,Pettitt,1039,25,183,1,1.0,0.005464,0.01087,1.0,,,4.2559
"D=1, pink",D10_pink,Pettitt,1039,50,183,1,1.0,0.005464,0.01087,1.0,,,4.2559
"D=1, pink",D10_pink,Pettitt,1039,100,183,1,1.0,0.005464,0.01087,1.0,,,4.2559
"D=1, pink",D10_pink,Pettitt,1040,25,176,1,1.0,0.005682,0.011299,1.0,,,4.4472
"D=1, pink",D10_pink,Pettitt,1040,50,176,1,1.0,0.005682,0.011299,1.0,,,4.4472
"D=1, pink",D10_pink,Pettitt,1040,100,176,1,1.0,0.005682,0.011299,1.0,,,4.4472
"D=1, pink",D10_pink,Pettitt,1041,25,184,1,1.0,0.005435,0.010811,0.0,,,4.2783
"D=1, pink",D10_pink,Pettitt,1041,50,184,1,1.0,0.005435,0.010811,0.0,,,4.2783
"D=1, pink",D10_pink,Pettitt,1041,100,184,1,1.0,0.005435,0.010811,0.0,,,4.2783
"D=1, pink",D10_pink,Pettitt,1042,25,190,1,1.0,0.005263,0.010471,0.0,,,4.0499
"D=1, pink",D10_pink,Pettitt,1042,50,190,1,1.0,0.005263,0.010471,0.0,,,4.0499
"D=1, pink",D10_pink,Pettitt,1042,100,190,1,1.0,0.005263,0.010471,0.0,,,4.0499
"D=1, pink",D10_pink,Pettitt,1043,25,200,1,1.0,0.005,0.00995,0.0,,,3.4991
"D=1, pink",D10_pink,Pettitt,1043,50,200,1,1.0,0.005,0.00995,0.0,,,3.4991
"D=1, pink",D10_pink,Pettitt,1043,100,200,1,1.0,0.005,0.00995,0.0,,,3.4991
"D=1, pink",D10_pink,Pettitt,1044,25,204,1,1.0,0.004902,0.009756,1.0,,,3.3855
"D=1, pink",D10_pink,Pettitt,1044,50,204,1,1.0,0.004902,0.009756,1.0,,,3.3855
"D=1, pink",D10_pink,Pettitt,1044,100,204,1,1.0,0.004902,0.009756,1.0,,,3.3855
"D=1, pink",D10_pink,Pettitt,1045,25,180,1,1.0,0.005556,0.01105,3.0,,,3.4005
"D=1, pink",D10_pink,Pettitt,1045,50,180,1,1.0,0.005556,0.01105,3.0,,,3.4005
"D=1, pink",D10_pink,Pettitt,1045,100,180,1,1.0,0.005556,0.01105,3.0,,,3.4005
"D=1, pink",D10_pink,Pettitt,1046,25,215,1,1.0,0.004651,0.009259,4.0,,,3.2552
"D=1, pink",D10_pink,Pettitt,1046,50,215,1,1.0,0.004651,0.009259,4.0,,,3.2552
"D=1, pink",D10_pink,Pettitt,1046,100,215,1,1.0,0.004651,0.009259,4.0,,,3.2552
"D=1, pink",D10_pink,Pettitt,1047,25,199,1,1.0,0.005025,0.01,1.0,,,2.9533
"D=1, pink",D10_pink,Pettitt,1047,50,199,1,1.0,0.005025,0.01,1.0,,,2.9533
"D=1, pink",D10_pink,Pettitt,1047,100,199,1,1.0,0.005025,0.01,1.0,,,2.9533
"D=1, pink",D10_pink,Pettitt,1048,25,215,1,1.0,0.004651,0.009259,0.0,,,2.9434
"D=1, pink",D10_pink,Pettitt,1048,50,215,1,1.0,0.004651,0.009259,0.0,,,2.9434
"D=1, pink",D10_pink,Pettitt,1048,100,215,1,1.0,0.004651,0.009259,0.0,,,2.9434
"D=1, pink",D10_pink,Pettitt,1049,25,203,1,1.0,0.004926,0.009804,0.0,,,2.9743
"D=1, pink",D10_pink,Pettitt,1049,50,203,1,1.0,0.004926,0.009804,0.0,,,2.9743
"D=1, pink",D10_pink,Pettitt,1049,100,203,1,1.0,0.004926,0.009804,0.0,,,2.9743
"D=1.5, white",D15_white,Pettitt,1000,25,121,1,1.0,0.008264,0.016393,2.0,,,2.9555
"D=1.5, white",D15_white,Pettitt,1000,50,121,1,1.0,0.008264,0.016393,2.0,,,2.9555
"D=1.5, white",D15_white,Pettitt,1000,100,121,1,1.0,0.008264,0.016393,2.0,,,2.9555
"D=1.5, white",D15_white,Pettitt,1001,25,116,1,1.0,0.008621,0.017094,5.0,,,2.9713
"D=1.5, white",D15_white,Pettitt,1001,50,116,1,1.0,0.008621,0.017094,5.0,,,2.9713
"D=1.5, white",D15_white,Pettitt,1001,100,116,1,1.0,0.008621,0.017094,5.0,,,2.9713
"D=1.5, white",D15_white,Pettitt,1002,25,106,1,1.0,0.009434,0.018692,0.0,,,3.2207
"D=1.5, white",D15_white,Pettitt,1002,50,106,1,1.0,0.009434,0.018692,0.0,,,3.2207
"D=1.5, white",D15_white,Pettitt,1002,100,106,1,1.0,0.009434,0.018692,0.0,,,3.2207
"D=1.5, white",D15_white,Pettitt,1003,25,107,1,1.0,0.009346,0.018519,0.0,,,3.0445
"D=1.5, white",D15_white,Pettitt,1003,50,107,1,1.0,0.009346,0.018519,0.0,,,3.0445
"D=1.5, white",D15_white,Pettitt,1003,100,107,1,1.0,0.009346,0.018519,0.0,,,3.0445
"D=1.5, white",D15_white,Pettitt,1004,25,133,1,1.0,0.007519,0.014925,2.0,,,2.943
"D=1.5, white",D15_white,Pettitt,1004,50,133,1,1.0,0.007519,0.014925,2.0,,,2.943
"D=1.5, white",D15_white,Pettitt,1004,100,133,1,1.0,0.007519,0.014925,2.0,,,2.943
"D=1.5, white",D15_white,Pettitt,1005,25,93,1,1.0,0.010753,0.021277,0.0,,,2.909
"D=1.5, white",D15_white,Pettitt,1005,50,93,1,1.0,0.010753,0.021277,0.0,,,2.909
"D=1.5, white",D15_white,Pettitt,1005,100,93,1,1.0,0.010753,0.021277,0.0,,,2.909
"D=1.5, white",D15_white,Pettitt,1006,25,121,1,1.0,0.008264,0.016393,1.0,,,2.9761
"D=1.5, white",D15_white,Pettitt,1006,50,121,1,1.0,0.008264,0.016393,1.0,,,2.9761
"D=1.5, white",D15_white,Pettitt,1006,100,121,1,1.0,0.008264,0.016393,1.0,,,2.9761
"D=1.5, white",D15_white,Pettitt,1007,25,102,1,1.0,0.009804,0.019417,1.0,,,2.9471
"D=1.5, white",D15_white,Pettitt,1007,50,102,1,1.0,0.009804,0.019417,1.0,,,2.9471
"D=1.5, white",D15_white,Pettitt,1007,100,102,1,1.0,0.009804,0.019417,1.0,,,2.9471
"D=1.5, white",D15_white,Pettitt,1008,25,117,1,1.0,0.008547,0.016949,0.0,,,2.9616
"D=1.5, white",D15_white,Pettitt,1008,50,117,1,1.0,0.008547,0.016949,0.0,,,2.9616
"D=1.5, white",D15_white,Pettitt,1008,100,117,1,1.0,0.008547,0.016949,0.0,,,2.9616
"D=1.5, white",D15_white,Pettitt,1009,25,112,1,1.0,0.008929,0.017699,10.0,,,3.123
"D=1.5, white",D15_white,Pettitt,1009,50,112,1,1.0,0.008929,0.017699,10.0,,,3.123
"D=1.5, white",D15_white,Pettitt,1009,100,112,1,1.0,0.008929,0.017699,10.0,,,3.123
"D=1.5, white",D15_white,Pettitt,1010,25,123,1,1.0,0.00813,0.016129,0.0,,,3.0031
"D=1.5, white",D15_white,Pettitt,1010,50,123,1,1.0,0.00813,0.016129,0.0,,,3.0031
"D=1.5, white",D15_white,Pettitt,1010,100,123,1,1.0,0.00813,0.016129,0.0,,,3.0031
"D=1.5, white",D15_white,Pettitt,1011,25,121,1,1.0,0.008264,0.016393,0.0,,,2.9736
"D=1.5, white",D15_white,Pettitt,1011,50,121,1,1.0,0.008264,0.016393,0.0,,,2.9736
"D=1.5, white",D15_white,Pettitt,1011,100,121,1,1.0,0.008264,0.016393,0.0,,,2.9736
"D=1.5, white",D15_white,Pettitt,1012,25,107,1,1.0,0.009346,0.018519,1.0,,,3.024
"D=1.5, white",D15_white,Pettitt,1012,50,107,1,1.0,0.009346,0.018519,1.0,,,3.024
"D=1.5, white",D15_white,Pettitt,1012,100,107,1,1.0,0.009346,0.018519,1.0,,,3.024
"D=1.5, white",D15_white,Pettitt,1013,25,106,1,1.0,0.009434,0.018692,2.0,,,2.9654
"D=1.5, white",D15_white,Pettitt,1013,50,106,1,1.0,0.009434,0.018692,2.0,,,2.9654
"D=1.5, white",D15_white,Pettitt,1013,100,106,1,1.0,0.009434,0.018692,2.0,,,2.9654
"D=1.5, white",D15_white,Pettitt,1014,25,101,1,1.0,0.009901,0.019608,1.0,,,2.9313
"D=1.5, white",D15_white,Pettitt,1014,50,101,1,1.0,0.009901,0.019608,1.0,,,2.9313
"D=1.5, white",D15_white,Pettitt,1014,100,101,1,1.0,0.009901,0.019608,1.0,,,2.9313
"D=1.5, white",D15_white,Pettitt,1015,25,110,1,1.0,0.009091,0.018018,0.0,,,2.9659
"D=1.5, white",D15_white,Pettitt,1015,50,110,1,1.0,0.009091,0.018018,0.0,,,2.9659
"D=1.5, white",D15_white,Pettitt,1015,100,110,1,1.0,0.009091,0.018018,0.0,,,2.9659
"D=1.5, white",D15_white,Pettitt,1016,25,111,1,1.0,0.009009,0.017857,1.0,,,2.9746
"D=1.5, white",D15_white,Pettitt,1016,50,111,1,1.0,0.009009,0.017857,1.0,,,2.9746
"D=1.5, white",D15_white,Pettitt,1016,100,111,1,1.0,0.009009,0.017857,1.0,,,2.9746
"D=1.5, white",D15_white,Pettitt,1017,25,110,1,1.0,0.009091,0.018018,2.0,,,2.9735
"D=1.5, white",D15_white,Pettitt,1017,50,110,1,1.0,0.009091,0.018018,2.0,,,2.9735
"D=1.5, white",D15_white,Pettitt,1017,100,110,1,1.0,0.009091,0.018018,2.0,,,2.9735
"D=1.5, white",D15_white,Pettitt,1018,25,117,1,1.0,0.008547,0.016949,0.0,,,3.1326
"D=1.5, white",D15_white,Pettitt,1018,50,117,1,1.0,0.008547,0.016949,0.0,,,3.1326
"D=1.5, white",D15_white,Pettitt,1018,100,117,1,1.0,0.008547,0.016949,0.0,,,3.1326
"D=1.5, white",D15_white,Pettitt,1019,25,111,1,1.0,0.009009,0.017857,1.0,,,3.2858
"D=1.5, white",D15_white,Pettitt,1019,50,111,1,1.0,0.009009,0.017857,1.0,,,3.2858
"D=1.5, white",D15_white,Pettitt,1019,100,111,1,1.0,0.009009,0.017857,1.0,,,3.2858
"D=1.5, white",D15_white,Pettitt,1020,25,119,1,1.0,0.008403,0.016667,2.0,,,2.9484
"D=1.5, white",D15_white,Pettitt,1020,50,119,1,1.0,0.008403,0.016667,2.0,,,2.9484
"D=1.5, white",D15_white,Pettitt,1020,100,119,1,1.0,0.008403,0.016667,2.0,,,2.9484
"D=1.5, white",D15_white,Pettitt,1021,25,117,1,1.0,0.008547,0.016949,0.0,,,2.9239
"D=1.5, white",D15_white,Pettitt,1021,50,117,1,1.0,0.008547,0.016949,0.0,,,2.9239
"D=1.5, white",D15_white,Pettitt,1021,100,117,1,1.0,0.008547,0.016949,0.0,,,2.9239
"D=1.5, white",D15_white,Pettitt,1022,25,124,1,1.0,0.008065,0.016,3.0,,,3.0425
"D=1.5, white",D15_white,Pettitt,1022,50,124,1,1.0,0.008065,0.016,3.0,,,3.0425
"D=1.5, white",D15_white,Pettitt,1022,100,124,1,1.0,0.008065,0.016,3.0,,,3.0425
"D=1.5, white",D15_white,Pettitt,1023,25,115,1,1.0,0.008696,0.017241,0.0,,,2.921
"D=1.5, white",D15_white,Pettitt,1023,50,115,1,1.0,0.008696,0.017241,0.0,,,2.921
"D=1.5, white",D15_white,Pettitt,1023,100,115,1,1.0,0.008696,0.017241,0.0,,,2.921
"D=1.5, white",D15_white,Pettitt,1024,25,101,1,1.0,0.009901,0.019608,3.0,,,2.92
"D=1.5, white",D15_white,Pettitt,1024,50,101,1,1.0,0.009901,0.019608,3.0,,,2.92
"D=1.5, white",D15_white,Pettitt,1024,100,101,1,1.0,0.009901,0.019608,3.0,,,2.92
"D=1.5, white",D15_white,Pettitt,1025,25,103,1,1.0,0.009709,0.019231,1.0,,,2.9256
"D=1.5, white",D15_white,Pettitt,1025,50,103,1,1.0,0.009709,0.019231,1.0,,,2.9256
"D=1.5, white",D15_white,Pettitt,1025,100,103,1,1.0,0.009709,0.019231,1.0,,,2.9256
"D=1.5, white",D15_white,Pettitt,1026,25,100,1,1.0,0.01,0.019802,9.0,,,3.0029
"D=1.5, white",D15_white,Pettitt,1026,50,100,1,1.0,0.01,0.019802,9.0,,,3.0029
"D=1.5, white",D15_white,Pettitt,1026,100,100,1,1.0,0.01,0.019802,9.0,,,3.0029
"D=1.5, white",D15_white,Pettitt,1027,25,106,1,1.0,0.009434,0.018692,1.0,,,3.0574
"D=1.5, white",D15_white,Pettitt,1027,50,106,1,1.0,0.009434,0.018692,1.0,,,3.0574
"D=1.5, white",D15_white,Pettitt,1027,100,106,1,1.0,0.009434,0.018692,1.0,,,3.0574
"D=1.5, white",D15_white,Pettitt,1028,25,122,1,1.0,0.008197,0.01626,0.0,,,2.9711
"D=1.5, white",D15_white,Pettitt,1028,50,122,1,1.0,0.008197,0.01626,0.0,,,2.9711
"D=1.5, white",D15_white,Pettitt,1028,100,122,1,1.0,0.008197,0.01626,0.0,,,2.9711
"D=1.5, white",D15_white,Pettitt,1029,25,111,1,1.0,0.009009,0.017857,2.0,,,2.9509
"D=1.5, white",D15_white,Pettitt,1029,50,111,1,1.0,0.009009,0.017857,2.0,,,2.9509
"D=1.5, white",D15_white,Pettitt,1029,100,111,1,1.0,0.009009,0.017857,2.0,,,2.9509
"D=1.5, white",D15_white,Pettitt,1030,25,127,1,1.0,0.007874,0.015625,0.0,,,2.9274
"D=1.5, white",D15_white,Pettitt,1030,50,127,1,1.0,0.007874,0.015625,0.0,,,2.9274
"D=1.5, white",D15_white,Pettitt,1030,100,127,1,1.0,0.007874,0.015625,0.0,,,2.9274
"D=1.5, white",D15_white,Pettitt,1031,25,154,1,1.0,0.006494,0.012903,0.0,,,2.937
"D=1.5, white",D15_white,Pettitt,1031,50,154,1,1.0,0.006494,0.012903,0.0,,,2.937
"D=1.5, white",D15_white,Pettitt,1031,100,154,1,1.0,0.006494,0.012903,0.0,,,2.937
"D=1.5, white",D15_white,Pettitt,1032,25,112,1,1.0,0.008929,0.017699,0.0,,,2.9435
"D=1.5, white",D15_white,Pettitt,1032,50,112,1,1.0,0.008929,0.017699,0.0,,,2.9435
"D=1.5, white",D15_white,Pettitt,1032,100,112,1,1.0,0.008929,0.017699,0.0,,,2.9435
"D=1.5, white",D15_white,Pettitt,1033,25,101,1,1.0,0.009901,0.019608,2.0,,,2.9142
"D=1.5, white",D15_white,Pettitt,1033,50,101,1,1.0,0.009901,0.019608,2.0,,,2.9142
"D=1.5, white",D15_white,Pettitt,1033,100,101,1,1.0,0.009901,0.019608,2.0,,,2.9142
"D=1.5, white",D15_white,Pettitt,1034,25,125,1,1.0,0.008,0.015873,6.0,,,2.9085
"D=1.5, white",D15_white,Pettitt,1034,50,125,1,1.0,0.008,0.015873,6.0,,,2.9085
"D=1.5, white",D15_white,Pettitt,1034,100,125,1,1.0,0.008,0.015873,6.0,,,2.9085
"D=1.5, white",D15_white,Pettitt,1035,25,107,1,1.0,0.009346,0.018519,0.0,,,2.9754
"D=1.5, white",D15_white,Pettitt,1035,50,107,1,1.0,0.009346,0.018519,0.0,,,2.9754
"D=1.5, white",D15_white,Pettitt,1035,100,107,1,1.0,0.009346,0.018519,0.0,,,2.9754
"D=1.5, white",D15_white,Pettitt,1036,25,116,1,1.0,0.008621,0.017094,1.0,,,2.9317
"D=1.5, white",D15_white,Pettitt,1036,50,116,1,1.0,0.008621,0.017094,1.0,,,2.9317
"D=1.5, white",D15_white,Pettitt,1036,100,116,1,1.0,0.008621,0.017094,1.0,,,2.9317
"D=1.5, white",D15_white,Pettitt,1037,25,112,1,1.0,0.008929,0.017699,20.0,,,2.9602
"D=1.5, white",D15_white,Pettitt,1037,50,112,1,1.0,0.008929,0.017699,20.0,,,2.9602
"D=1.5, white",D15_white,Pettitt,1037,100,112,1,1.0,0.008929,0.017699,20.0,,,2.9602
"D=1.5, white",D15_white,Pettitt,1038,25,130,1,1.0,0.007692,0.015267,1.0,,,2.9322
"D=1.5, white",D15_white,Pettitt,1038,50,130,1,1.0,0.007692,0.015267,1.0,,,2.9322
"D=1.5, white",D15_white,Pettitt,1038,100,130,1,1.0,0.007692,0.015267,1.0,,,2.9322
"D=1.5, white",D15_white,Pettitt,1039,25,105,1,1.0,0.009524,0.018868,0.0,,,4.609
"D=1.5, white",D15_white,Pettitt,1039,50,105,1,1.0,0.009524,0.018868,0.0,,,4.609
"D=1.5, white",D15_white,Pettitt,1039,100,105,1,1.0,0.009524,0.018868,0.0,,,4.609
"D=1.5, white",D15_white,Pettitt,1040,25,113,1,1.0,0.00885,0.017544,0.0,,,2.987
"D=1.5, white",D15_white,Pettitt,1040,50,113,1,1.0,0.00885,0.017544,0.0,,,2.987
"D=1.5, white",D15_white,Pettitt,1040,100,113,1,1.0,0.00885,0.017544,0.0,,,2.987
"D=1.5, white",D15_white,Pettitt,1041,25,133,1,1.0,0.007519,0.014925,1.0,,,2.9774
"D=1.5, white",D15_white,Pettitt,1041,50,133,1,1.0,0.007519,0.014925,1.0,,,2.9774
"D=1.5, white",D15_white,Pettitt,1041,100,133,1,1.0,0.007519,0.014925,1.0,,,2.9774
"D=1.5, white",D15_white,Pettitt,1042,25,127,1,1.0,0.007874,0.015625,1.0,,,2.9857
"D=1.5, white",D15_white,Pettitt,1042,50,127,1,1.0,0.007874,0.015625,1.0,,,2.9857
"D=1.5, white",D15_white,Pettitt,1042,100,127,1,1.0,0.007874,0.015625,1.0,,,2.9857
"D=1.5, white",D15_white,Pettitt,1043,25,123,1,1.0,0.00813,0.016129,0.0,,,2.9886
"D=1.5, white",D15_white,Pettitt,1043,50,123,1,1.0,0.00813,0.016129,0.0,,,2.9886
"D=1.5, white",D15_white,Pettitt,1043,100,123,1,1.0,0.00813,0.016129,0.0,,,2.9886
"D=1.5, white",D15_white,Pettitt,1044,25,101,1,1.0,0.009901,0.019608,1.0,,,3.0421
"D=1.5, white",D15_white,Pettitt,1044,50,101,1,1.0,0.009901,0.019608,1.0,,,3.0421
"D=1.5, white",D15_white,Pettitt,1044,100,101,1,1.0,0.009901,0.019608,1.0,,,3.0421
"D=1.5, white",D15_white,Pettitt,1045,25,113,1,1.0,0.00885,0.017544,6.0,,,2.9861
"D=1.5, white",D15_white,Pettitt,1045,50,113,1,1.0,0.00885,0.017544,6.0,,,2.9861
"D=1.5, white",D15_white,Pettitt,1045,100,113,1,1.0,0.00885,0.017544,6.0,,,2.9861
"D=1.5, white",D15_white,Pettitt,1046,25,124,1,1.0,0.008065,0.016,0.0,,,2.9935
"D=1.5, white",D15_white,Pettitt,1046,50,124,1,1.0,0.008065,0.016,0.0,,,2.9935
"D=1.5, white",D15_white,Pettitt,1046,100,124,1,1.0,0.008065,0.016,0.0,,,2.9935
"D=1.5, white",D15_white,Pettitt,1047,25,111,1,1.0,0.009009,0.017857,0.0,,,3.1194
"D=1.5, white",D15_white,Pettitt,1047,50,111,1,1.0,0.009009,0.017857,0.0,,,3.1194
"D=1.5, white",D15_white,Pettitt,1047,100,111,1,1.0,0.009009,0.017857,0.0,,,3.1194
"D=1.5, white",D15_white,Pettitt,1048,25,134,1,1.0,0.007463,0.014815,16.0,,,3.0279
"D=1.5, white",D15_white,Pettitt,1048,50,134,1,1.0,0.007463,0.014815,16.0,,,3.0279
"D=1.5, white",D15_white,Pettitt,1048,100,134,1,1.0,0.007463,0.014815,16.0,,,3.0279
"D=1.5, white",D15_white,Pettitt,1049,25,123,1,1.0,0.00813,0.016129,0.0,,,2.9823
"D=1.5, white",D15_white,Pettitt,1049,50,123,1,1.0,0.00813,0.016129,0.0,,,2.9823
"D=1.5, white",D15_white,Pettitt,1049,100,123,1,1.0,0.00813,0.016129,0.0,,,2.9823
